Executing action: all (aliases: build)
Running cmake in directory /Users/mac/ia-hardware/xiaozhi-esp32/build
Executing "cmake -G Ninja -B /Users/mac/ia-hardware/xiaozhi-esp32/build -DPYTHON_DEPS_CHECKED=1 -DPYTHON=/Users/mac/.espressif/python_env/idf6.0_py3.12_env/bin/python -DESP_PLATFORM=1 -DCCACHE_ENABLE=False /Users/mac/ia-hardware/xiaozhi-esp32"...
-- Found Git: /opt/homebrew/bin/git (found version "2.50.0")
-- Component directory /Users/mac/esp/esp-idf/components/mqtt does not contain a CMakeLists.txt file. No component will be added
-- Minimal build - ON
-- The C compiler identification is GNU 15.2.0
-- The CXX compiler identification is GNU 15.2.0
-- The ASM compiler identification is GNU
-- Found assembler: /Users/mac/.espressif/tools/xtensa-esp-elf/esp-15.2.0_20251204/xtensa-esp-elf/bin/xtensa-esp32s3-elf-gcc
-- Detecting C compiler ABI info
-- Detecting C compiler ABI info - done
-- Check for working C compiler: /Users/mac/.espressif/tools/xtensa-esp-elf/esp-15.2.0_20251204/xtensa-esp-elf/bin/xtensa-esp32s3-elf-gcc - skipped
-- Detecting C compile features
-- Detecting C compile features - done
-- Detecting CXX compiler ABI info
-- Detecting CXX compiler ABI info - done
-- Check for working CXX compiler: /Users/mac/.espressif/tools/xtensa-esp-elf/esp-15.2.0_20251204/xtensa-esp-elf/bin/xtensa-esp32s3-elf-g++ - skipped
-- Detecting CXX compile features
-- Detecting CXX compile features - done
-- Building ESP-IDF components for target esp32s3
NOTICE: Skipping optional dependency: espressif/esp_h264
NOTICE: Skipping optional dependency: espressif/esp_ipa
NOTICE: Skipping optional dependency: espressif/esp_lcd_jd9365
NOTICE: Skipping optional dependency: waveshare/esp_lcd_hx8394
NOTICE: Skipping optional dependency: waveshare/esp_lcd_st7703
NOTICE: Skipping optional dependency: espressif/esp32_p4_function_ev_board
NOTICE: Skipping optional dependency: espressif/esp_lcd_ili9881c
NOTICE: Skipping optional dependency: espressif/esp_lcd_ek79007
NOTICE: Skipping optional dependency: espressif/esp_hosted
NOTICE: Skipping optional dependency: espressif/esp_wifi_remote
NOTICE: Skipping optional dependency: espfriends/servo_dog_ctrl
NOTICE: Skipping optional dependency: espressif/touch_slider_sensor
NOTICE: Skipping optional dependency: espressif/touch_button_sensor
NOTICE: Processing 72 dependencies:
NOTICE: [1/72] 78/esp-ml307 (3.6.6)
NOTICE: [2/72] 78/esp-wifi-connect (3.2.2)
NOTICE: [3/72] 78/esp_lcd_nv3023 (1.0.1)
NOTICE: [4/72] 78/uart-eth-modem (0.6.0)
NOTICE: [5/72] 78/uart-uhci (0.3.2)
NOTICE: [6/72] 78/xiaozhi-fonts (2.0.0)
NOTICE: [7/72] esphome/esp-hub75 (0.3.6)
NOTICE: [8/72] espressif/adc_battery_estimation (0.2.2)
NOTICE: [9/72] espressif/bmi270_sensor (0.1.2)
NOTICE: [10/72] espressif/bq27220 (0.1.1)
NOTICE: [11/72] espressif/button (4.2.0)
NOTICE: [12/72] espressif/cjson (1.7.19~2)
NOTICE: [13/72] espressif/cmake_utilities (0.5.0)
NOTICE: [14/72] espressif/dl_fft (0.6.0)
NOTICE: [15/72] espressif/esp-dsp (1.8.0)
NOTICE: [16/72] espressif/esp-sr (2.4.7)
NOTICE: [17/72] espressif/esp32-camera (2.1.7)
NOTICE: [18/72] espressif/esp_audio_codec (2.5.0)
NOTICE: [19/72] espressif/esp_audio_effects (1.3.0~1)
NOTICE: [20/72] espressif/esp_cam_sensor (2.3.0)
NOTICE: [21/72] espressif/esp_codec_dev (1.5.11)
NOTICE: [22/72] espressif/esp_image_effects (1.1.0)
NOTICE: [23/72] espressif/esp_io_expander (1.2.1)
NOTICE: [24/72] espressif/esp_io_expander_tca9554 (2.0.3)
NOTICE: [25/72] espressif/esp_io_expander_tca95xx_16bit (2.0.2)
NOTICE: [26/72] espressif/esp_jpeg (1.3.1)
NOTICE: [27/72] espressif/esp_lcd_axs15231b (2.1.0)
NOTICE: [28/72] espressif/esp_lcd_co5300 (2.1.0)
NOTICE: [29/72] espressif/esp_lcd_gc9a01 (2.0.4)
NOTICE: [30/72] espressif/esp_lcd_ili9341 (2.0.2)
NOTICE: [31/72] espressif/esp_lcd_panel_io_additions (1.0.1~1)
NOTICE: [32/72] espressif/esp_lcd_spd2010 (2.0.0~1)
NOTICE: [33/72] espressif/esp_lcd_st7701 (2.0.2~2)
NOTICE: [34/72] espressif/esp_lcd_st77916 (2.0.2)
NOTICE: [35/72] espressif/esp_lcd_st7796 (1.3.5)
NOTICE: [36/72] espressif/esp_lcd_touch (1.2.1)
NOTICE: [37/72] espressif/esp_lcd_touch_cst816s (1.1.1~2)
NOTICE: [38/72] espressif/esp_lcd_touch_ft5x06 (1.1.0~2)
NOTICE: [39/72] espressif/esp_lcd_touch_gt1151 (1.1.0~2)
NOTICE: [40/72] espressif/esp_lcd_touch_gt911 (1.2.0~3)
NOTICE: [41/72] espressif/esp_lcd_touch_st7123 (1.0.2)
NOTICE: [42/72] espressif/esp_lvgl_port (2.8.0~1)
NOTICE: [43/72] espressif/esp_mmap_assets (1.4.0)
NOTICE: [44/72] espressif/esp_new_jpeg (0.6.1)
NOTICE: [45/72] espressif/esp_sccb_intf (0.0.8)
NOTICE: [46/72] espressif/esp_video (2.3.0)
NOTICE: [47/72] espressif/freetype (2.14.2)
NOTICE: [48/72] espressif/gmf_fft (1.0.0)
NOTICE: [49/72] espressif/i2c_bus (1.4.2)
NOTICE: [50/72] espressif/iot_eth (0.1.0)
NOTICE: [51/72] espressif/iot_usbh_cdc (3.1.0)
NOTICE: [52/72] espressif/iot_usbh_rndis (0.3.1)
NOTICE: [53/72] espressif/knob (1.1.0)
NOTICE: [54/72] espressif/led_strip (3.0.3)
NOTICE: [55/72] espressif/mqtt (1.0.0)
NOTICE: [56/72] espressif/usb (1.5.0)
NOTICE: [57/72] espressif/usb_host_uvc (2.5.1)
NOTICE: [58/72] espressif2022/esp_emote_assets (0.1.2)
NOTICE: [59/72] espressif2022/esp_emote_expression (1.0.2)
NOTICE: [60/72] espressif2022/esp_emote_gfx (3.0.1)
NOTICE: [61/72] espressif2022/image_player (1.1.1)
NOTICE: [62/72] laride/heatshrink (0.4.1)
NOTICE: [63/72] lvgl/lvgl (9.5.0)
NOTICE: [64/72] m5stack/m5ioe1 (1.0.9)
NOTICE: [65/72] m5stack/m5pm1 (1.0.7)
NOTICE: [66/72] tny-robotics/sh1106-esp-idf (1.0.1)
NOTICE: [67/72] txp666/otto-emoji-gif-component (1.3.0)
NOTICE: [68/72] waveshare/custom_io_expander_ch32v003 (2.0.0)
NOTICE: [69/72] waveshare/esp_lcd_sh8601 (1.0.2)
NOTICE: [70/72] waveshare/esp_lcd_touch_cst9217 (1.0.4)
NOTICE: [71/72] wvirgil123/sscma_client (1.0.3)
NOTICE: [72/72] idf (6.0.2)
-- CONFIG_ESP32P4_SELECTS_REV_LESS_V3 is 
-- IDF_VERSION_MAJOR is 6
-- IDF_VERSION_MINOR is 0
-- IDF_VERSION_PATCH is 2
-- TARGET_LIB_PATH is set to: esp32s3
-- Using esp_driver_i2c (SRC_FILE=i2c_bus_v2.c, REQ=esp_driver_i2c driver)
-- ESP-TEE is currently supported only on the esp32c6;esp32h2;esp32c5;esp32c61 SoCs
NOTICE: Skipping optional dependency: espressif/esp_lcd_jd9365
NOTICE: Skipping optional dependency: waveshare/esp_lcd_hx8394
NOTICE: Skipping optional dependency: waveshare/esp_lcd_st7703
NOTICE: Skipping optional dependency: espressif/esp32_p4_function_ev_board
NOTICE: Skipping optional dependency: espressif/esp_lcd_ili9881c
NOTICE: Skipping optional dependency: espressif/esp_lcd_ek79007
NOTICE: Skipping optional dependency: espressif/esp_hosted
NOTICE: Skipping optional dependency: espressif/esp_wifi_remote
NOTICE: Skipping optional dependency: espfriends/servo_dog_ctrl
NOTICE: Skipping optional dependency: espressif/touch_slider_sensor
NOTICE: Skipping optional dependency: espressif/touch_button_sensor
NOTICE: Skipping optional dependency: espressif/esp_h264
NOTICE: Skipping optional dependency: espressif/esp_ipa
-- KCONFIG_REPORT_VERBOSITY not set, using default
-- Project sdkconfig file /Users/mac/ia-hardware/xiaozhi-esp32/sdkconfig
NOTE: /Users/mac/ia-hardware/xiaozhi-esp32/managed_components/espressif__esp-sr/Kconfig.projbuild:58: SR_WN_WN9S_HILEXIN: 'default False' is not a valid bool value (only 'y' and 'n' are allowed). Value is treated as 'n'.
NOTE: /Users/mac/ia-hardware/xiaozhi-esp32/managed_components/espressif__esp-sr/Kconfig.projbuild:62: SR_WN_WN9S_HIESP: 'default False' is not a valid bool value (only 'y' and 'n' are allowed). Value is treated as 'n'.
NOTE: /Users/mac/ia-hardware/xiaozhi-esp32/managed_components/espressif__esp-sr/Kconfig.projbuild:66: SR_WN_WN9S_NIHAOXIAOZHI: 'default False' is not a valid bool value (only 'y' and 'n' are allowed). Value is treated as 'n'.
NOTE: /Users/mac/ia-hardware/xiaozhi-esp32/managed_components/espressif__esp-sr/Kconfig.projbuild:70: SR_WN_WN9S_HIJASON: 'default False' is not a valid bool value (only 'y' and 'n' are allowed). Value is treated as 'n'.
NOTE: /Users/mac/ia-hardware/xiaozhi-esp32/managed_components/espressif__esp-sr/Kconfig.projbuild:79: SR_WN_WN9_HILEXIN: 'default False' is not a valid bool value (only 'y' and 'n' are allowed). Value is treated as 'n'.
NOTE: /Users/mac/ia-hardware/xiaozhi-esp32/managed_components/espressif__esp-sr/Kconfig.projbuild:83: SR_WN_WN9_HIESP: 'default False' is not a valid bool value (only 'y' and 'n' are allowed). Value is treated as 'n'.
NOTE: /Users/mac/ia-hardware/xiaozhi-esp32/managed_components/espressif__esp-sr/Kconfig.projbuild:87: SR_WN_WN9L_JA_KONNICHIHAESP_TTS3: 'default False' is not a valid bool value (only 'y' and 'n' are allowed). Value is treated as 'n'.
NOTE: /Users/mac/ia-hardware/xiaozhi-esp32/managed_components/espressif__esp-sr/Kconfig.projbuild:91: SR_WN_WN9L_FR_BONJOURESP_TTS3: 'default False' is not a valid bool value (only 'y' and 'n' are allowed). Value is treated as 'n'.
NOTE: /Users/mac/ia-hardware/xiaozhi-esp32/managed_components/espressif__esp-sr/Kconfig.projbuild:95: SR_WN_WN9_NIHAOMIAOBAN_TTS2: 'default False' is not a valid bool value (only 'y' and 'n' are allowed). Value is treated as 'n'.
NOTE: /Users/mac/ia-hardware/xiaozhi-esp32/managed_components/espressif__esp-sr/Kconfig.projbuild:99: SR_WN_WN9_XIAOAITONGXUE: 'default False' is not a valid bool value (only 'y' and 'n' are allowed). Value is treated as 'n'.
NOTE: /Users/mac/ia-hardware/xiaozhi-esp32/managed_components/espressif__esp-sr/Kconfig.projbuild:103: SR_WN_WN9L_XIAOAITONGXUE: 'default False' is not a valid bool value (only 'y' and 'n' are allowed). Value is treated as 'n'.
NOTE: /Users/mac/ia-hardware/xiaozhi-esp32/managed_components/espressif__esp-sr/Kconfig.projbuild:107: SR_WN_WN9_NIHAOXIAOZHI_TTS: 'default False' is not a valid bool value (only 'y' and 'n' are allowed). Value is treated as 'n'.
NOTE: /Users/mac/ia-hardware/xiaozhi-esp32/managed_components/espressif__esp-sr/Kconfig.projbuild:111: SR_WN_WN9L_NIHAOXIAOZHI_TTS3: 'default False' is not a valid bool value (only 'y' and 'n' are allowed). Value is treated as 'n'.
NOTE: /Users/mac/ia-hardware/xiaozhi-esp32/managed_components/espressif__esp-sr/Kconfig.projbuild:115: SR_WN_WN9_ALEXA: 'default False' is not a valid bool value (only 'y' and 'n' are allowed). Value is treated as 'n'.
NOTE: /Users/mac/ia-hardware/xiaozhi-esp32/managed_components/espressif__esp-sr/Kconfig.projbuild:119: SR_WN_WN9_JARVIS_TTS: 'default False' is not a valid bool value (only 'y' and 'n' are allowed). Value is treated as 'n'.
NOTE: /Users/mac/ia-hardware/xiaozhi-esp32/managed_components/espressif__esp-sr/Kconfig.projbuild:123: SR_WN_WN9_COMPUTER_TTS: 'default False' is not a valid bool value (only 'y' and 'n' are allowed). Value is treated as 'n'.
NOTE: /Users/mac/ia-hardware/xiaozhi-esp32/managed_components/espressif__esp-sr/Kconfig.projbuild:127: SR_WN_WN9_HEYWILLOW_TTS: 'default False' is not a valid bool value (only 'y' and 'n' are allowed). Value is treated as 'n'.
NOTE: /Users/mac/ia-hardware/xiaozhi-esp32/managed_components/espressif__esp-sr/Kconfig.projbuild:131: SR_WN_WN9_HIMFIVE: 'default False' is not a valid bool value (only 'y' and 'n' are allowed). Value is treated as 'n'.
NOTE: /Users/mac/ia-hardware/xiaozhi-esp32/managed_components/espressif__esp-sr/Kconfig.projbuild:135: SR_WN_WN9_SOPHIA_TTS: 'default False' is not a valid bool value (only 'y' and 'n' are allowed). Value is treated as 'n'.
NOTE: /Users/mac/ia-hardware/xiaozhi-esp32/managed_components/espressif__esp-sr/Kconfig.projbuild:139: SR_WN_WN9_HEYWANDA_TTS: 'default False' is not a valid bool value (only 'y' and 'n' are allowed). Value is treated as 'n'.
NOTE: /Users/mac/ia-hardware/xiaozhi-esp32/managed_components/espressif__esp-sr/Kconfig.projbuild:143: SR_WN_WN9_HIJOLLY_TTS2: 'default False' is not a valid bool value (only 'y' and 'n' are allowed). Value is treated as 'n'.
NOTE: /Users/mac/ia-hardware/xiaozhi-esp32/managed_components/espressif__esp-sr/Kconfig.projbuild:147: SR_WN_WN9_HIFAIRY_TTS2: 'default False' is not a valid bool value (only 'y' and 'n' are allowed). Value is treated as 'n'.
NOTE: /Users/mac/ia-hardware/xiaozhi-esp32/managed_components/espressif__esp-sr/Kconfig.projbuild:151: SR_WN_WN9_HEYPRINTER_TTS: 'default False' is not a valid bool value (only 'y' and 'n' are allowed). Value is treated as 'n'.
NOTE: /Users/mac/ia-hardware/xiaozhi-esp32/managed_components/espressif__esp-sr/Kconfig.projbuild:155: SR_WN_WN9_MYCROFT_TTS: 'default False' is not a valid bool value (only 'y' and 'n' are allowed). Value is treated as 'n'.
NOTE: /Users/mac/ia-hardware/xiaozhi-esp32/managed_components/espressif__esp-sr/Kconfig.projbuild:159: SR_WN_WN9_HIJOY_TTS: 'default False' is not a valid bool value (only 'y' and 'n' are allowed). Value is treated as 'n'.
NOTE: /Users/mac/ia-hardware/xiaozhi-esp32/managed_components/espressif__esp-sr/Kconfig.projbuild:163: SR_WN_WN9_HIJASON_TTS2: 'default False' is not a valid bool value (only 'y' and 'n' are allowed). Value is treated as 'n'.
NOTE: /Users/mac/ia-hardware/xiaozhi-esp32/managed_components/espressif__esp-sr/Kconfig.projbuild:167: SR_WN_WN9_ASTROLABE_TTS: 'default False' is not a valid bool value (only 'y' and 'n' are allowed). Value is treated as 'n'.
NOTE: /Users/mac/ia-hardware/xiaozhi-esp32/managed_components/espressif__esp-sr/Kconfig.projbuild:171: SR_WN_WN9_HEYILY_TTS2: 'default False' is not a valid bool value (only 'y' and 'n' are allowed). Value is treated as 'n'.
NOTE: /Users/mac/ia-hardware/xiaozhi-esp32/managed_components/espressif__esp-sr/Kconfig.projbuild:175: SR_WN_WN9_BLUECHIP_TTS2: 'default False' is not a valid bool value (only 'y' and 'n' are allowed). Value is treated as 'n'.
NOTE: /Users/mac/ia-hardware/xiaozhi-esp32/managed_components/espressif__esp-sr/Kconfig.projbuild:179: SR_WN_WN9_HIANDY_TTS2: 'default False' is not a valid bool value (only 'y' and 'n' are allowed). Value is treated as 'n'.
NOTE: /Users/mac/ia-hardware/xiaozhi-esp32/managed_components/espressif__esp-sr/Kconfig.projbuild:183: SR_WN_WN9_HEYIVY_TTS2: 'default False' is not a valid bool value (only 'y' and 'n' are allowed). Value is treated as 'n'.
NOTE: /Users/mac/ia-hardware/xiaozhi-esp32/managed_components/espressif__esp-sr/Kconfig.projbuild:187: SR_WN_WN9L_HISTACKCHAN_TTS3: 'default False' is not a valid bool value (only 'y' and 'n' are allowed). Value is treated as 'n'.
NOTE: /Users/mac/ia-hardware/xiaozhi-esp32/managed_components/espressif__esp-sr/Kconfig.projbuild:191: SR_WN_WN9_HEYKIRA_TTS3: 'default False' is not a valid bool value (only 'y' and 'n' are allowed). Value is treated as 'n'.
NOTE: /Users/mac/ia-hardware/xiaozhi-esp32/managed_components/espressif__esp-sr/Kconfig.projbuild:195: SR_WN_WN9L_HEYGIGI_TTS3: 'default False' is not a valid bool value (only 'y' and 'n' are allowed). Value is treated as 'n'.
NOTE: /Users/mac/ia-hardware/xiaozhi-esp32/managed_components/espressif__esp-sr/Kconfig.projbuild:199: SR_WN_WN9_XIAOLONGXIAOLONG_TTS: 'default False' is not a valid bool value (only 'y' and 'n' are allowed). Value is treated as 'n'.
NOTE: /Users/mac/ia-hardware/xiaozhi-esp32/managed_components/espressif__esp-sr/Kconfig.projbuild:203: SR_WN_WN9_HIMIAOMIAO_TTS: 'default False' is not a valid bool value (only 'y' and 'n' are allowed). Value is treated as 'n'.
NOTE: /Users/mac/ia-hardware/xiaozhi-esp32/managed_components/espressif__esp-sr/Kconfig.projbuild:207: SR_WN_WN9_MIAOMIAOTONGXUE_TTS: 'default False' is not a valid bool value (only 'y' and 'n' are allowed). Value is treated as 'n'.
NOTE: /Users/mac/ia-hardware/xiaozhi-esp32/managed_components/espressif__esp-sr/Kconfig.projbuild:211: SR_WN_WN9_NIHAOXIAOXIN_TTS: 'default False' is not a valid bool value (only 'y' and 'n' are allowed). Value is treated as 'n'.
NOTE: /Users/mac/ia-hardware/xiaozhi-esp32/managed_components/espressif__esp-sr/Kconfig.projbuild:215: SR_WN_WN9_XIAOMEITONGXUE_TTS: 'default False' is not a valid bool value (only 'y' and 'n' are allowed). Value is treated as 'n'.
NOTE: /Users/mac/ia-hardware/xiaozhi-esp32/managed_components/espressif__esp-sr/Kconfig.projbuild:219: SR_WN_WN9_HILILI_TTS: 'default False' is not a valid bool value (only 'y' and 'n' are allowed). Value is treated as 'n'.
NOTE: /Users/mac/ia-hardware/xiaozhi-esp32/managed_components/espressif__esp-sr/Kconfig.projbuild:223: SR_WN_WN9_HITELLY_TTS: 'default False' is not a valid bool value (only 'y' and 'n' are allowed). Value is treated as 'n'.
NOTE: /Users/mac/ia-hardware/xiaozhi-esp32/managed_components/espressif__esp-sr/Kconfig.projbuild:227: SR_WN_WN9_XIAOBINXIAOBIN_TTS: 'default False' is not a valid bool value (only 'y' and 'n' are allowed). Value is treated as 'n'.
NOTE: /Users/mac/ia-hardware/xiaozhi-esp32/managed_components/espressif__esp-sr/Kconfig.projbuild:231: SR_WN_WN9_HAIXIAOWU_TTS: 'default False' is not a valid bool value (only 'y' and 'n' are allowed). Value is treated as 'n'.
NOTE: /Users/mac/ia-hardware/xiaozhi-esp32/managed_components/espressif__esp-sr/Kconfig.projbuild:235: SR_WN_WN9_XIAOYAXIAOYA_TTS2: 'default False' is not a valid bool value (only 'y' and 'n' are allowed). Value is treated as 'n'.
NOTE: /Users/mac/ia-hardware/xiaozhi-esp32/managed_components/espressif__esp-sr/Kconfig.projbuild:239: SR_WN_WN9_LINAIBAN_TTS2: 'default False' is not a valid bool value (only 'y' and 'n' are allowed). Value is treated as 'n'.
NOTE: /Users/mac/ia-hardware/xiaozhi-esp32/managed_components/espressif__esp-sr/Kconfig.projbuild:243: SR_WN_WN9_XIAOSUROU_TTS2: 'default False' is not a valid bool value (only 'y' and 'n' are allowed). Value is treated as 'n'.
NOTE: /Users/mac/ia-hardware/xiaozhi-esp32/managed_components/espressif__esp-sr/Kconfig.projbuild:247: SR_WN_WN9_XIAOYUTONGXUE_TTS2: 'default False' is not a valid bool value (only 'y' and 'n' are allowed). Value is treated as 'n'.
NOTE: /Users/mac/ia-hardware/xiaozhi-esp32/managed_components/espressif__esp-sr/Kconfig.projbuild:251: SR_WN_WN9_XIAOMINGTONGXUE_TTS2: 'default False' is not a valid bool value (only 'y' and 'n' are allowed). Value is treated as 'n'.
NOTE: /Users/mac/ia-hardware/xiaozhi-esp32/managed_components/espressif__esp-sr/Kconfig.projbuild:255: SR_WN_WN9_XIAOKANGTONGXUE_TTS2: 'default False' is not a valid bool value (only 'y' and 'n' are allowed). Value is treated as 'n'.
NOTE: /Users/mac/ia-hardware/xiaozhi-esp32/managed_components/espressif__esp-sr/Kconfig.projbuild:259: SR_WN_WN9_XIAOJIANXIAOJIAN_TTS2: 'default False' is not a valid bool value (only 'y' and 'n' are allowed). Value is treated as 'n'.
NOTE: /Users/mac/ia-hardware/xiaozhi-esp32/managed_components/espressif__esp-sr/Kconfig.projbuild:263: SR_WN_WN9_XIAOTEXIAOTE_TTS2: 'default False' is not a valid bool value (only 'y' and 'n' are allowed). Value is treated as 'n'.
NOTE: /Users/mac/ia-hardware/xiaozhi-esp32/managed_components/espressif__esp-sr/Kconfig.projbuild:267: SR_WN_WN9_NIHAOXIAOYI_TTS2: 'default False' is not a valid bool value (only 'y' and 'n' are allowed). Value is treated as 'n'.
NOTE: /Users/mac/ia-hardware/xiaozhi-esp32/managed_components/espressif__esp-sr/Kconfig.projbuild:271: SR_WN_WN9_NIHAOBAIYING_TTS2: 'default False' is not a valid bool value (only 'y' and 'n' are allowed). Value is treated as 'n'.
NOTE: /Users/mac/ia-hardware/xiaozhi-esp32/managed_components/espressif__esp-sr/Kconfig.projbuild:275: SR_WN_WN9_NIHAODONGDONG_TTS2: 'default False' is not a valid bool value (only 'y' and 'n' are allowed). Value is treated as 'n'.
NOTE: /Users/mac/ia-hardware/xiaozhi-esp32/managed_components/espressif__esp-sr/Kconfig.projbuild:279: SR_WN_WN9_HIWALLE_TTS2: 'default False' is not a valid bool value (only 'y' and 'n' are allowed). Value is treated as 'n'.
NOTE: /Users/mac/ia-hardware/xiaozhi-esp32/managed_components/espressif__esp-sr/Kconfig.projbuild:283: SR_WN_WN9_XIAOLUXIAOLU_TTS2: 'default False' is not a valid bool value (only 'y' and 'n' are allowed). Value is treated as 'n'.
NOTE: /Users/mac/ia-hardware/xiaozhi-esp32/managed_components/espressif__esp-sr/Kconfig.projbuild:287: SR_WN_WN9_NIHAOXIAOAN_TTS2: 'default False' is not a valid bool value (only 'y' and 'n' are allowed). Value is treated as 'n'.
NOTE: /Users/mac/ia-hardware/xiaozhi-esp32/managed_components/espressif__esp-sr/Kconfig.projbuild:291: SR_WN_WN9_NI3HAO3XIAO3MAI4_TTS2: 'default False' is not a valid bool value (only 'y' and 'n' are allowed). Value is treated as 'n'.
NOTE: /Users/mac/ia-hardware/xiaozhi-esp32/managed_components/espressif__esp-sr/Kconfig.projbuild:295: SR_WN_WN9_NI3HAO3XIAO3RUI4_TTS3: 'default False' is not a valid bool value (only 'y' and 'n' are allowed). Value is treated as 'n'.
NOTE: /Users/mac/ia-hardware/xiaozhi-esp32/managed_components/espressif__esp-sr/Kconfig.projbuild:299: SR_WN_WN9_HAI1XIAO3OU1_TTS3: 'default False' is not a valid bool value (only 'y' and 'n' are allowed). Value is treated as 'n'.
NOTE: /Users/mac/ia-hardware/xiaozhi-esp32/managed_components/espressif__esp-sr/Kconfig.projbuild:303: SR_WN_WN9_XIAO3JIA1XIAO3JIA1_TTS3: 'default False' is not a valid bool value (only 'y' and 'n' are allowed). Value is treated as 'n'.
NOTE: /Users/mac/ia-hardware/xiaozhi-esp32/managed_components/espressif__esp-sr/Kconfig.projbuild:307: SR_WN_WN9_XIAO3FENG1XIAO3FENG1_TTS3: 'default False' is not a valid bool value (only 'y' and 'n' are allowed). Value is treated as 'n'.
NOTE: /Users/mac/ia-hardware/xiaozhi-esp32/managed_components/espressif__esp-sr/Kconfig.projbuild:311: SR_WN_WN9_HAI1XIAO3XIANG4_TTS3: 'default False' is not a valid bool value (only 'y' and 'n' are allowed). Value is treated as 'n'.
NOTE: /Users/mac/ia-hardware/xiaozhi-esp32/managed_components/espressif__esp-sr/Kconfig.projbuild:315: SR_WN_WN9L_NI3HAO3XING1BAO3_TTS3: 'default False' is not a valid bool value (only 'y' and 'n' are allowed). Value is treated as 'n'.
NOTE: /Users/mac/esp/esp-idf/components/bt/host/nimble/Kconfig.in:1421: BT_NIMBLE_MESH_PROVISIONER: 'default 0' is not a valid bool value (only 'y' and 'n' are allowed). Value is treated as 'n'.
NOTE: /Users/mac/esp/esp-idf/components/fatfs/Kconfig:230: FATFS_PRINT_LLI: 'default 0' is not a valid bool value (only 'y' and 'n' are allowed). Value is treated as 'n'.
NOTE: /Users/mac/esp/esp-idf/components/fatfs/Kconfig:235: FATFS_PRINT_FLOAT: 'default 0' is not a valid bool value (only 'y' and 'n' are allowed). Value is treated as 'n'.
NOTE: /Users/mac/esp/esp-idf/components/bt/sdkconfig.rename.esp32s3:4: duplicate rename mapping for CONFIG_BT_NIMBLE_COEX_PHY_CODED_TX_RX_TLIM_EN: previous target CONFIG_BT_LE_COEX_PHY_CODED_TX_RX_TLIM_EN, new target CONFIG_BT_CTRL_COEX_PHY_CODED_TX_RX_TLIM_EN - last mapping is used
NOTE: /Users/mac/esp/esp-idf/components/bt/sdkconfig.rename.esp32s3:5: duplicate rename mapping for CONFIG_BT_NIMBLE_COEX_PHY_CODED_TX_RX_TLIM_DIS: previous target CONFIG_BT_LE_COEX_PHY_CODED_TX_RX_TLIM_DIS, new target CONFIG_BT_CTRL_COEX_PHY_CODED_TX_RX_TLIM_DIS - last mapping is used
Loading defaults file /Users/mac/ia-hardware/xiaozhi-esp32/sdkconfig.defaults...
NOTE: /var/folders/jl/g116w6gd40x1xdst83p9trnh0000gn/T/kconfgen_tmpsf8dc1xp:32: CONFIG_NEWLIB_NANO_FORMAT was replaced with CONFIG_LIBC_NEWLIB_NANO_FORMAT
NOTE: /Users/mac/ia-hardware/xiaozhi-esp32/main/Kconfig.projbuild:775: Trying to set symbol USE_DEFAULT_MESSAGE_STYLE to n, but it is currently selected by choice DISPLAY_STYLE. For setting it to n, set another choice symbol to y instead.
Loading defaults file /Users/mac/ia-hardware/xiaozhi-esp32/sdkconfig.defaults.esp32s3...
Loading defaults file /Users/mac/ia-hardware/xiaozhi-esp32/sdkconfig.charli...
NOTE: /Users/mac/ia-hardware/xiaozhi-esp32/main/Kconfig.projbuild:775: Trying to set symbol USE_DEFAULT_MESSAGE_STYLE to n, but it is currently selected by choice DISPLAY_STYLE. For setting it to n, set another choice symbol to y instead.
NOTE: Kconfig parser version: 1
NOTE: Kconfig defaults policy: use sdkconfig
NOTE: Status: Finished with notifications
NOTE: /Users/mac/esp/esp-idf/components/esp_libc/Kconfig:106: LIBC_NEWLIB_NANO_FORMAT has user-set value y from /var/folders/jl/g116w6gd40x1xdst83p9trnh0000gn/T/kconfgen_tmpsf8dc1xp but is not visible (disabled dependency)
NOTE: /Users/mac/ia-hardware/xiaozhi-esp32/managed_components/lvgl__lvgl/Kconfig:1229: LV_USE_CALENDAR_HEADER_ARROW has user-set value n from /var/folders/jl/g116w6gd40x1xdst83p9trnh0000gn/T/kconfgen_tmpsf8dc1xp but is not visible (disabled dependency)
NOTE: /Users/mac/ia-hardware/xiaozhi-esp32/managed_components/lvgl__lvgl/Kconfig:1233: LV_USE_CALENDAR_HEADER_DROPDOWN has user-set value n from /var/folders/jl/g116w6gd40x1xdst83p9trnh0000gn/T/kconfgen_tmpsf8dc1xp but is not visible (disabled dependency)
HINT: Disabled symbols/choices are not written into sdkconfig file. Setting their user value has no effect.
-- Compiler supported targets: xtensa-esp-elf
-- Detecting C compiler ABI info
-- Detecting C compiler ABI info - done
-- Detecting CXX compiler ABI info
-- Detecting CXX compiler ABI info - done
-- Detecting C compiler ABI info
-- Detecting C compiler ABI info - done
-- Detecting CXX compiler ABI info
-- Detecting CXX compiler ABI info - done
-- App "xiaozhi" version: 2.4.0
-- Found Python3: /Users/mac/.espressif/python_env/idf6.0_py3.12_env/bin/python (found version "3.12.2") found components: Interpreter
-- Performing Test CMAKE_HAVE_LIBC_PTHREAD
-- Performing Test CMAKE_HAVE_LIBC_PTHREAD - Success
-- Found Threads: TRUE
-- Performing Test C_COMPILER_SUPPORTS_WFORMAT_SIGNEDNESS
-- Performing Test C_COMPILER_SUPPORTS_WFORMAT_SIGNEDNESS - Success
-- Setting up mbedtls configuration
-- Linkage type is PUBLIC
-- Adding linker script /Users/mac/esp/esp-idf/components/esp_hal_wdt/esp32s3/rom.wdt.ld
-- Adding linker script /Users/mac/esp/esp-idf/components/esp_system/ld/esp32s3/memory.ld.in
--   -> Preprocessing .in script: /Users/mac/esp/esp-idf/components/esp_system/ld/esp32s3/memory.ld.in
-- Adding linker script /Users/mac/esp/esp-idf/components/esp_system/ld/esp32s3/sections.ld.in
--   -> Preprocessing .in script: /Users/mac/esp/esp-idf/components/esp_system/ld/esp32s3/sections.ld.in
--   -> Applying ldgen processing: /Users/mac/ia-hardware/xiaozhi-esp32/build/esp-idf/esp_system/ld/sections.ld.in
-- Adding linker script /Users/mac/esp/esp-idf/components/esp_rom/esp32s3/ld/esp32s3.rom.ld
-- Adding linker script /Users/mac/esp/esp-idf/components/esp_rom/esp32s3/ld/esp32s3.rom.api.ld
-- Adding linker script /Users/mac/esp/esp-idf/components/esp_rom/esp32s3/ld/esp32s3.rom.bt_funcs.ld
-- Adding linker script /Users/mac/esp/esp-idf/components/esp_rom/esp32s3/ld/esp32s3.rom.libgcc.ld
-- Adding linker script /Users/mac/esp/esp-idf/components/esp_rom/esp32s3/ld/esp32s3.rom.version.ld
-- Adding linker script /Users/mac/esp/esp-idf/components/esp_rom/esp32s3/ld/esp32s3.rom.ble_master.ld
-- Adding linker script /Users/mac/esp/esp-idf/components/esp_rom/esp32s3/ld/esp32s3.rom.ble_50.ld
-- Adding linker script /Users/mac/esp/esp-idf/components/esp_rom/esp32s3/ld/esp32s3.rom.ble_smp.ld
-- Adding linker script /Users/mac/esp/esp-idf/components/esp_rom/esp32s3/ld/esp32s3.rom.ble_dtm.ld
-- Adding linker script /Users/mac/esp/esp-idf/components/esp_rom/esp32s3/ld/esp32s3.rom.ble_test.ld
-- Adding linker script /Users/mac/esp/esp-idf/components/esp_rom/esp32s3/ld/esp32s3.rom.ble_scan.ld
-- Adding linker script /Users/mac/esp/esp-idf/components/esp_rom/esp32s3/ld/esp32s3.rom.libc.ld
-- Adding linker script /Users/mac/esp/esp-idf/components/soc/esp32s3/ld/esp32s3.peripherals.ld
-- Using esp_driver_i2c (SRC_FILE=i2c_bus_v2.c, REQ=esp_driver_i2c driver)
-- I2C_BUS: 1.4.2
78/esp_wifi_connect: IDF_VERSION_MAJOR is 6
78/esp_wifi_connect: idf_component_register for v6 used
-- ESP_LCD_NV3023: 1.0.1
-- IOT_ETH: 0.1.0
-- ADC_BATTERY_ESTIMATION: 0.2.2
-- BUTTON: 4.2.0
-- CONFIG_ESP32P4_SELECTS_REV_LESS_V3 is 
-- IDF_VERSION_MAJOR is 6
-- IDF_VERSION_MINOR is 0
-- IDF_VERSION_PATCH is 2
-- TARGET_LIB_PATH is set to: esp32s3
-- ESP_LCD_AXS15231B: 2.1.0
-- ESP_LCD_CO5300: 2.1.0
-- ESP_LCD_GC9A01: 2.0.4
-- ESP_LCD_ILI9341: 2.0.2
-- ESP_LCD_PANEL_IO_ADDITIONS: 1.0.1
-- ESP_LCD_SPD2010: 2.0.0
-- ESP_LCD_ST7701: 2.0.2
-- ESP_LCD_ST77916: 2.0.2
-- ESP_LCD_ST7796: 1.3.5
-- ESP_LCD_TOUCH_ST7123: 1.0.2
-- LVGL version: 9.5.0
-- ESP_MMAP_ASSETS: 1.4.0
-- ESP_CAM_SENSOR: 2.3.0
-- ESP_VIDEO: 2.3.0
-- IOT_USBH_CDC: 3.1.0
-- IOT_USBH_RNDIS: 0.3.1
-- KNOB: 1.1.0
-- Found PkgConfig: /opt/homebrew/bin/pkg-config (found version "2.5.1")
-- ESP_EMOTE_EXPRESSION: 1.0.2
-- Otto Emoji GIF Component: gifs only at /Users/mac/ia-hardware/xiaozhi-esp32/managed_components/txp666__otto-emoji-gif-component/gifs
-- ESP_LCD_SH8601: 1.0.2
-- Default assets build configured: /Users/mac/ia-hardware/xiaozhi-esp32/build/generated_assets.bin
-- Generated default assets flash configured: /Users/mac/ia-hardware/xiaozhi-esp32/build/generated_assets.bin -> assets partition
-- Component idf::espressif2022__esp_emote_expression will be linked with -Wl,--whole-archive
-- Component idf::main will be linked with -Wl,--whole-archive
-- Components: 78__esp-ml307 78__esp-wifi-connect 78__esp_lcd_nv3023 78__uart-eth-modem 78__uart-uhci 78__xiaozhi-fonts app_update bootloader bootloader_support bt console cxx driver efuse esp-tls esp_adc esp_app_format esp_blockdev esp_bootloader_format esp_coex esp_common esp_driver_bitscrambler esp_driver_cam esp_driver_dma esp_driver_gpio esp_driver_i2c esp_driver_i2s esp_driver_isp esp_driver_jpeg esp_driver_ledc esp_driver_parlio esp_driver_ppa esp_driver_rmt esp_driver_sd_intf esp_driver_sdmmc esp_driver_sdspi esp_driver_spi esp_driver_tsens esp_driver_uart esp_driver_usb_serial_jtag esp_eth esp_event esp_gdbstub esp_hal_ana_conv esp_hal_cam esp_hal_clock esp_hal_dma esp_hal_gpio esp_hal_gpspi esp_hal_i2c esp_hal_i2s esp_hal_jpeg esp_hal_lcd esp_hal_ledc esp_hal_mspi esp_hal_parlio esp_hal_pmu esp_hal_ppa esp_hal_rmt esp_hal_rtc_timer esp_hal_sd esp_hal_security esp_hal_timg esp_hal_touch_sens esp_hal_twai esp_hal_uart esp_hal_usb esp_hal_wdt esp_http_server esp_hw_support esp_lcd esp_libc esp_mm esp_netif esp_netif_stack esp_partition esp_phy esp_pm esp_psram esp_ringbuf esp_rom esp_security esp_stdio esp_system esp_timer esp_usb_cdc_rom_console esp_wifi esphome__esp-hub75 espressif2022__esp_emote_assets espressif2022__esp_emote_expression espressif2022__esp_emote_gfx espressif2022__image_player espressif__adc_battery_estimation espressif__bmi270_sensor espressif__bq27220 espressif__button espressif__cjson espressif__cmake_utilities espressif__dl_fft espressif__esp-dsp espressif__esp-sr espressif__esp32-camera espressif__esp_audio_codec espressif__esp_audio_effects espressif__esp_cam_sensor espressif__esp_codec_dev espressif__esp_image_effects espressif__esp_io_expander espressif__esp_io_expander_tca9554 espressif__esp_io_expander_tca95xx_16bit espressif__esp_jpeg espressif__esp_lcd_axs15231b espressif__esp_lcd_co5300 espressif__esp_lcd_gc9a01 espressif__esp_lcd_ili9341 espressif__esp_lcd_panel_io_additions espressif__esp_lcd_spd2010 espressif__esp_lcd_st7701 espressif__esp_lcd_st77916 espressif__esp_lcd_st7796 espressif__esp_lcd_touch espressif__esp_lcd_touch_cst816s espressif__esp_lcd_touch_ft5x06 espressif__esp_lcd_touch_gt1151 espressif__esp_lcd_touch_gt911 espressif__esp_lcd_touch_st7123 espressif__esp_lvgl_port espressif__esp_mmap_assets espressif__esp_new_jpeg espressif__esp_sccb_intf espressif__esp_video espressif__freetype espressif__gmf_fft espressif__i2c_bus espressif__iot_eth espressif__iot_usbh_cdc espressif__iot_usbh_rndis espressif__knob espressif__led_strip espressif__mqtt espressif__usb espressif__usb_host_uvc esptool_py fatfs freertos hal heap http_parser laride__heatshrink log lvgl__lvgl lwip m5stack__m5ioe1 m5stack__m5pm1 main mbedtls nvs_flash nvs_sec_provider partition_table pthread sdmmc soc spi_flash spiffs tcp_transport tny-robotics__sh1106-esp-idf txp666__otto-emoji-gif-component vfs waveshare__custom_io_expander_ch32v003 waveshare__esp_lcd_sh8601 waveshare__esp_lcd_touch_cst9217 wear_levelling wpa_supplicant wvirgil123__sscma_client xtensa
-- Component paths: /Users/mac/ia-hardware/xiaozhi-esp32/managed_components/78__esp-ml307 /Users/mac/ia-hardware/xiaozhi-esp32/managed_components/78__esp-wifi-connect /Users/mac/ia-hardware/xiaozhi-esp32/managed_components/78__esp_lcd_nv3023 /Users/mac/ia-hardware/xiaozhi-esp32/managed_components/78__uart-eth-modem /Users/mac/ia-hardware/xiaozhi-esp32/managed_components/78__uart-uhci /Users/mac/ia-hardware/xiaozhi-esp32/managed_components/78__xiaozhi-fonts /Users/mac/esp/esp-idf/components/app_update /Users/mac/esp/esp-idf/components/bootloader /Users/mac/esp/esp-idf/components/bootloader_support /Users/mac/esp/esp-idf/components/bt /Users/mac/esp/esp-idf/components/console /Users/mac/esp/esp-idf/components/cxx /Users/mac/esp/esp-idf/components/driver /Users/mac/esp/esp-idf/components/efuse /Users/mac/esp/esp-idf/components/esp-tls /Users/mac/esp/esp-idf/components/esp_adc /Users/mac/esp/esp-idf/components/esp_app_format /Users/mac/esp/esp-idf/components/esp_blockdev /Users/mac/esp/esp-idf/components/esp_bootloader_format /Users/mac/esp/esp-idf/components/esp_coex /Users/mac/esp/esp-idf/components/esp_common /Users/mac/esp/esp-idf/components/esp_driver_bitscrambler /Users/mac/esp/esp-idf/components/esp_driver_cam /Users/mac/esp/esp-idf/components/esp_driver_dma /Users/mac/esp/esp-idf/components/esp_driver_gpio /Users/mac/esp/esp-idf/components/esp_driver_i2c /Users/mac/esp/esp-idf/components/esp_driver_i2s /Users/mac/esp/esp-idf/components/esp_driver_isp /Users/mac/esp/esp-idf/components/esp_driver_jpeg /Users/mac/esp/esp-idf/components/esp_driver_ledc /Users/mac/esp/esp-idf/components/esp_driver_parlio /Users/mac/esp/esp-idf/components/esp_driver_ppa /Users/mac/esp/esp-idf/components/esp_driver_rmt /Users/mac/esp/esp-idf/components/esp_driver_sd_intf /Users/mac/esp/esp-idf/components/esp_driver_sdmmc /Users/mac/esp/esp-idf/components/esp_driver_sdspi /Users/mac/esp/esp-idf/components/esp_driver_spi /Users/mac/esp/esp-idf/components/esp_driver_tsens /Users/mac/esp/esp-idf/components/esp_driver_uart /Users/mac/esp/esp-idf/components/esp_driver_usb_serial_jtag /Users/mac/esp/esp-idf/components/esp_eth /Users/mac/esp/esp-idf/components/esp_event /Users/mac/esp/esp-idf/components/esp_gdbstub /Users/mac/esp/esp-idf/components/esp_hal_ana_conv /Users/mac/esp/esp-idf/components/esp_hal_cam /Users/mac/esp/esp-idf/components/esp_hal_clock /Users/mac/esp/esp-idf/components/esp_hal_dma /Users/mac/esp/esp-idf/components/esp_hal_gpio /Users/mac/esp/esp-idf/components/esp_hal_gpspi /Users/mac/esp/esp-idf/components/esp_hal_i2c /Users/mac/esp/esp-idf/components/esp_hal_i2s /Users/mac/esp/esp-idf/components/esp_hal_jpeg /Users/mac/esp/esp-idf/components/esp_hal_lcd /Users/mac/esp/esp-idf/components/esp_hal_ledc /Users/mac/esp/esp-idf/components/esp_hal_mspi /Users/mac/esp/esp-idf/components/esp_hal_parlio /Users/mac/esp/esp-idf/components/esp_hal_pmu /Users/mac/esp/esp-idf/components/esp_hal_ppa /Users/mac/esp/esp-idf/components/esp_hal_rmt /Users/mac/esp/esp-idf/components/esp_hal_rtc_timer /Users/mac/esp/esp-idf/components/esp_hal_sd /Users/mac/esp/esp-idf/components/esp_hal_security /Users/mac/esp/esp-idf/components/esp_hal_timg /Users/mac/esp/esp-idf/components/esp_hal_touch_sens /Users/mac/esp/esp-idf/components/esp_hal_twai /Users/mac/esp/esp-idf/components/esp_hal_uart /Users/mac/esp/esp-idf/components/esp_hal_usb /Users/mac/esp/esp-idf/components/esp_hal_wdt /Users/mac/esp/esp-idf/components/esp_http_server /Users/mac/esp/esp-idf/components/esp_hw_support /Users/mac/esp/esp-idf/components/esp_lcd /Users/mac/esp/esp-idf/components/esp_libc /Users/mac/esp/esp-idf/components/esp_mm /Users/mac/esp/esp-idf/components/esp_netif /Users/mac/esp/esp-idf/components/esp_netif_stack /Users/mac/esp/esp-idf/components/esp_partition /Users/mac/esp/esp-idf/components/esp_phy /Users/mac/esp/esp-idf/components/esp_pm /Users/mac/esp/esp-idf/components/esp_psram /Users/mac/esp/esp-idf/components/esp_ringbuf /Users/mac/esp/esp-idf/components/esp_rom /Users/mac/esp/esp-idf/components/esp_security /Users/mac/esp/esp-idf/components/esp_stdio /Users/mac/esp/esp-idf/components/esp_system /Users/mac/esp/esp-idf/components/esp_timer /Users/mac/esp/esp-idf/components/esp_usb_cdc_rom_console /Users/mac/esp/esp-idf/components/esp_wifi /Users/mac/ia-hardware/xiaozhi-esp32/managed_components/esphome__esp-hub75 /Users/mac/ia-hardware/xiaozhi-esp32/managed_components/espressif2022__esp_emote_assets /Users/mac/ia-hardware/xiaozhi-esp32/managed_components/espressif2022__esp_emote_expression /Users/mac/ia-hardware/xiaozhi-esp32/managed_components/espressif2022__esp_emote_gfx /Users/mac/ia-hardware/xiaozhi-esp32/managed_components/espressif2022__image_player /Users/mac/ia-hardware/xiaozhi-esp32/managed_components/espressif__adc_battery_estimation /Users/mac/ia-hardware/xiaozhi-esp32/managed_components/espressif__bmi270_sensor /Users/mac/ia-hardware/xiaozhi-esp32/managed_components/espressif__bq27220 /Users/mac/ia-hardware/xiaozhi-esp32/managed_components/espressif__button /Users/mac/ia-hardware/xiaozhi-esp32/managed_components/espressif__cjson /Users/mac/ia-hardware/xiaozhi-esp32/managed_components/espressif__cmake_utilities /Users/mac/ia-hardware/xiaozhi-esp32/managed_components/espressif__dl_fft /Users/mac/ia-hardware/xiaozhi-esp32/managed_components/espressif__esp-dsp /Users/mac/ia-hardware/xiaozhi-esp32/managed_components/espressif__esp-sr /Users/mac/ia-hardware/xiaozhi-esp32/managed_components/espressif__esp32-camera /Users/mac/ia-hardware/xiaozhi-esp32/managed_components/espressif__esp_audio_codec /Users/mac/ia-hardware/xiaozhi-esp32/managed_components/espressif__esp_audio_effects /Users/mac/ia-hardware/xiaozhi-esp32/managed_components/espressif__esp_cam_sensor /Users/mac/ia-hardware/xiaozhi-esp32/managed_components/espressif__esp_codec_dev /Users/mac/ia-hardware/xiaozhi-esp32/managed_components/espressif__esp_image_effects /Users/mac/ia-hardware/xiaozhi-esp32/managed_components/espressif__esp_io_expander /Users/mac/ia-hardware/xiaozhi-esp32/managed_components/espressif__esp_io_expander_tca9554 /Users/mac/ia-hardware/xiaozhi-esp32/managed_components/espressif__esp_io_expander_tca95xx_16bit /Users/mac/ia-hardware/xiaozhi-esp32/managed_components/espressif__esp_jpeg /Users/mac/ia-hardware/xiaozhi-esp32/managed_components/espressif__esp_lcd_axs15231b /Users/mac/ia-hardware/xiaozhi-esp32/managed_components/espressif__esp_lcd_co5300 /Users/mac/ia-hardware/xiaozhi-esp32/managed_components/espressif__esp_lcd_gc9a01 /Users/mac/ia-hardware/xiaozhi-esp32/managed_components/espressif__esp_lcd_ili9341 /Users/mac/ia-hardware/xiaozhi-esp32/managed_components/espressif__esp_lcd_panel_io_additions /Users/mac/ia-hardware/xiaozhi-esp32/managed_components/espressif__esp_lcd_spd2010 /Users/mac/ia-hardware/xiaozhi-esp32/managed_components/espressif__esp_lcd_st7701 /Users/mac/ia-hardware/xiaozhi-esp32/managed_components/espressif__esp_lcd_st77916 /Users/mac/ia-hardware/xiaozhi-esp32/managed_components/espressif__esp_lcd_st7796 /Users/mac/ia-hardware/xiaozhi-esp32/managed_components/espressif__esp_lcd_touch /Users/mac/ia-hardware/xiaozhi-esp32/managed_components/espressif__esp_lcd_touch_cst816s /Users/mac/ia-hardware/xiaozhi-esp32/managed_components/espressif__esp_lcd_touch_ft5x06 /Users/mac/ia-hardware/xiaozhi-esp32/managed_components/espressif__esp_lcd_touch_gt1151 /Users/mac/ia-hardware/xiaozhi-esp32/managed_components/espressif__esp_lcd_touch_gt911 /Users/mac/ia-hardware/xiaozhi-esp32/managed_components/espressif__esp_lcd_touch_st7123 /Users/mac/ia-hardware/xiaozhi-esp32/managed_components/espressif__esp_lvgl_port /Users/mac/ia-hardware/xiaozhi-esp32/managed_components/espressif__esp_mmap_assets /Users/mac/ia-hardware/xiaozhi-esp32/managed_components/espressif__esp_new_jpeg /Users/mac/ia-hardware/xiaozhi-esp32/managed_components/espressif__esp_sccb_intf /Users/mac/ia-hardware/xiaozhi-esp32/managed_components/espressif__esp_video /Users/mac/ia-hardware/xiaozhi-esp32/managed_components/espressif__freetype /Users/mac/ia-hardware/xiaozhi-esp32/managed_components/espressif__gmf_fft /Users/mac/ia-hardware/xiaozhi-esp32/managed_components/espressif__i2c_bus /Users/mac/ia-hardware/xiaozhi-esp32/managed_components/espressif__iot_eth /Users/mac/ia-hardware/xiaozhi-esp32/managed_components/espressif__iot_usbh_cdc /Users/mac/ia-hardware/xiaozhi-esp32/managed_components/espressif__iot_usbh_rndis /Users/mac/ia-hardware/xiaozhi-esp32/managed_components/espressif__knob /Users/mac/ia-hardware/xiaozhi-esp32/managed_components/espressif__led_strip /Users/mac/ia-hardware/xiaozhi-esp32/managed_components/espressif__mqtt /Users/mac/ia-hardware/xiaozhi-esp32/managed_components/espressif__usb /Users/mac/ia-hardware/xiaozhi-esp32/managed_components/espressif__usb_host_uvc /Users/mac/esp/esp-idf/components/esptool_py /Users/mac/esp/esp-idf/components/fatfs /Users/mac/esp/esp-idf/components/freertos /Users/mac/esp/esp-idf/components/hal /Users/mac/esp/esp-idf/components/heap /Users/mac/esp/esp-idf/components/http_parser /Users/mac/ia-hardware/xiaozhi-esp32/managed_components/laride__heatshrink /Users/mac/esp/esp-idf/components/log /Users/mac/ia-hardware/xiaozhi-esp32/managed_components/lvgl__lvgl /Users/mac/esp/esp-idf/components/lwip /Users/mac/ia-hardware/xiaozhi-esp32/managed_components/m5stack__m5ioe1 /Users/mac/ia-hardware/xiaozhi-esp32/managed_components/m5stack__m5pm1 /Users/mac/ia-hardware/xiaozhi-esp32/main /Users/mac/esp/esp-idf/components/mbedtls /Users/mac/esp/esp-idf/components/nvs_flash /Users/mac/esp/esp-idf/components/nvs_sec_provider /Users/mac/esp/esp-idf/components/partition_table /Users/mac/esp/esp-idf/components/pthread /Users/mac/esp/esp-idf/components/sdmmc /Users/mac/esp/esp-idf/components/soc /Users/mac/esp/esp-idf/components/spi_flash /Users/mac/esp/esp-idf/components/spiffs /Users/mac/esp/esp-idf/components/tcp_transport /Users/mac/ia-hardware/xiaozhi-esp32/managed_components/tny-robotics__sh1106-esp-idf /Users/mac/ia-hardware/xiaozhi-esp32/managed_components/txp666__otto-emoji-gif-component /Users/mac/esp/esp-idf/components/vfs /Users/mac/ia-hardware/xiaozhi-esp32/managed_components/waveshare__custom_io_expander_ch32v003 /Users/mac/ia-hardware/xiaozhi-esp32/managed_components/waveshare__esp_lcd_sh8601 /Users/mac/ia-hardware/xiaozhi-esp32/managed_components/waveshare__esp_lcd_touch_cst9217 /Users/mac/esp/esp-idf/components/wear_levelling /Users/mac/esp/esp-idf/components/wpa_supplicant /Users/mac/ia-hardware/xiaozhi-esp32/managed_components/wvirgil123__sscma_client /Users/mac/esp/esp-idf/components/xtensa
-- Configuring done (106.6s)
-- Generating done (1.2s)
-- Build files have been written to: /Users/mac/ia-hardware/xiaozhi-esp32/build
Running ninja in directory /Users/mac/ia-hardware/xiaozhi-esp32/build
Executing "ninja all"...
[0/2] Re-checking globbed directories...
[1/2186] Generating project_elf_src_esp32s3.c
[2/2186] Generating es-ES language config
Processing language: es-ES
Input file path: /Users/mac/ia-hardware/xiaozhi-esp32/main/assets/locales/es-ES/language.json
Output file path: /Users/mac/ia-hardware/xiaozhi-esp32/main/assets/lang_config.h
Loaded base language en-US with 52 strings
Language es-ES string statistics:
  - Base language (en-US): 52 strings
  - User language: 52 strings
  - Total: 52 strings
Language es-ES sound statistics:
  - Base language (en-US): 16 sounds
  - User language: 16 sounds
  - Common sounds: 5 sounds
Successfully generated language config file: /Users/mac/ia-hardware/xiaozhi-esp32/main/assets/lang_config.h
[3/2186] Generating ../../ota_data_initial.bin
[4/2186] Building default assets.bin based on configuration
Building default assets...
  sdkconfig: /Users/mac/ia-hardware/xiaozhi-esp32/sdkconfig
  builtin_text_font: font_noto_sans_basic_20_4
  emoji_collection: noto-color-emoji_64
  output: /Users/mac/ia-hardware/xiaozhi-esp32/build/generated_assets.bin
  wakenet models: wn9_hiesp (will be packaged)
Starting to build assets...
Copied directory: /Users/mac/ia-hardware/xiaozhi-esp32/managed_components/espressif__esp-sr/model/wakenet_model/wn9_hiesp -> /Users/mac/ia-hardware/xiaozhi-esp32/build/temp_build/srmodels/wn9_hiesp
Added wakenet model: wn9_hiesp
Generated: /Users/mac/ia-hardware/xiaozhi-esp32/build/temp_build/srmodels/srmodels.bin
Copied: /Users/mac/ia-hardware/xiaozhi-esp32/build/temp_build/srmodels/srmodels.bin -> /Users/mac/ia-hardware/xiaozhi-esp32/build/temp_build/assets/srmodels.bin
Copied: /Users/mac/ia-hardware/xiaozhi-esp32/managed_components/78__xiaozhi-fonts/cbin/font_noto_sans_common_20_4.bin -> /Users/mac/ia-hardware/xiaozhi-esp32/build/temp_build/assets/font_noto_sans_common_20_4.bin
Copied: /Users/mac/ia-hardware/xiaozhi-esp32/managed_components/78__xiaozhi-fonts/png/noto-color-emoji_64/happy.png -> /Users/mac/ia-hardware/xiaozhi-esp32/build/temp_build/assets/happy.png
Copied: /Users/mac/ia-hardware/xiaozhi-esp32/managed_components/78__xiaozhi-fonts/png/noto-color-emoji_64/delicious.png -> /Users/mac/ia-hardware/xiaozhi-esp32/build/temp_build/assets/delicious.png
Copied: /Users/mac/ia-hardware/xiaozhi-esp32/managed_components/78__xiaozhi-fonts/png/noto-color-emoji_64/neutral.png -> /Users/mac/ia-hardware/xiaozhi-esp32/build/temp_build/assets/neutral.png
Copied: /Users/mac/ia-hardware/xiaozhi-esp32/managed_components/78__xiaozhi-fonts/png/noto-color-emoji_64/crying.png -> /Users/mac/ia-hardware/xiaozhi-esp32/build/temp_build/assets/crying.png
Copied: /Users/mac/ia-hardware/xiaozhi-esp32/managed_components/78__xiaozhi-fonts/png/noto-color-emoji_64/silly.png -> /Users/mac/ia-hardware/xiaozhi-esp32/build/temp_build/assets/silly.png
Copied: /Users/mac/ia-hardware/xiaozhi-esp32/managed_components/78__xiaozhi-fonts/png/noto-color-emoji_64/sad.png -> /Users/mac/ia-hardware/xiaozhi-esp32/build/temp_build/assets/sad.png
Copied: /Users/mac/ia-hardware/xiaozhi-esp32/managed_components/78__xiaozhi-fonts/png/noto-color-emoji_64/surprised.png -> /Users/mac/ia-hardware/xiaozhi-esp32/build/temp_build/assets/surprised.png
Copied: /Users/mac/ia-hardware/xiaozhi-esp32/managed_components/78__xiaozhi-fonts/png/noto-color-emoji_64/confident.png -> /Users/mac/ia-hardware/xiaozhi-esp32/build/temp_build/assets/confident.png
Copied: /Users/mac/ia-hardware/xiaozhi-esp32/managed_components/78__xiaozhi-fonts/png/noto-color-emoji_64/winking.png -> /Users/mac/ia-hardware/xiaozhi-esp32/build/temp_build/assets/winking.png
Copied: /Users/mac/ia-hardware/xiaozhi-esp32/managed_components/78__xiaozhi-fonts/png/noto-color-emoji_64/relaxed.png -> /Users/mac/ia-hardware/xiaozhi-esp32/build/temp_build/assets/relaxed.png
Copied: /Users/mac/ia-hardware/xiaozhi-esp32/managed_components/78__xiaozhi-fonts/png/noto-color-emoji_64/embarrassed.png -> /Users/mac/ia-hardware/xiaozhi-esp32/build/temp_build/assets/embarrassed.png
Copied: /Users/mac/ia-hardware/xiaozhi-esp32/managed_components/78__xiaozhi-fonts/png/noto-color-emoji_64/confused.png -> /Users/mac/ia-hardware/xiaozhi-esp32/build/temp_build/assets/confused.png
Copied: /Users/mac/ia-hardware/xiaozhi-esp32/managed_components/78__xiaozhi-fonts/png/noto-color-emoji_64/loving.png -> /Users/mac/ia-hardware/xiaozhi-esp32/build/temp_build/assets/loving.png
Copied: /Users/mac/ia-hardware/xiaozhi-esp32/managed_components/78__xiaozhi-fonts/png/noto-color-emoji_64/kissy.png -> /Users/mac/ia-hardware/xiaozhi-esp32/build/temp_build/assets/kissy.png
Copied: /Users/mac/ia-hardware/xiaozhi-esp32/managed_components/78__xiaozhi-fonts/png/noto-color-emoji_64/sleepy.png -> /Users/mac/ia-hardware/xiaozhi-esp32/build/temp_build/assets/sleepy.png
Copied: /Users/mac/ia-hardware/xiaozhi-esp32/managed_components/78__xiaozhi-fonts/png/noto-color-emoji_64/angry.png -> /Users/mac/ia-hardware/xiaozhi-esp32/build/temp_build/assets/angry.png
Copied: /Users/mac/ia-hardware/xiaozhi-esp32/managed_components/78__xiaozhi-fonts/png/noto-color-emoji_64/thinking.png -> /Users/mac/ia-hardware/xiaozhi-esp32/build/temp_build/assets/thinking.png
Copied: /Users/mac/ia-hardware/xiaozhi-esp32/managed_components/78__xiaozhi-fonts/png/noto-color-emoji_64/funny.png -> /Users/mac/ia-hardware/xiaozhi-esp32/build/temp_build/assets/funny.png
Copied: /Users/mac/ia-hardware/xiaozhi-esp32/managed_components/78__xiaozhi-fonts/png/noto-color-emoji_64/cool.png -> /Users/mac/ia-hardware/xiaozhi-esp32/build/temp_build/assets/cool.png
Copied: /Users/mac/ia-hardware/xiaozhi-esp32/managed_components/78__xiaozhi-fonts/png/noto-color-emoji_64/shocked.png -> /Users/mac/ia-hardware/xiaozhi-esp32/build/temp_build/assets/shocked.png
Copied: /Users/mac/ia-hardware/xiaozhi-esp32/managed_components/78__xiaozhi-fonts/png/noto-color-emoji_64/laughing.png -> /Users/mac/ia-hardware/xiaozhi-esp32/build/temp_build/assets/laughing.png
Generated: /Users/mac/ia-hardware/xiaozhi-esp32/build/temp_build/assets/index.json
Generated: /Users/mac/ia-hardware/xiaozhi-esp32/build/temp_build/config.json
All files have been merged into assets.bin
Successfully generated assets.bin: /Users/mac/ia-hardware/xiaozhi-esp32/build/generated_assets.bin
Assets file size: 1625.26K (1664269 bytes)
Build completed successfully!
[5/2186] Preprocessing linker script /Users/mac/esp/esp-idf/components/esp_system/ld/esp32s3/memory.ld.in -> /Users/mac/ia-hardware/xiaozhi-esp32/build/esp-idf/esp_system/ld/memory.ld
[6/2186] Preprocessing linker script /Users/mac/esp/esp-idf/components/esp_system/ld/esp32s3/sections.ld.in -> /Users/mac/ia-hardware/xiaozhi-esp32/build/esp-idf/esp_system/ld/sections.ld.in
[7/2186] Generating ../../partition_table/partition-table.bin
Partition table binary generated. Contents:
*******************************************************************************
# ESP-IDF Partition Table
# Name, Type, SubType, Offset, Size, Flags
nvs,data,nvs,0x9000,16K,
otadata,data,ota,0xd000,8K,
phy_init,data,phy,0xf000,4K,
ota_0,app,ota_0,0x20000,4032K,
ota_1,app,ota_1,0x410000,4032K,
assets,data,spiffs,0x800000,8M,
*******************************************************************************
[8/2186] Building C object esp-idf/esp_http_server/CMakeFiles/__idf_esp_http_server.dir/src/httpd_ws.c.obj
[9/2186] Building C object esp-idf/esp_http_server/CMakeFiles/__idf_esp_http_server.dir/src/util/ctrl_sock.c.obj
[10/2186] Building C object esp-idf/esp-tls/CMakeFiles/__idf_esp-tls.dir/esp-tls-crypto/esp_tls_crypto.c.obj
[11/2186] Building C object esp-idf/esp-tls/CMakeFiles/__idf_esp-tls.dir/esp_tls_error_capture.c.obj
[12/2186] Building C object esp-idf/esp-tls/CMakeFiles/__idf_esp-tls.dir/esp_tls_platform_port.c.obj
[13/2186] Building C object esp-idf/esp_http_server/CMakeFiles/__idf_esp_http_server.dir/src/httpd_uri.c.obj
[14/2186] Building C object esp-idf/esp_http_server/CMakeFiles/__idf_esp_http_server.dir/src/httpd_sess.c.obj
[15/2186] Building C object esp-idf/esp_gdbstub/CMakeFiles/__idf_esp_gdbstub.dir/src/gdbstub_transport.c.obj
[16/2186] Building C object esp-idf/esp_http_server/CMakeFiles/__idf_esp_http_server.dir/src/httpd_main.c.obj
[17/2186] Building ASM object esp-idf/esp_gdbstub/CMakeFiles/__idf_esp_gdbstub.dir/src/port/xtensa/gdbstub-entry.S.obj
[18/2186] Building C object esp-idf/esp_gdbstub/CMakeFiles/__idf_esp_gdbstub.dir/src/packet.c.obj
[19/2186] Building ASM object esp-idf/esp_gdbstub/CMakeFiles/__idf_esp_gdbstub.dir/src/port/xtensa/xt_debugexception.S.obj
[20/2186] Building C object esp-idf/esp_gdbstub/CMakeFiles/__idf_esp_gdbstub.dir/src/gdbstub.c.obj
[21/2186] Building C object esp-idf/esp_http_server/CMakeFiles/__idf_esp_http_server.dir/src/httpd_parse.c.obj
[22/2186] Building C object esp-idf/esp_gdbstub/CMakeFiles/__idf_esp_gdbstub.dir/src/port/xtensa/gdbstub_xtensa.c.obj
[23/2186] Building C object esp-idf/esp_wifi/CMakeFiles/__idf_esp_wifi.dir/src/mesh_event.c.obj
[24/2186] Building C object esp-idf/esp_wifi/CMakeFiles/__idf_esp_wifi.dir/src/lib_printf.c.obj
[25/2186] Building C object esp-idf/esp_wifi/CMakeFiles/__idf_esp_wifi.dir/src/smartconfig.c.obj
[26/2186] Building C object esp-idf/esp_http_server/CMakeFiles/__idf_esp_http_server.dir/src/httpd_txrx.c.obj
[27/2186] Building C object esp-idf/esp-tls/CMakeFiles/__idf_esp-tls.dir/esp_tls.c.obj
[28/2186] Building C object esp-idf/esp_wifi/CMakeFiles/__idf_esp_wifi.dir/src/wifi_default_ap.c.obj
[29/2186] Linking C static library esp-idf/esp_http_server/libesp_http_server.a
[30/2186] Building C object esp-idf/esp_wifi/CMakeFiles/__idf_esp_wifi.dir/regulatory/esp_wifi_regulatory.c.obj
[31/2186] Building C object esp-idf/esp_wifi/CMakeFiles/__idf_esp_wifi.dir/src/wifi_init.c.obj
[32/2186] Building C object esp-idf/esp_wifi/CMakeFiles/__idf_esp_wifi.dir/src/wifi_netif.c.obj
[33/2186] Building C object esp-idf/esp_coex/CMakeFiles/__idf_esp_coex.dir/src/coexist_debug_diagram.c.obj
[34/2186] Building C object esp-idf/esp_coex/CMakeFiles/__idf_esp_coex.dir/src/coexist_debug.c.obj
[35/2186] Building C object esp-idf/esp_coex/CMakeFiles/__idf_esp_coex.dir/esp32s3/esp_coex_adapter.c.obj
[36/2186] Building C object esp-idf/wpa_supplicant/CMakeFiles/__idf_wpa_supplicant.dir/port/os_xtensa.c.obj
[37/2186] Building C object esp-idf/esp_wifi/CMakeFiles/__idf_esp_wifi.dir/src/wifi_default.c.obj
[38/2186] Building C object esp-idf/wpa_supplicant/CMakeFiles/__idf_wpa_supplicant.dir/src/ap/ap_config.c.obj
[39/2186] Building C object esp-idf/esp_wifi/CMakeFiles/__idf_esp_wifi.dir/esp32s3/esp_adapter.c.obj
[40/2186] Building C object esp-idf/esp_wifi/CMakeFiles/__idf_esp_wifi.dir/src/smartconfig_ack.c.obj
[41/2186] Building C object esp-idf/wpa_supplicant/CMakeFiles/__idf_wpa_supplicant.dir/src/ap/ieee802_1x.c.obj
[42/2186] Building C object esp-idf/esp-tls/CMakeFiles/__idf_esp-tls.dir/esp_tls_mbedtls.c.obj
[43/2186] Linking C static library esp-idf/esp-tls/libesp-tls.a
[44/2186] Building C object esp-idf/wpa_supplicant/CMakeFiles/__idf_wpa_supplicant.dir/src/ap/pmksa_cache_auth.c.obj
[45/2186] Building C object esp-idf/wpa_supplicant/CMakeFiles/__idf_wpa_supplicant.dir/src/ap/comeback_token.c.obj
[46/2186] Building C object esp-idf/wpa_supplicant/CMakeFiles/__idf_wpa_supplicant.dir/src/ap/sta_info.c.obj
[47/2186] Building C object esp-idf/wpa_supplicant/CMakeFiles/__idf_wpa_supplicant.dir/port/eloop.c.obj
[48/2186] Building C object esp-idf/wpa_supplicant/CMakeFiles/__idf_wpa_supplicant.dir/src/utils/bitfield.c.obj
[49/2186] Building C object esp-idf/wpa_supplicant/CMakeFiles/__idf_wpa_supplicant.dir/src/common/dragonfly.c.obj
[50/2186] Building C object esp-idf/wpa_supplicant/CMakeFiles/__idf_wpa_supplicant.dir/src/crypto/sha256-kdf.c.obj
[51/2186] Building C object esp-idf/wpa_supplicant/CMakeFiles/__idf_wpa_supplicant.dir/src/crypto/aes-siv.c.obj
[52/2186] Building C object esp-idf/wpa_supplicant/CMakeFiles/__idf_wpa_supplicant.dir/src/ap/wpa_auth_ie.c.obj
[53/2186] Building C object esp-idf/wpa_supplicant/CMakeFiles/__idf_wpa_supplicant.dir/src/ap/ieee802_11.c.obj
[54/2186] Building C object esp-idf/wpa_supplicant/CMakeFiles/__idf_wpa_supplicant.dir/src/crypto/dh_group5.c.obj
[55/2186] Building C object esp-idf/wpa_supplicant/CMakeFiles/__idf_wpa_supplicant.dir/src/crypto/crypto_ops.c.obj
[56/2186] Building C object esp-idf/wpa_supplicant/CMakeFiles/__idf_wpa_supplicant.dir/src/crypto/ccmp.c.obj
[57/2186] Building C object esp-idf/wpa_supplicant/CMakeFiles/__idf_wpa_supplicant.dir/src/crypto/aes-gcm.c.obj
[58/2186] Building C object esp-idf/wpa_supplicant/CMakeFiles/__idf_wpa_supplicant.dir/src/crypto/dh_groups.c.obj
[59/2186] Building C object esp-idf/wpa_supplicant/CMakeFiles/__idf_wpa_supplicant.dir/src/crypto/sha256-tlsprf.c.obj
[60/2186] Building C object esp-idf/wpa_supplicant/CMakeFiles/__idf_wpa_supplicant.dir/src/crypto/sha1-tlsprf.c.obj
[61/2186] Building C object esp-idf/wpa_supplicant/CMakeFiles/__idf_wpa_supplicant.dir/src/crypto/sha384-tlsprf.c.obj
[62/2186] Building C object esp-idf/wpa_supplicant/CMakeFiles/__idf_wpa_supplicant.dir/src/crypto/sha1-prf.c.obj
[63/2186] Building C object esp-idf/wpa_supplicant/CMakeFiles/__idf_wpa_supplicant.dir/src/crypto/sha256-prf.c.obj
[64/2186] Building C object esp-idf/wpa_supplicant/CMakeFiles/__idf_wpa_supplicant.dir/src/crypto/ms_funcs.c.obj
[65/2186] Building C object esp-idf/wpa_supplicant/CMakeFiles/__idf_wpa_supplicant.dir/src/common/wpa_common.c.obj
[66/2186] Building C object esp-idf/wpa_supplicant/CMakeFiles/__idf_wpa_supplicant.dir/src/crypto/sha1-tprf.c.obj
[67/2186] Building C object esp-idf/wpa_supplicant/CMakeFiles/__idf_wpa_supplicant.dir/src/crypto/sha384-prf.c.obj
[68/2186] Building C object esp-idf/wpa_supplicant/CMakeFiles/__idf_wpa_supplicant.dir/src/eap_common/eap_wsc_common.c.obj
[69/2186] Building C object esp-idf/wpa_supplicant/CMakeFiles/__idf_wpa_supplicant.dir/src/eap_peer/chap.c.obj
[70/2186] Building C object esp-idf/wpa_supplicant/CMakeFiles/__idf_wpa_supplicant.dir/src/crypto/md4-internal.c.obj
[71/2186] Building C object esp-idf/wpa_supplicant/CMakeFiles/__idf_wpa_supplicant.dir/src/eap_peer/eap_common.c.obj
[72/2186] Building C object esp-idf/wpa_supplicant/CMakeFiles/__idf_wpa_supplicant.dir/src/eap_peer/eap_peap_common.c.obj
[73/2186] Building C object esp-idf/wpa_supplicant/CMakeFiles/__idf_wpa_supplicant.dir/src/common/ieee802_11_common.c.obj
[74/2186] Building C object esp-idf/wpa_supplicant/CMakeFiles/__idf_wpa_supplicant.dir/src/eap_peer/eap_tls.c.obj
[75/2186] Building C object esp-idf/http_parser/CMakeFiles/__idf_http_parser.dir/http_parser.c.obj
[76/2186] Building C object esp-idf/wpa_supplicant/CMakeFiles/__idf_wpa_supplicant.dir/src/eap_peer/mschapv2.c.obj
[77/2186] Linking C static library esp-idf/http_parser/libhttp_parser.a
[78/2186] Building C object esp-idf/wpa_supplicant/CMakeFiles/__idf_wpa_supplicant.dir/src/eap_peer/eap_mschapv2.c.obj
[79/2186] Linking C static library esp-idf/esp_gdbstub/libesp_gdbstub.a
[80/2186] Building C object esp-idf/wpa_supplicant/CMakeFiles/__idf_wpa_supplicant.dir/src/eap_peer/eap.c.obj
[81/2186] Building C object esp-idf/wpa_supplicant/CMakeFiles/__idf_wpa_supplicant.dir/src/ap/wpa_auth.c.obj
[82/2186] Building C object esp-idf/wpa_supplicant/CMakeFiles/__idf_wpa_supplicant.dir/src/eap_peer/eap_fast_common.c.obj
[83/2186] Building C object esp-idf/wpa_supplicant/CMakeFiles/__idf_wpa_supplicant.dir/src/common/sae.c.obj
[84/2186] Linking C static library esp-idf/esp_wifi/libesp_wifi.a
[85/2186] Building C object esp-idf/wpa_supplicant/CMakeFiles/__idf_wpa_supplicant.dir/src/eap_peer/eap_tls_common.c.obj
[86/2186] Building C object esp-idf/wpa_supplicant/CMakeFiles/__idf_wpa_supplicant.dir/src/eap_peer/eap_peap.c.obj
[87/2186] Building C object esp-idf/wpa_supplicant/CMakeFiles/__idf_wpa_supplicant.dir/src/utils/base64.c.obj
[88/2186] Building C object esp-idf/wpa_supplicant/CMakeFiles/__idf_wpa_supplicant.dir/src/eap_peer/eap_fast_pac.c.obj
[89/2186] Building C object esp-idf/wpa_supplicant/CMakeFiles/__idf_wpa_supplicant.dir/src/utils/ext_password.c.obj
[90/2186] Building C object esp-idf/wpa_supplicant/CMakeFiles/__idf_wpa_supplicant.dir/src/rsn_supp/pmksa_cache.c.obj
[91/2186] Building C object esp-idf/wpa_supplicant/CMakeFiles/__idf_wpa_supplicant.dir/src/rsn_supp/wpa_ie.c.obj
[92/2186] Building C object esp-idf/wpa_supplicant/CMakeFiles/__idf_wpa_supplicant.dir/src/utils/uuid.c.obj
[93/2186] Building C object esp-idf/wpa_supplicant/CMakeFiles/__idf_wpa_supplicant.dir/src/utils/wpa_debug.c.obj
[94/2186] Building C object esp-idf/wpa_supplicant/CMakeFiles/__idf_wpa_supplicant.dir/src/utils/wpabuf.c.obj
[95/2186] Building C object esp-idf/wpa_supplicant/CMakeFiles/__idf_wpa_supplicant.dir/src/utils/common.c.obj
[96/2186] Building C object esp-idf/wpa_supplicant/CMakeFiles/__idf_wpa_supplicant.dir/src/eap_peer/eap_ttls.c.obj
[97/2186] Building C object esp-idf/wpa_supplicant/CMakeFiles/__idf_wpa_supplicant.dir/src/wps/wps_attr_build.c.obj
[98/2186] Building C object esp-idf/wpa_supplicant/CMakeFiles/__idf_wpa_supplicant.dir/src/wps/wps_attr_parse.c.obj
[99/2186] Building C object esp-idf/wpa_supplicant/CMakeFiles/__idf_wpa_supplicant.dir/src/wps/wps.c.obj
[100/2186] Building C object esp-idf/wpa_supplicant/CMakeFiles/__idf_wpa_supplicant.dir/src/wps/wps_attr_process.c.obj
[101/2186] Building C object esp-idf/wpa_supplicant/CMakeFiles/__idf_wpa_supplicant.dir/src/utils/json.c.obj
[102/2186] Building C object esp-idf/wpa_supplicant/CMakeFiles/__idf_wpa_supplicant.dir/esp_supplicant/src/esp_wpa2_api_port.c.obj
[103/2186] Building C object esp-idf/wpa_supplicant/CMakeFiles/__idf_wpa_supplicant.dir/src/wps/wps_dev_attr.c.obj
[104/2186] Building C object esp-idf/wpa_supplicant/CMakeFiles/__idf_wpa_supplicant.dir/src/wps/wps_common.c.obj
[105/2186] Building C object esp-idf/wpa_supplicant/CMakeFiles/__idf_wpa_supplicant.dir/esp_supplicant/src/esp_wpas_glue.c.obj
[106/2186] Building C object esp-idf/wpa_supplicant/CMakeFiles/__idf_wpa_supplicant.dir/esp_supplicant/src/esp_wpa_main.c.obj
[107/2186] Building C object esp-idf/wpa_supplicant/CMakeFiles/__idf_wpa_supplicant.dir/esp_supplicant/src/esp_common.c.obj
[108/2186] Building C object esp-idf/wpa_supplicant/CMakeFiles/__idf_wpa_supplicant.dir/src/common/sae_pk.c.obj
[109/2186] Building C object esp-idf/wpa_supplicant/CMakeFiles/__idf_wpa_supplicant.dir/src/wps/wps_enrollee.c.obj
[110/2186] Building C object esp-idf/wpa_supplicant/CMakeFiles/__idf_wpa_supplicant.dir/esp_supplicant/src/esp_owe.c.obj
[111/2186] Building C object esp-idf/wpa_supplicant/CMakeFiles/__idf_wpa_supplicant.dir/src/eap_peer/eap_fast.c.obj
[112/2186] Building C object esp-idf/wpa_supplicant/CMakeFiles/__idf_wpa_supplicant.dir/src/tls/pkcs8.c.obj
[113/2186] Building C object esp-idf/wpa_supplicant/CMakeFiles/__idf_wpa_supplicant.dir/src/tls/pkcs1.c.obj
[114/2186] Building C object esp-idf/wpa_supplicant/CMakeFiles/__idf_wpa_supplicant.dir/esp_supplicant/src/esp_hostap.c.obj
[115/2186] Building C object esp-idf/wpa_supplicant/CMakeFiles/__idf_wpa_supplicant.dir/esp_supplicant/src/esp_wpa3.c.obj
[116/2186] Building C object esp-idf/wpa_supplicant/CMakeFiles/__idf_wpa_supplicant.dir/src/tls/pkcs5.c.obj
[117/2186] Building C object esp-idf/wpa_supplicant/CMakeFiles/__idf_wpa_supplicant.dir/src/tls/asn1.c.obj
[118/2186] Building C object esp-idf/wpa_supplicant/CMakeFiles/__idf_wpa_supplicant.dir/esp_supplicant/src/esp_eap_client.c.obj
[119/2186] Building C object esp-idf/wpa_supplicant/CMakeFiles/__idf_wpa_supplicant.dir/src/tls/rsa.c.obj
[120/2186] Building C object esp-idf/wpa_supplicant/CMakeFiles/__idf_wpa_supplicant.dir/src/crypto/tls_internal.c.obj
[121/2186] Building C object esp-idf/wpa_supplicant/CMakeFiles/__idf_wpa_supplicant.dir/src/rsn_supp/wpa.c.obj
[122/2186] Building C object esp-idf/wpa_supplicant/CMakeFiles/__idf_wpa_supplicant.dir/src/tls/tlsv1_common.c.obj
[123/2186] Building C object esp-idf/wpa_supplicant/CMakeFiles/__idf_wpa_supplicant.dir/esp_supplicant/src/esp_wps.c.obj
[124/2186] Building C object esp-idf/wpa_supplicant/CMakeFiles/__idf_wpa_supplicant.dir/src/tls/tlsv1_cred.c.obj
[125/2186] Building C object esp-idf/wpa_supplicant/CMakeFiles/__idf_wpa_supplicant.dir/src/tls/tlsv1_record.c.obj
[126/2186] Building C object esp-idf/wpa_supplicant/CMakeFiles/__idf_wpa_supplicant.dir/src/tls/tlsv1_client_write.c.obj
[127/2186] Building C object esp-idf/wpa_supplicant/CMakeFiles/__idf_wpa_supplicant.dir/src/tls/tlsv1_client.c.obj
[128/2186] Building C object esp-idf/wpa_supplicant/CMakeFiles/__idf_wpa_supplicant.dir/esp_supplicant/src/crypto/fastpsk.c.obj
[129/2186] Building C object esp-idf/wpa_supplicant/CMakeFiles/__idf_wpa_supplicant.dir/src/tls/tlsv1_client_ocsp.c.obj
[130/2186] Building C object esp-idf/wpa_supplicant/CMakeFiles/__idf_wpa_supplicant.dir/src/tls/tlsv1_client_read.c.obj
[131/2186] Building C object esp-idf/wpa_supplicant/CMakeFiles/__idf_wpa_supplicant.dir/src/crypto/rc4.c.obj
[132/2186] Building C object esp-idf/wpa_supplicant/CMakeFiles/__idf_wpa_supplicant.dir/src/tls/bignum.c.obj
[133/2186] Building C object esp-idf/wpa_supplicant/CMakeFiles/__idf_wpa_supplicant.dir/esp_supplicant/src/crypto/crypto_mbedtls-rsa.c.obj
[134/2186] Linking C static library esp-idf/esp_coex/libesp_coex.a
[135/2186] Building C object esp-idf/wpa_supplicant/CMakeFiles/__idf_wpa_supplicant.dir/src/crypto/aes-wrap.c.obj
[136/2186] Building C object esp-idf/wpa_supplicant/CMakeFiles/__idf_wpa_supplicant.dir/src/crypto/aes-unwrap.c.obj
[137/2186] Building C object esp-idf/wpa_supplicant/CMakeFiles/__idf_wpa_supplicant.dir/esp_supplicant/src/crypto/crypto_mbedtls-bignum.c.obj
[138/2186] Building C object esp-idf/wpa_supplicant/CMakeFiles/__idf_wpa_supplicant.dir/src/crypto/des-internal.c.obj
[139/2186] Building C object esp-idf/esp_phy/CMakeFiles/__idf_esp_phy.dir/src/phy_override.c.obj
[140/2186] Building C object esp-idf/esp_phy/CMakeFiles/__idf_esp_phy.dir/src/lib_printf.c.obj
[141/2186] Building C object esp-idf/esp_phy/CMakeFiles/__idf_esp_phy.dir/esp32s3/phy_init_data.c.obj
[142/2186] Building C object esp-idf/wpa_supplicant/CMakeFiles/__idf_wpa_supplicant.dir/src/crypto/aes-ccm.c.obj
[143/2186] Building C object esp-idf/esp_phy/CMakeFiles/__idf_esp_phy.dir/src/btbb_init.c.obj
[144/2186] Building C object esp-idf/esp_phy/CMakeFiles/__idf_esp_phy.dir/src/phy_common.c.obj
[145/2186] Building C object esp-idf/wpa_supplicant/CMakeFiles/__idf_wpa_supplicant.dir/esp_supplicant/src/crypto/crypto_mbedtls.c.obj
[146/2186] Building C object esp-idf/esp_phy/CMakeFiles/__idf_esp_phy.dir/src/phy_init.c.obj
[147/2186] Building C object esp-idf/wpa_supplicant/CMakeFiles/__idf_wpa_supplicant.dir/src/tls/x509v3.c.obj
[148/2186] Building CXX object esp-idf/nvs_flash/CMakeFiles/__idf_nvs_flash.dir/src/nvs_partition.cpp.obj
[149/2186] Building C object esp-idf/wpa_supplicant/CMakeFiles/__idf_wpa_supplicant.dir/esp_supplicant/src/crypto/crypto_mbedtls-ec.c.obj
[150/2186] Building CXX object esp-idf/nvs_flash/CMakeFiles/__idf_nvs_flash.dir/src/nvs_item_hash_list.cpp.obj
[151/2186] Building CXX object esp-idf/nvs_flash/CMakeFiles/__idf_nvs_flash.dir/src/nvs_cxx_api.cpp.obj
[152/2186] Building CXX object esp-idf/nvs_flash/CMakeFiles/__idf_nvs_flash.dir/src/nvs_partition_lookup.cpp.obj
[153/2186] Building CXX object esp-idf/nvs_flash/CMakeFiles/__idf_nvs_flash.dir/src/nvs_pagemanager.cpp.obj
[154/2186] Linking C static library esp-idf/wpa_supplicant/libwpa_supplicant.a
[155/2186] Building CXX object esp-idf/nvs_flash/CMakeFiles/__idf_nvs_flash.dir/src/nvs_platform.cpp.obj
[156/2186] Building CXX object esp-idf/nvs_flash/CMakeFiles/__idf_nvs_flash.dir/src/nvs_handle_locked.cpp.obj
[157/2186] Building CXX object esp-idf/nvs_flash/CMakeFiles/__idf_nvs_flash.dir/src/nvs_handle_simple.cpp.obj
[158/2186] Building C object esp-idf/nvs_flash/CMakeFiles/__idf_nvs_flash.dir/src/nvs_bootloader_aes.c.obj
[159/2186] Linking C static library esp-idf/esp_phy/libesp_phy.a
[160/2186] Building C object esp-idf/nvs_flash/CMakeFiles/__idf_nvs_flash.dir/src/nvs_bootloader_xts_aes.c.obj
[161/2186] Building C object esp-idf/nvs_sec_provider/CMakeFiles/__idf_nvs_sec_provider.dir/nvs_sec_provider.c.obj
[162/2186] Building C object esp-idf/esp_netif/CMakeFiles/__idf_esp_netif.dir/esp_netif_objects.c.obj
[163/2186] Building C object esp-idf/nvs_flash/CMakeFiles/__idf_nvs_flash.dir/src/nvs_bootloader.c.obj
[164/2186] Building C object esp-idf/esp_netif/CMakeFiles/__idf_esp_netif.dir/esp_netif_handlers.c.obj
[165/2186] Building C object esp-idf/esp_netif/CMakeFiles/__idf_esp_netif.dir/esp_netif_defaults.c.obj
[166/2186] Building CXX object esp-idf/nvs_flash/CMakeFiles/__idf_nvs_flash.dir/src/nvs_page.cpp.obj
[167/2186] Building C object esp-idf/esp_netif/CMakeFiles/__idf_esp_netif.dir/lwip/esp_netif_lwip_defaults.c.obj
[168/2186] Building C object esp-idf/esp_netif/CMakeFiles/__idf_esp_netif.dir/lwip/netif/wlanif.c.obj
[169/2186] Building C object esp-idf/esp_netif/CMakeFiles/__idf_esp_netif.dir/lwip/esp_netif_sntp.c.obj
[170/2186] Building C object esp-idf/esp_netif/CMakeFiles/__idf_esp_netif.dir/lwip/netif/esp_pbuf_ref.c.obj
[171/2186] Building C object esp-idf/esp_netif/CMakeFiles/__idf_esp_netif.dir/lwip/netif/ethernetif.c.obj
[172/2186] Building C object esp-idf/lwip/CMakeFiles/__idf_lwip.dir/apps/sntp/sntp.c.obj
[173/2186] Building C object esp-idf/lwip/CMakeFiles/__idf_lwip.dir/lwip/src/api/err.c.obj
[174/2186] Building CXX object esp-idf/nvs_flash/CMakeFiles/__idf_nvs_flash.dir/src/nvs_api.cpp.obj
[175/2186] Building CXX object esp-idf/nvs_flash/CMakeFiles/__idf_nvs_flash.dir/src/nvs_storage.cpp.obj
[176/2186] Building C object esp-idf/lwip/CMakeFiles/__idf_lwip.dir/lwip/src/api/if_api.c.obj
[177/2186] Building C object esp-idf/lwip/CMakeFiles/__idf_lwip.dir/lwip/src/api/netbuf.c.obj
[178/2186] Building C object esp-idf/lwip/CMakeFiles/__idf_lwip.dir/lwip/src/api/netdb.c.obj
[179/2186] Building C object esp-idf/lwip/CMakeFiles/__idf_lwip.dir/lwip/src/api/netifapi.c.obj
[180/2186] Building C object esp-idf/lwip/CMakeFiles/__idf_lwip.dir/lwip/src/api/api_lib.c.obj
[181/2186] Building C object esp-idf/lwip/CMakeFiles/__idf_lwip.dir/lwip/src/api/tcpip.c.obj
[182/2186] Building C object esp-idf/lwip/CMakeFiles/__idf_lwip.dir/lwip/src/apps/sntp/sntp.c.obj
[183/2186] Building C object esp-idf/lwip/CMakeFiles/__idf_lwip.dir/lwip/src/core/def.c.obj
[184/2186] Building C object esp-idf/lwip/CMakeFiles/__idf_lwip.dir/lwip/src/apps/netbiosns/netbiosns.c.obj
[185/2186] Building C object esp-idf/lwip/CMakeFiles/__idf_lwip.dir/lwip/src/core/init.c.obj
[186/2186] Building C object esp-idf/lwip/CMakeFiles/__idf_lwip.dir/lwip/src/core/ip.c.obj
[187/2186] Building C object esp-idf/lwip/CMakeFiles/__idf_lwip.dir/lwip/src/core/inet_chksum.c.obj
[188/2186] Building C object esp-idf/lwip/CMakeFiles/__idf_lwip.dir/lwip/src/core/mem.c.obj
[189/2186] Building C object esp-idf/lwip/CMakeFiles/__idf_lwip.dir/lwip/src/api/api_msg.c.obj
[190/2186] Building C object esp-idf/lwip/CMakeFiles/__idf_lwip.dir/lwip/src/core/memp.c.obj
[191/2186] Building CXX object esp-idf/nvs_flash/CMakeFiles/__idf_nvs_flash.dir/src/nvs_types.cpp.obj
[192/2186] Building C object esp-idf/lwip/CMakeFiles/__idf_lwip.dir/lwip/src/core/stats.c.obj
[193/2186] Building C object esp-idf/lwip/CMakeFiles/__idf_lwip.dir/lwip/src/core/sys.c.obj
[194/2186] Building C object esp-idf/lwip/CMakeFiles/__idf_lwip.dir/lwip/src/core/raw.c.obj
[195/2186] Building C object esp-idf/lwip/CMakeFiles/__idf_lwip.dir/lwip/src/core/dns.c.obj
[196/2186] Building C object esp-idf/lwip/CMakeFiles/__idf_lwip.dir/lwip/src/core/pbuf.c.obj
[197/2186] Building CXX object esp-idf/nvs_flash/CMakeFiles/__idf_nvs_flash.dir/src/nvs_partition_manager.cpp.obj
[198/2186] Building C object esp-idf/lwip/CMakeFiles/__idf_lwip.dir/lwip/src/core/netif.c.obj
[199/2186] Building CXX object esp-idf/nvs_flash/CMakeFiles/__idf_nvs_flash.dir/src/nvs_encrypted_partition.cpp.obj
[200/2186] Building C object esp-idf/esp_netif/CMakeFiles/__idf_esp_netif.dir/lwip/esp_netif_lwip.c.obj
[201/2186] Building C object esp-idf/lwip/CMakeFiles/__idf_lwip.dir/lwip/src/core/ipv4/autoip.c.obj
[202/2186] Building C object esp-idf/lwip/CMakeFiles/__idf_lwip.dir/lwip/src/core/timeouts.c.obj
[203/2186] Linking C static library esp-idf/nvs_flash/libnvs_flash.a
[204/2186] Building C object esp-idf/lwip/CMakeFiles/__idf_lwip.dir/lwip/src/core/ipv4/icmp.c.obj
[205/2186] Linking C static library esp-idf/nvs_sec_provider/libnvs_sec_provider.a
[206/2186] Building C object esp-idf/lwip/CMakeFiles/__idf_lwip.dir/lwip/src/core/ipv4/igmp.c.obj
[207/2186] Building C object esp-idf/lwip/CMakeFiles/__idf_lwip.dir/lwip/src/core/ipv4/ip4_napt.c.obj
[208/2186] Building C object esp-idf/lwip/CMakeFiles/__idf_lwip.dir/lwip/src/core/ipv4/etharp.c.obj
[209/2186] Building C object esp-idf/lwip/CMakeFiles/__idf_lwip.dir/lwip/src/core/udp.c.obj
[210/2186] Building C object esp-idf/lwip/CMakeFiles/__idf_lwip.dir/lwip/src/core/ipv4/ip4.c.obj
[211/2186] Building C object esp-idf/lwip/CMakeFiles/__idf_lwip.dir/lwip/src/core/ipv6/dhcp6.c.obj
[212/2186] Building C object esp-idf/lwip/CMakeFiles/__idf_lwip.dir/lwip/src/core/ipv4/ip4_addr.c.obj
[213/2186] Building C object esp-idf/lwip/CMakeFiles/__idf_lwip.dir/lwip/src/core/ipv4/ip4_frag.c.obj
[214/2186] Building C object esp-idf/lwip/CMakeFiles/__idf_lwip.dir/lwip/src/core/tcp.c.obj
[215/2186] Building C object esp-idf/lwip/CMakeFiles/__idf_lwip.dir/lwip/src/core/ipv6/ethip6.c.obj
[216/2186] Building C object esp-idf/lwip/CMakeFiles/__idf_lwip.dir/lwip/src/core/tcp_out.c.obj
[217/2186] Building C object esp-idf/lwip/CMakeFiles/__idf_lwip.dir/lwip/src/core/tcp_in.c.obj
[218/2186] Building C object esp-idf/lwip/CMakeFiles/__idf_lwip.dir/lwip/src/core/ipv6/inet6.c.obj
[219/2186] Building C object esp-idf/lwip/CMakeFiles/__idf_lwip.dir/lwip/src/core/ipv6/icmp6.c.obj
[220/2186] Building C object esp-idf/lwip/CMakeFiles/__idf_lwip.dir/lwip/src/core/ipv6/ip6_frag.c.obj
[221/2186] Building C object esp-idf/lwip/CMakeFiles/__idf_lwip.dir/lwip/src/netif/bridgeif.c.obj
[222/2186] Building C object esp-idf/lwip/CMakeFiles/__idf_lwip.dir/lwip/src/netif/ethernet.c.obj
[223/2186] Building C object esp-idf/lwip/CMakeFiles/__idf_lwip.dir/lwip/src/netif/bridgeif_fdb.c.obj
[224/2186] Building C object esp-idf/lwip/CMakeFiles/__idf_lwip.dir/lwip/src/netif/slipif.c.obj
[225/2186] Building C object esp-idf/lwip/CMakeFiles/__idf_lwip.dir/lwip/src/netif/ppp/auth.c.obj
[226/2186] Building C object esp-idf/lwip/CMakeFiles/__idf_lwip.dir/lwip/src/core/ipv6/ip6_addr.c.obj
[227/2186] Building C object esp-idf/lwip/CMakeFiles/__idf_lwip.dir/lwip/src/core/ipv4/dhcp.c.obj
[228/2186] Building C object esp-idf/lwip/CMakeFiles/__idf_lwip.dir/lwip/src/netif/ppp/ccp.c.obj
[229/2186] Building C object esp-idf/lwip/CMakeFiles/__idf_lwip.dir/lwip/src/core/ipv6/mld6.c.obj
[230/2186] Building C object esp-idf/lwip/CMakeFiles/__idf_lwip.dir/lwip/src/netif/ppp/chap-md5.c.obj
[231/2186] Building C object esp-idf/lwip/CMakeFiles/__idf_lwip.dir/lwip/src/netif/ppp/chap_ms.c.obj
[232/2186] Building C object esp-idf/lwip/CMakeFiles/__idf_lwip.dir/lwip/src/netif/ppp/chap-new.c.obj
[233/2186] Building C object esp-idf/lwip/CMakeFiles/__idf_lwip.dir/lwip/src/netif/ppp/eap.c.obj
[234/2186] Building C object esp-idf/lwip/CMakeFiles/__idf_lwip.dir/lwip/src/netif/ppp/demand.c.obj
[235/2186] Building C object esp-idf/lwip/CMakeFiles/__idf_lwip.dir/lwip/src/netif/ppp/ecp.c.obj
[236/2186] Building C object esp-idf/lwip/CMakeFiles/__idf_lwip.dir/lwip/src/netif/ppp/fsm.c.obj
[237/2186] Building C object esp-idf/lwip/CMakeFiles/__idf_lwip.dir/lwip/src/netif/ppp/eui64.c.obj
[238/2186] Building C object esp-idf/lwip/CMakeFiles/__idf_lwip.dir/lwip/src/netif/ppp/ipcp.c.obj
[239/2186] Building C object esp-idf/lwip/CMakeFiles/__idf_lwip.dir/lwip/src/netif/ppp/ipv6cp.c.obj
[240/2186] Building C object esp-idf/lwip/CMakeFiles/__idf_lwip.dir/lwip/src/netif/ppp/lcp.c.obj
[241/2186] Building C object esp-idf/lwip/CMakeFiles/__idf_lwip.dir/lwip/src/netif/ppp/magic.c.obj
[242/2186] Building C object esp-idf/lwip/CMakeFiles/__idf_lwip.dir/lwip/src/api/sockets.c.obj
[243/2186] Building C object esp-idf/lwip/CMakeFiles/__idf_lwip.dir/lwip/src/netif/ppp/mppe.c.obj
[244/2186] Building C object esp-idf/lwip/CMakeFiles/__idf_lwip.dir/lwip/src/netif/ppp/pppapi.c.obj
[245/2186] Building C object esp-idf/lwip/CMakeFiles/__idf_lwip.dir/lwip/src/netif/ppp/ppp.c.obj
[246/2186] Building C object esp-idf/lwip/CMakeFiles/__idf_lwip.dir/lwip/src/netif/ppp/multilink.c.obj
[247/2186] Building C object esp-idf/lwip/CMakeFiles/__idf_lwip.dir/lwip/src/netif/ppp/pppcrypt.c.obj
[248/2186] Building C object esp-idf/lwip/CMakeFiles/__idf_lwip.dir/lwip/src/netif/ppp/pppoe.c.obj
[249/2186] Building C object esp-idf/lwip/CMakeFiles/__idf_lwip.dir/lwip/src/netif/ppp/pppol2tp.c.obj
[250/2186] Building C object esp-idf/lwip/CMakeFiles/__idf_lwip.dir/lwip/src/netif/ppp/pppos.c.obj
[251/2186] Building C object esp-idf/lwip/CMakeFiles/__idf_lwip.dir/lwip/src/netif/ppp/upap.c.obj
[252/2186] Building C object esp-idf/lwip/CMakeFiles/__idf_lwip.dir/lwip/src/netif/ppp/vj.c.obj
[253/2186] Building C object esp-idf/lwip/CMakeFiles/__idf_lwip.dir/lwip/src/netif/ppp/utils.c.obj
[254/2186] Building C object esp-idf/lwip/CMakeFiles/__idf_lwip.dir/port/hooks/tcp_isn_default.c.obj
[255/2186] Building C object esp-idf/lwip/CMakeFiles/__idf_lwip.dir/port/if_index.c.obj
[256/2186] Building C object esp-idf/lwip/CMakeFiles/__idf_lwip.dir/port/sockets_ext.c.obj
[257/2186] Building C object esp-idf/lwip/CMakeFiles/__idf_lwip.dir/port/hooks/lwip_default_hooks.c.obj
[258/2186] Building C object esp-idf/lwip/CMakeFiles/__idf_lwip.dir/port/debug/lwip_debug.c.obj
[259/2186] Building C object esp-idf/lwip/CMakeFiles/__idf_lwip.dir/lwip/src/core/ipv6/ip6.c.obj
[260/2186] Building C object esp-idf/lwip/CMakeFiles/__idf_lwip.dir/port/acd_dhcp_check.c.obj
[261/2186] Building C object esp-idf/lwip/CMakeFiles/__idf_lwip.dir/lwip/src/netif/ppp/polarssl/arc4.c.obj
[262/2186] Building C object esp-idf/lwip/CMakeFiles/__idf_lwip.dir/lwip/src/netif/ppp/polarssl/des.c.obj
[263/2186] Building C object esp-idf/lwip/CMakeFiles/__idf_lwip.dir/lwip/src/netif/ppp/polarssl/md4.c.obj
[264/2186] Building C object esp-idf/lwip/CMakeFiles/__idf_lwip.dir/lwip/src/netif/ppp/polarssl/md5.c.obj
[265/2186] Building C object esp-idf/lwip/CMakeFiles/__idf_lwip.dir/lwip/src/netif/ppp/polarssl/sha1.c.obj
[266/2186] Linking C static library esp-idf/esp_netif/libesp_netif.a
[267/2186] Building C object esp-idf/lwip/CMakeFiles/__idf_lwip.dir/port/esp32xx/vfs_lwip.c.obj
[268/2186] Building C object esp-idf/lwip/CMakeFiles/__idf_lwip.dir/port/freertos/sys_arch.c.obj
[269/2186] Building C object esp-idf/lwip/CMakeFiles/__idf_lwip.dir/apps/ping/ping_sock.c.obj
[270/2186] Building C object esp-idf/vfs/CMakeFiles/__idf_vfs.dir/nullfs.c.obj
[271/2186] Building C object esp-idf/esp_driver_usb_serial_jtag/CMakeFiles/__idf_esp_driver_usb_serial_jtag.dir/src/usb_serial_jtag_connection_monitor.c.obj
[272/2186] Building C object esp-idf/vfs/CMakeFiles/__idf_vfs.dir/vfs_eventfd.c.obj
[273/2186] Building C object esp-idf/esp_driver_usb_serial_jtag/CMakeFiles/__idf_esp_driver_usb_serial_jtag.dir/src/usb_serial_jtag.c.obj
[274/2186] Building C object esp-idf/esp_driver_uart/CMakeFiles/__idf_esp_driver_uart.dir/src/uart_wakeup.c.obj
[275/2186] Building C object esp-idf/esp_driver_usb_serial_jtag/CMakeFiles/__idf_esp_driver_usb_serial_jtag.dir/src/usb_serial_jtag_vfs.c.obj
[276/2186] Building C object esp-idf/vfs/CMakeFiles/__idf_vfs.dir/vfs.c.obj
[277/2186] Building C object esp-idf/vfs/CMakeFiles/__idf_vfs.dir/vfs_semihost.c.obj
[278/2186] Building C object esp-idf/esp_event/CMakeFiles/__idf_esp_event.dir/default_event_loop.c.obj
[279/2186] Building C object esp-idf/vfs/CMakeFiles/__idf_vfs.dir/vfs_calls.c.obj
[280/2186] Building C object esp-idf/esp_psram/CMakeFiles/__idf_esp_psram.dir/system_layer/esp_psram_mspi.c.obj
[281/2186] Building C object esp-idf/esp_event/CMakeFiles/__idf_esp_event.dir/esp_event_private.c.obj
[282/2186] Building C object esp-idf/lwip/CMakeFiles/__idf_lwip.dir/apps/dhcpserver/dhcpserver.c.obj
[283/2186] Building C object esp-idf/esp_psram/CMakeFiles/__idf_esp_psram.dir/xip_impl/mmu_psram_flash.c.obj
[284/2186] Building C object esp-idf/esp_driver_uart/CMakeFiles/__idf_esp_driver_uart.dir/src/uart_vfs.c.obj
[285/2186] Building C object esp-idf/soc/CMakeFiles/__idf_soc.dir/dport_access_common.c.obj
[286/2186] Building C object esp-idf/soc/CMakeFiles/__idf_soc.dir/lldesc.c.obj
[287/2186] Building C object esp-idf/esp_psram/CMakeFiles/__idf_esp_psram.dir/esp32s3/esp_psram_impl_octal.c.obj
[288/2186] Building C object esp-idf/lwip/CMakeFiles/__idf_lwip.dir/lwip/src/core/ipv6/nd6.c.obj
[289/2186] Building C object esp-idf/esp_psram/CMakeFiles/__idf_esp_psram.dir/system_layer/esp_psram.c.obj
[290/2186] Building C object esp-idf/soc/CMakeFiles/__idf_soc.dir/esp32s3/interrupts.c.obj
[291/2186] Building C object esp-idf/soc/CMakeFiles/__idf_soc.dir/esp32s3/mpi_periph.c.obj
[292/2186] Building C object esp-idf/soc/CMakeFiles/__idf_soc.dir/esp32s3/gpio_periph.c.obj
[293/2186] Building C object esp-idf/soc/CMakeFiles/__idf_soc.dir/esp32s3/power_supply_periph.c.obj
[294/2186] Building C object esp-idf/esp_driver_uart/CMakeFiles/__idf_esp_driver_uart.dir/src/uhci.c.obj
[295/2186] Building CXX object esp-idf/cxx/CMakeFiles/__idf_cxx.dir/cxx_exception_stubs.cpp.obj
[296/2186] Building CXX object esp-idf/cxx/CMakeFiles/__idf_cxx.dir/cxx_init.cpp.obj
[297/2186] Building C object esp-idf/esp_event/CMakeFiles/__idf_esp_event.dir/esp_event.c.obj
[298/2186] Building C object esp-idf/pthread/CMakeFiles/__idf_pthread.dir/pthread_cond_var.c.obj
[299/2186] Building C object esp-idf/esp_libc/CMakeFiles/__idf_esp_libc.dir/src/init.c.obj
[300/2186] Building C object esp-idf/pthread/CMakeFiles/__idf_pthread.dir/pthread_semaphore.c.obj
[301/2186] Building C object esp-idf/esp_libc/CMakeFiles/__idf_esp_libc.dir/src/abort.c.obj
[302/2186] Building C object esp-idf/pthread/CMakeFiles/__idf_pthread.dir/pthread_local_storage.c.obj
[303/2186] Building C object esp-idf/esp_libc/CMakeFiles/__idf_esp_libc.dir/src/assert.c.obj
[304/2186] Building C object esp-idf/pthread/CMakeFiles/__idf_pthread.dir/pthread_rwlock.c.obj
[305/2186] Building C object esp-idf/esp_ringbuf/CMakeFiles/__idf_esp_ringbuf.dir/ringbuf.c.obj
[306/2186] Building C object esp-idf/esp_libc/CMakeFiles/__idf_esp_libc.dir/src/heap.c.obj
[307/2186] Building C object esp-idf/pthread/CMakeFiles/__idf_pthread.dir/pthread.c.obj
[308/2186] Linking C static library esp-idf/lwip/liblwip.a
[309/2186] Building C object esp-idf/esp_libc/CMakeFiles/__idf_esp_libc.dir/src/poll.c.obj
[310/2186] Building C object esp-idf/esp_libc/CMakeFiles/__idf_esp_libc.dir/src/termios.c.obj
[311/2186] Building C object esp-idf/esp_libc/CMakeFiles/__idf_esp_libc.dir/src/pthread.c.obj
[312/2186] Building C object esp-idf/esp_libc/CMakeFiles/__idf_esp_libc.dir/src/getentropy.c.obj
[313/2186] Building C object esp-idf/esp_libc/CMakeFiles/__idf_esp_libc.dir/src/random.c.obj
[314/2186] Linking C static library esp-idf/vfs/libvfs.a
[315/2186] Building C object esp-idf/esp_libc/CMakeFiles/__idf_esp_libc.dir/src/realpath.c.obj
[316/2186] Building C object esp-idf/esp_libc/CMakeFiles/__idf_esp_libc.dir/src/sysconf.c.obj
[317/2186] Building C object esp-idf/esp_libc/CMakeFiles/__idf_esp_libc.dir/src/locks.c.obj
[318/2186] Building C object esp-idf/esp_libc/CMakeFiles/__idf_esp_libc.dir/src/scandir.c.obj
[319/2186] Building C object esp-idf/esp_libc/CMakeFiles/__idf_esp_libc.dir/src/syscalls.c.obj
[320/2186] Linking C static library esp-idf/esp_driver_usb_serial_jtag/libesp_driver_usb_serial_jtag.a
[321/2186] Building CXX object esp-idf/cxx/CMakeFiles/__idf_cxx.dir/cxx_guards.cpp.obj
[322/2186] Building C object esp-idf/esp_libc/CMakeFiles/__idf_esp_libc.dir/src/reent_syscalls.c.obj
[323/2186] Building C object esp-idf/esp_libc/CMakeFiles/__idf_esp_libc.dir/src/port/esp_time_impl.c.obj
[324/2186] Building C object esp-idf/esp_libc/CMakeFiles/__idf_esp_libc.dir/src/picolibc/rand.c.obj
[325/2186] Building C object esp-idf/esp_libc/CMakeFiles/__idf_esp_libc.dir/src/picolibc/picolibc_init.c.obj
[326/2186] Building C object esp-idf/esp_libc/CMakeFiles/__idf_esp_libc.dir/src/time.c.obj
[327/2186] Building C object esp-idf/esp_libc/CMakeFiles/__idf_esp_libc.dir/src/picolibc/errno.c.obj
[328/2186] Building C object esp-idf/esp_libc/CMakeFiles/__idf_esp_libc.dir/src/picolibc/bufio_setvbuf.c.obj
[329/2186] Building C object esp-idf/esp_libc/CMakeFiles/__idf_esp_libc.dir/src/picolibc/open_memstream.c.obj
[330/2186] Building C object esp-idf/esp_libc/CMakeFiles/__idf_esp_libc.dir/src/picolibc/getreent.c.obj
[331/2186] Building C object esp-idf/esp_libc/CMakeFiles/__idf_esp_libc.dir/src/picolibc/fopencookie.c.obj
[332/2186] Building C object esp-idf/freertos/CMakeFiles/__idf_freertos.dir/heap_idf.c.obj
[333/2186] Building C object esp-idf/freertos/CMakeFiles/__idf_freertos.dir/port_common.c.obj
[334/2186] Building C object esp-idf/freertos/CMakeFiles/__idf_freertos.dir/app_startup.c.obj
[335/2186] Building C object esp-idf/freertos/CMakeFiles/__idf_freertos.dir/FreeRTOS-Kernel/list.c.obj
[336/2186] Building C object esp-idf/freertos/CMakeFiles/__idf_freertos.dir/port_systick.c.obj
[337/2186] Building ASM object esp-idf/freertos/CMakeFiles/__idf_freertos.dir/FreeRTOS-Kernel/portable/xtensa/portasm.S.obj
[338/2186] Building C object esp-idf/freertos/CMakeFiles/__idf_freertos.dir/FreeRTOS-Kernel/event_groups.c.obj
[339/2186] Building C object esp-idf/esp_libc/CMakeFiles/__idf_esp_libc.dir/src/port/xtensa/stdatomic_s32c1i.c.obj
[340/2186] Building C object esp-idf/freertos/CMakeFiles/__idf_freertos.dir/FreeRTOS-Kernel/portable/xtensa/xtensa_init.c.obj
[341/2186] Building C object esp-idf/freertos/CMakeFiles/__idf_freertos.dir/FreeRTOS-Kernel/portable/xtensa/port.c.obj
[342/2186] Building C object esp-idf/freertos/CMakeFiles/__idf_freertos.dir/FreeRTOS-Kernel/portable/xtensa/xtensa_overlay_os_hook.c.obj
[343/2186] Building C object esp-idf/freertos/CMakeFiles/__idf_freertos.dir/FreeRTOS-Kernel/timers.c.obj
[344/2186] Building C object esp-idf/freertos/CMakeFiles/__idf_freertos.dir/esp_additions/idf_additions_event_groups.c.obj
[345/2186] Building C object esp-idf/esp_hw_support/CMakeFiles/__idf_esp_hw_support.dir/port/esp32s3/esp_cpu_intr.c.obj
[346/2186] Building C object esp-idf/esp_hw_support/CMakeFiles/__idf_esp_hw_support.dir/cpu.c.obj
[347/2186] Building C object esp-idf/freertos/CMakeFiles/__idf_freertos.dir/esp_additions/idf_additions.c.obj
[348/2186] Building C object esp-idf/esp_hw_support/CMakeFiles/__idf_esp_hw_support.dir/port/esp32s3/cpu_region_protect.c.obj
[349/2186] Building C object esp-idf/esp_hw_support/CMakeFiles/__idf_esp_hw_support.dir/esp_memory_utils.c.obj
[350/2186] Building C object esp-idf/esp_hw_support/CMakeFiles/__idf_esp_hw_support.dir/clk_ctrl_os.c.obj
[351/2186] Building C object esp-idf/freertos/CMakeFiles/__idf_freertos.dir/FreeRTOS-Kernel/stream_buffer.c.obj
[352/2186] Building C object esp-idf/esp_hw_support/CMakeFiles/__idf_esp_hw_support.dir/hw_random.c.obj
[353/2186] Building C object esp-idf/esp_hw_support/CMakeFiles/__idf_esp_hw_support.dir/esp_clk.c.obj
[354/2186] Building C object esp-idf/esp_hw_support/CMakeFiles/__idf_esp_hw_support.dir/revision.c.obj
[355/2186] Building C object esp-idf/esp_hw_support/CMakeFiles/__idf_esp_hw_support.dir/mac_addr.c.obj
[356/2186] Building C object esp-idf/esp_hw_support/CMakeFiles/__idf_esp_hw_support.dir/esp_gpio_reserve.c.obj
[357/2186] Building C object esp-idf/esp_hw_support/CMakeFiles/__idf_esp_hw_support.dir/rtc_module.c.obj
[358/2186] Building C object esp-idf/esp_hw_support/CMakeFiles/__idf_esp_hw_support.dir/regi2c_ctrl.c.obj
[359/2186] Building C object esp-idf/freertos/CMakeFiles/__idf_freertos.dir/FreeRTOS-Kernel/queue.c.obj
[360/2186] Building C object esp-idf/esp_hw_support/CMakeFiles/__idf_esp_hw_support.dir/sar_tsens_ctrl.c.obj
[361/2186] Building C object esp-idf/esp_hw_support/CMakeFiles/__idf_esp_hw_support.dir/periph_ctrl.c.obj
[362/2186] Building C object esp-idf/esp_hw_support/CMakeFiles/__idf_esp_hw_support.dir/port/esp32s3/io_mux.c.obj
[363/2186] Building C object esp-idf/esp_hw_support/CMakeFiles/__idf_esp_hw_support.dir/port/esp32s3/esp_clk_tree.c.obj
[364/2186] Building C object esp-idf/esp_hw_support/CMakeFiles/__idf_esp_hw_support.dir/heap_align_hw.c.obj
[365/2186] Building C object esp-idf/esp_driver_uart/CMakeFiles/__idf_esp_driver_uart.dir/src/uart.c.obj
[366/2186] Building C object esp-idf/esp_hw_support/CMakeFiles/__idf_esp_hw_support.dir/clk_utils.c.obj
[367/2186] Building C object esp-idf/esp_libc/CMakeFiles/__idf_esp_libc.dir/src/stdatomic.c.obj
[368/2186] Linking C static library esp-idf/esp_driver_uart/libesp_driver_uart.a
[369/2186] Building C object esp-idf/esp_hw_support/CMakeFiles/__idf_esp_hw_support.dir/spi_share_hw_ctrl.c.obj
[370/2186] Building C object esp-idf/esp_hw_support/CMakeFiles/__idf_esp_hw_support.dir/port/esp_clk_tree_common.c.obj
[371/2186] Building C object esp-idf/esp_hw_support/CMakeFiles/__idf_esp_hw_support.dir/adc_share_hw_ctrl.c.obj
[372/2186] Building C object esp-idf/esp_hw_support/CMakeFiles/__idf_esp_hw_support.dir/sleep_modem.c.obj
[373/2186] Linking C static library esp-idf/esp_event/libesp_event.a
[374/2186] Building C object esp-idf/esp_hw_support/CMakeFiles/__idf_esp_hw_support.dir/sleep_mspi.c.obj
[375/2186] Building C object esp-idf/esp_hw_support/CMakeFiles/__idf_esp_hw_support.dir/sleep_console.c.obj
[376/2186] Building C object esp-idf/esp_hw_support/CMakeFiles/__idf_esp_hw_support.dir/sleep_usb.c.obj
[377/2186] Building C object esp-idf/esp_hw_support/CMakeFiles/__idf_esp_hw_support.dir/sleep_uart.c.obj
[378/2186] Linking C static library esp-idf/esp_psram/libesp_psram.a
[379/2186] Building C object esp-idf/esp_hw_support/CMakeFiles/__idf_esp_hw_support.dir/spi_bus_lock.c.obj
[380/2186] Building C object esp-idf/esp_hw_support/CMakeFiles/__idf_esp_hw_support.dir/port/esp32s3/systimer.c.obj
[381/2186] Building C object esp-idf/esp_hw_support/CMakeFiles/__idf_esp_hw_support.dir/sleep_event.c.obj
[382/2186] Linking C static library esp-idf/esp_ringbuf/libesp_ringbuf.a
[383/2186] Building C object esp-idf/esp_hw_support/CMakeFiles/__idf_esp_hw_support.dir/intr_alloc.c.obj
[384/2186] Linking C static library esp-idf/soc/libsoc.a
[385/2186] Building C object esp-idf/esp_hw_support/CMakeFiles/__idf_esp_hw_support.dir/sleep_wake_stub.c.obj
[386/2186] Building C object esp-idf/esp_hw_support/CMakeFiles/__idf_esp_hw_support.dir/usb_phy/usb_phy.c.obj
[387/2186] Building C object esp-idf/esp_hw_support/CMakeFiles/__idf_esp_hw_support.dir/power_supply/brownout.c.obj
[388/2186] Linking C static library esp-idf/cxx/libcxx.a
[389/2186] Building C object esp-idf/esp_hw_support/CMakeFiles/__idf_esp_hw_support.dir/sleep_gpio.c.obj
[390/2186] Building C object esp-idf/esp_hw_support/CMakeFiles/__idf_esp_hw_support.dir/esp_clock_output.c.obj
[391/2186] Building C object esp-idf/esp_hw_support/CMakeFiles/__idf_esp_hw_support.dir/mspi_timing_tuning/mspi_timing_tuning.c.obj
[392/2186] Building C object esp-idf/esp_hw_support/CMakeFiles/__idf_esp_hw_support.dir/port/esp32s3/rtc_clk_init.c.obj
[393/2186] Building C object esp-idf/esp_hw_support/CMakeFiles/__idf_esp_hw_support.dir/port/esp32s3/chip_info.c.obj
[394/2186] Linking C static library esp-idf/pthread/libpthread.a
[395/2186] Building C object esp-idf/esp_hw_support/CMakeFiles/__idf_esp_hw_support.dir/port/esp_memprot_conv.c.obj
[396/2186] Building C object esp-idf/esp_hw_support/CMakeFiles/__idf_esp_hw_support.dir/port/esp32s3/sar_periph_ctrl.c.obj
[397/2186] Building C object esp-idf/esp_hw_support/CMakeFiles/__idf_esp_hw_support.dir/port/esp32s3/rtc_sleep.c.obj
[398/2186] Building C object esp-idf/esp_hw_support/CMakeFiles/__idf_esp_hw_support.dir/port/esp32s3/rtc_time.c.obj
[399/2186] Linking C static library esp-idf/esp_libc/libesp_libc.a
[400/2186] Building C object esp-idf/esp_hw_support/CMakeFiles/__idf_esp_hw_support.dir/port/esp32s3/rtc_clk.c.obj
[401/2186] Building C object esp-idf/esp_hw_support/CMakeFiles/__idf_esp_hw_support.dir/port/esp32s3/rtc_init.c.obj
[402/2186] Building C object esp-idf/esp_hal_i2s/CMakeFiles/__idf_esp_hal_i2s.dir/esp32s3/i2s_periph.c.obj
[403/2186] Building C object esp-idf/esp_hw_support/CMakeFiles/__idf_esp_hw_support.dir/mspi_timing_tuning/port/esp32s3/mspi_timing_config.c.obj
[404/2186] Building C object esp-idf/esp_hal_touch_sens/CMakeFiles/__idf_esp_hal_touch_sens.dir/esp32s3/touch_sensor_periph.c.obj
[405/2186] Building C object esp-idf/esp_hw_support/CMakeFiles/__idf_esp_hw_support.dir/lowpower/port/esp32s3/sleep_cpu.c.obj
[406/2186] Building C object esp-idf/esp_hal_touch_sens/CMakeFiles/__idf_esp_hal_touch_sens.dir/touch_sensor_legacy_hal.c.obj
[407/2186] Building C object esp-idf/esp_hal_touch_sens/CMakeFiles/__idf_esp_hal_touch_sens.dir/touch_sens_hal.c.obj
[408/2186] Building C object esp-idf/esp_hal_touch_sens/CMakeFiles/__idf_esp_hal_touch_sens.dir/esp32s3/touch_sensor_legacy_hal.c.obj
[409/2186] Building C object esp-idf/esp_hal_pmu/CMakeFiles/__idf_esp_hal_pmu.dir/esp32s3/rtc_cntl_hal.c.obj
[410/2186] Building C object esp-idf/esp_hal_pmu/CMakeFiles/__idf_esp_hal_pmu.dir/brownout_hal.c.obj
[411/2186] Building C object esp-idf/esp_hal_i2s/CMakeFiles/__idf_esp_hal_i2s.dir/i2s_hal.c.obj
[412/2186] Building C object esp-idf/esp_hal_usb/CMakeFiles/__idf_esp_hal_usb.dir/esp32s3/usb_dwc_periph.c.obj
[413/2186] Building C object esp-idf/esp_hal_usb/CMakeFiles/__idf_esp_hal_usb.dir/usb_wrap_hal.c.obj
[414/2186] Building C object esp-idf/esp_hal_usb/CMakeFiles/__idf_esp_hal_usb.dir/usb_serial_jtag_hal.c.obj
[415/2186] Building C object esp-idf/esp_hal_gpio/CMakeFiles/__idf_esp_hal_gpio.dir/esp32s3/rtc_io_periph.c.obj
[416/2186] Building C object esp-idf/esp_hal_gpio/CMakeFiles/__idf_esp_hal_gpio.dir/gpio_hal.c.obj
[417/2186] Building C object esp-idf/esp_hal_gpio/CMakeFiles/__idf_esp_hal_gpio.dir/esp32s3/dedic_gpio_periph.c.obj
[418/2186] Building C object esp-idf/esp_hw_support/CMakeFiles/__idf_esp_hw_support.dir/mspi_timing_tuning/port/esp32s3/mspi_timing_by_mspi_delay.c.obj
[419/2186] Building C object esp-idf/esp_hal_gpio/CMakeFiles/__idf_esp_hal_gpio.dir/sdm_hal.c.obj
[420/2186] Building C object esp-idf/esp_hal_gpio/CMakeFiles/__idf_esp_hal_gpio.dir/esp32s3/sdm_periph.c.obj
[421/2186] Building C object esp-idf/esp_hal_gpio/CMakeFiles/__idf_esp_hal_gpio.dir/rtc_io_hal.c.obj
[422/2186] Building C object esp-idf/hal/CMakeFiles/__idf_hal.dir/hal_utils.c.obj
[423/2186] Building C object esp-idf/hal/CMakeFiles/__idf_hal.dir/efuse_hal.c.obj
[424/2186] Building C object esp-idf/esp_hal_usb/CMakeFiles/__idf_esp_hal_usb.dir/usb_dwc_hal.c.obj
[425/2186] Building C object esp-idf/hal/CMakeFiles/__idf_hal.dir/color_hal.c.obj
[426/2186] Building C object esp-idf/hal/CMakeFiles/__idf_hal.dir/esp32s3/efuse_hal.c.obj
[427/2186] Building C object esp-idf/hal/CMakeFiles/__idf_hal.dir/cache_hal.c.obj
[428/2186] Building C object esp-idf/hal/CMakeFiles/__idf_hal.dir/systimer_hal.c.obj
[429/2186] Building C object esp-idf/hal/CMakeFiles/__idf_hal.dir/mmu_hal.c.obj
[430/2186] Building C object esp-idf/freertos/CMakeFiles/__idf_freertos.dir/FreeRTOS-Kernel/tasks.c.obj
[431/2186] Building C object esp-idf/heap/CMakeFiles/__idf_heap.dir/heap_caps_base.c.obj
[432/2186] Building C object esp-idf/heap/CMakeFiles/__idf_heap.dir/port/memory_layout_utils.c.obj
[433/2186] Building C object esp-idf/heap/CMakeFiles/__idf_heap.dir/port/esp32s3/memory_layout.c.obj
[434/2186] Building C object esp-idf/heap/CMakeFiles/__idf_heap.dir/heap_caps_init.c.obj
[435/2186] Building C object esp-idf/heap/CMakeFiles/__idf_heap.dir/multi_heap.c.obj
[436/2186] Building C object esp-idf/esp_hw_support/CMakeFiles/__idf_esp_hw_support.dir/sleep_modes.c.obj
[437/2186] Linking C static library esp-idf/freertos/libfreertos.a
[438/2186] Building C object esp-idf/log/CMakeFiles/__idf_log.dir/src/log_timestamp_common.c.obj
[439/2186] Building C object esp-idf/log/CMakeFiles/__idf_log.dir/src/os/log_lock.c.obj
[440/2186] Building C object esp-idf/log/CMakeFiles/__idf_log.dir/src/os/log_timestamp.c.obj
[441/2186] Building C object esp-idf/log/CMakeFiles/__idf_log.dir/src/util.c.obj
[442/2186] Building C object esp-idf/log/CMakeFiles/__idf_log.dir/src/os/util.c.obj
[443/2186] Building C object esp-idf/log/CMakeFiles/__idf_log.dir/src/buffer/log_buffers.c.obj
[444/2186] Building C object esp-idf/log/CMakeFiles/__idf_log.dir/src/log_print.c.obj
[445/2186] Building C object esp-idf/log/CMakeFiles/__idf_log.dir/src/log.c.obj
[446/2186] Building C object esp-idf/log/CMakeFiles/__idf_log.dir/src/log_format_text.c.obj
[447/2186] Building C object esp-idf/log/CMakeFiles/__idf_log.dir/src/os/log_write.c.obj
[448/2186] Building C object esp-idf/log/CMakeFiles/__idf_log.dir/src/log_level/log_level.c.obj
[449/2186] Building C object esp-idf/log/CMakeFiles/__idf_log.dir/src/log_level/tag_log_level/tag_log_level.c.obj
[450/2186] Building C object esp-idf/esp_rom/CMakeFiles/__idf_esp_rom.dir/patches/esp_rom_crc.c.obj
[451/2186] Building C object esp-idf/log/CMakeFiles/__idf_log.dir/src/log_level/tag_log_level/linked_list/log_linked_list.c.obj
[452/2186] Building C object esp-idf/esp_rom/CMakeFiles/__idf_esp_rom.dir/patches/esp_rom_sys.c.obj
[453/2186] Building C object esp-idf/esp_rom/CMakeFiles/__idf_esp_rom.dir/patches/esp_rom_serial_output.c.obj
[454/2186] Building C object esp-idf/log/CMakeFiles/__idf_log.dir/src/log_level/tag_log_level/cache/log_binary_heap.c.obj
[455/2186] Building C object esp-idf/esp_rom/CMakeFiles/__idf_esp_rom.dir/patches/esp_rom_efuse.c.obj
[456/2186] Building C object esp-idf/esp_rom/CMakeFiles/__idf_esp_rom.dir/patches/esp_rom_spiflash.c.obj
[457/2186] Building C object esp-idf/esp_rom/CMakeFiles/__idf_esp_rom.dir/patches/esp_rom_gpio.c.obj
[458/2186] Building ASM object esp-idf/esp_rom/CMakeFiles/__idf_esp_rom.dir/patches/esp_rom_longjmp.S.obj
[459/2186] Building C object esp-idf/esp_rom/CMakeFiles/__idf_esp_rom.dir/patches/esp_rom_systimer.c.obj
[460/2186] Building ASM object esp-idf/esp_rom/CMakeFiles/__idf_esp_rom.dir/patches/esp_rom_cache_writeback_esp32s3.S.obj
[461/2186] Building C object esp-idf/esp_rom/CMakeFiles/__idf_esp_rom.dir/patches/esp_rom_cache_esp32s2_esp32s3.c.obj
[462/2186] Building C object esp-idf/heap/CMakeFiles/__idf_heap.dir/heap_caps.c.obj
[463/2186] Building C object esp-idf/esp_system/CMakeFiles/__idf_esp_system.dir/esp_err.c.obj
[464/2186] Building C object esp-idf/esp_system/CMakeFiles/__idf_esp_system.dir/crosscore_int.c.obj
[465/2186] Building C object esp-idf/esp_system/CMakeFiles/__idf_esp_system.dir/esp_ipc.c.obj
[466/2186] Building C object esp-idf/esp_system/CMakeFiles/__idf_esp_system.dir/esp_system.c.obj
[467/2186] Building C object esp-idf/esp_rom/CMakeFiles/__idf_esp_rom.dir/patches/esp_rom_print.c.obj
[468/2186] Building C object esp-idf/esp_system/CMakeFiles/__idf_esp_system.dir/int_wdt.c.obj
[469/2186] Building C object esp-idf/esp_system/CMakeFiles/__idf_esp_system.dir/freertos_hooks.c.obj
[470/2186] Building C object esp-idf/esp_system/CMakeFiles/__idf_esp_system.dir/startup.c.obj
[471/2186] Building C object esp-idf/esp_system/CMakeFiles/__idf_esp_system.dir/stack_check.c.obj
[472/2186] Building C object esp-idf/esp_system/CMakeFiles/__idf_esp_system.dir/system_time.c.obj
[473/2186] Building C object esp-idf/esp_system/CMakeFiles/__idf_esp_system.dir/startup_funcs.c.obj
[474/2186] Building C object esp-idf/esp_hw_support/CMakeFiles/__idf_esp_hw_support.dir/port/esp32s3/esp_memprot.c.obj
[475/2186] Building C object esp-idf/esp_common/CMakeFiles/__idf_esp_common.dir/src/esp_err_to_name.c.obj
[476/2186] Building C object esp-idf/esp_system/CMakeFiles/__idf_esp_system.dir/ubsan.c.obj
[477/2186] Building C object esp-idf/esp_system/CMakeFiles/__idf_esp_system.dir/panic.c.obj
[478/2186] Building C object esp-idf/esp_system/CMakeFiles/__idf_esp_system.dir/xt_wdt.c.obj
[479/2186] Building C object esp-idf/esp_system/CMakeFiles/__idf_esp_system.dir/port/esp_system_chip.c.obj
[480/2186] Building C object esp-idf/esp_system/CMakeFiles/__idf_esp_system.dir/port/arch/xtensa/esp_ipc_isr_port.c.obj
[481/2186] Building C object esp-idf/esp_system/CMakeFiles/__idf_esp_system.dir/port/panic_handler.c.obj
[482/2186] Building C object esp-idf/esp_system/CMakeFiles/__idf_esp_system.dir/port/esp_ipc_isr.c.obj
[483/2186] Building ASM object esp-idf/esp_system/CMakeFiles/__idf_esp_system.dir/port/arch/xtensa/esp_ipc_isr_handler.S.obj
[484/2186] Building C object esp-idf/esp_system/CMakeFiles/__idf_esp_system.dir/port/image_process.c.obj
[485/2186] Building ASM object esp-idf/esp_system/CMakeFiles/__idf_esp_system.dir/port/arch/xtensa/esp_ipc_isr_routines.S.obj
[486/2186] Building C object esp-idf/esp_system/CMakeFiles/__idf_esp_system.dir/task_wdt/task_wdt_impl_timergroup.c.obj
[487/2186] Linking C static library esp-idf/esp_hw_support/libesp_hw_support.a
[488/2186] Building ASM object esp-idf/esp_system/CMakeFiles/__idf_esp_system.dir/port/arch/xtensa/panic_handler_asm.S.obj
[489/2186] Building ASM object esp-idf/esp_system/CMakeFiles/__idf_esp_system.dir/port/arch/xtensa/expression_with_stack_asm.S.obj
[490/2186] Building ASM object esp-idf/esp_system/CMakeFiles/__idf_esp_system.dir/port/arch/xtensa/debug_helpers_asm.S.obj
[491/2186] Linking C static library esp-idf/esp_hal_i2s/libesp_hal_i2s.a
[492/2186] Building C object esp-idf/esp_system/CMakeFiles/__idf_esp_system.dir/port/arch/xtensa/expression_with_stack.c.obj
[493/2186] Building C object esp-idf/esp_system/CMakeFiles/__idf_esp_system.dir/port/arch/xtensa/debug_stubs.c.obj
[494/2186] Building ASM object esp-idf/esp_system/CMakeFiles/__idf_esp_system.dir/port/soc/esp32s3/highint_hdl.S.obj
[495/2186] Building C object esp-idf/esp_system/CMakeFiles/__idf_esp_system.dir/port/arch/xtensa/trax.c.obj
[496/2186] Building C object esp-idf/esp_system/CMakeFiles/__idf_esp_system.dir/port/arch/xtensa/panic_arch.c.obj
[497/2186] Linking C static library esp-idf/esp_hal_touch_sens/libesp_hal_touch_sens.a
[498/2186] Linking C static library esp-idf/esp_hal_pmu/libesp_hal_pmu.a
[499/2186] Building C object esp-idf/esp_system/CMakeFiles/__idf_esp_system.dir/port/soc/esp32s3/reset_reason.c.obj
[500/2186] Building C object esp-idf/esp_system/CMakeFiles/__idf_esp_system.dir/port/soc/esp32s3/apb_backup_dma.c.obj
[501/2186] Building C object esp-idf/esp_system/CMakeFiles/__idf_esp_system.dir/port/arch/xtensa/debug_helpers.c.obj
[502/2186] Building C object esp-idf/esp_system/CMakeFiles/__idf_esp_system.dir/port/soc/esp32s3/clk.c.obj
[503/2186] Building C object esp-idf/esp_system/CMakeFiles/__idf_esp_system.dir/port/soc/esp32s3/cache_err_int.c.obj
[504/2186] Building C object esp-idf/esp_system/CMakeFiles/__idf_esp_system.dir/port/cpu_start.c.obj
[505/2186] Building C object esp-idf/esp_system/CMakeFiles/__idf_esp_system.dir/port/soc/esp32s3/system_internal.c.obj
[506/2186] Linking C static library esp-idf/esp_hal_usb/libesp_hal_usb.a
[507/2186] Building C object esp-idf/spi_flash/CMakeFiles/__idf_spi_flash.dir/flash_brownout_hook.c.obj
[508/2186] Building C object esp-idf/spi_flash/CMakeFiles/__idf_spi_flash.dir/spi_flash_chip_drivers.c.obj
[509/2186] Building C object esp-idf/esp_system/CMakeFiles/__idf_esp_system.dir/task_wdt/task_wdt.c.obj
[510/2186] Building C object esp-idf/spi_flash/CMakeFiles/__idf_spi_flash.dir/spi_flash_hpm_enable.c.obj
[511/2186] Linking C static library esp-idf/esp_hal_gpio/libesp_hal_gpio.a
[512/2186] Building C object esp-idf/spi_flash/CMakeFiles/__idf_spi_flash.dir/esp32s3/spi_flash_oct_flash_init.c.obj
[513/2186] Building C object esp-idf/spi_flash/CMakeFiles/__idf_spi_flash.dir/spi_flash_chip_issi.c.obj
[514/2186] Building C object esp-idf/spi_flash/CMakeFiles/__idf_spi_flash.dir/spi_flash_chip_mxic.c.obj
[515/2186] Building C object esp-idf/spi_flash/CMakeFiles/__idf_spi_flash.dir/spi_flash_chip_boya.c.obj
[516/2186] Linking C static library esp-idf/hal/libhal.a
[517/2186] Building C object esp-idf/spi_flash/CMakeFiles/__idf_spi_flash.dir/spi_flash_chip_th.c.obj
[518/2186] Building C object esp-idf/spi_flash/CMakeFiles/__idf_spi_flash.dir/spi_flash_chip_gd.c.obj
[519/2186] Building C object esp-idf/spi_flash/CMakeFiles/__idf_spi_flash.dir/spi_flash_blockdev.c.obj
[520/2186] Building C object esp-idf/spi_flash/CMakeFiles/__idf_spi_flash.dir/spi_flash_chip_winbond.c.obj
[521/2186] Building C object esp-idf/spi_flash/CMakeFiles/__idf_spi_flash.dir/memspi_host_driver.c.obj
[522/2186] Building C object esp-idf/spi_flash/CMakeFiles/__idf_spi_flash.dir/spi_flash_wrap.c.obj
[523/2186] Building C object esp-idf/spi_flash/CMakeFiles/__idf_spi_flash.dir/flash_ops.c.obj
[524/2186] Building C object esp-idf/spi_flash/CMakeFiles/__idf_spi_flash.dir/flash_mmap.c.obj
[525/2186] Building C object esp-idf/spi_flash/CMakeFiles/__idf_spi_flash.dir/spi_flash_os_func_noos.c.obj
[526/2186] Building C object esp-idf/spi_flash/CMakeFiles/__idf_spi_flash.dir/cache_utils.c.obj
[527/2186] Building C object esp-idf/heap/CMakeFiles/__idf_heap.dir/tlsf/tlsf.c.obj
[528/2186] Building C object esp-idf/spi_flash/CMakeFiles/__idf_spi_flash.dir/spi_flash_chip_mxic_opi.c.obj
[529/2186] Building C object esp-idf/bootloader_support/CMakeFiles/__idf_bootloader_support.dir/src/bootloader_clock_init.c.obj
[530/2186] Building C object esp-idf/spi_flash/CMakeFiles/__idf_spi_flash.dir/spi_flash_os_func_app.c.obj
[531/2186] Linking C static library esp-idf/heap/libheap.a
[532/2186] Building C object esp-idf/bootloader_support/CMakeFiles/__idf_bootloader_support.dir/src/bootloader_common.c.obj
[533/2186] Building C object esp-idf/bootloader_support/CMakeFiles/__idf_bootloader_support.dir/src/bootloader_mem.c.obj
[534/2186] Building C object esp-idf/bootloader_support/CMakeFiles/__idf_bootloader_support.dir/src/bootloader_random.c.obj
[535/2186] Building C object esp-idf/bootloader_support/CMakeFiles/__idf_bootloader_support.dir/src/bootloader_common_loader.c.obj
[536/2186] Building C object esp-idf/spi_flash/CMakeFiles/__idf_spi_flash.dir/spi_flash_chip_generic.c.obj
[537/2186] Building C object esp-idf/bootloader_support/CMakeFiles/__idf_bootloader_support.dir/src/bootloader_efuse.c.obj
[538/2186] Linking C static library esp-idf/log/liblog.a
[539/2186] Building C object esp-idf/spi_flash/CMakeFiles/__idf_spi_flash.dir/esp_flash_spi_init.c.obj
[540/2186] Building C object esp-idf/bootloader_support/CMakeFiles/__idf_bootloader_support.dir/src/flash_encrypt.c.obj
[541/2186] Building C object esp-idf/bootloader_support/CMakeFiles/__idf_bootloader_support.dir/src/bootloader_random_esp32s3.c.obj
[542/2186] Building C object esp-idf/bootloader_support/CMakeFiles/__idf_bootloader_support.dir/src/secure_boot.c.obj
[543/2186] Linking C static library esp-idf/esp_rom/libesp_rom.a
[544/2186] Building C object esp-idf/bootloader_support/CMakeFiles/__idf_bootloader_support.dir/bootloader_flash/src/flash_qio_mode.c.obj
[545/2186] Building C object esp-idf/bootloader_support/CMakeFiles/__idf_bootloader_support.dir/src/flash_partitions.c.obj
[546/2186] Building C object esp-idf/bootloader_support/CMakeFiles/__idf_bootloader_support.dir/bootloader_flash/src/bootloader_flash_config_esp32s3.c.obj
[547/2186] Building C object esp-idf/bootloader_support/CMakeFiles/__idf_bootloader_support.dir/src/esp32s3/secure_boot_secure_features.c.obj
[548/2186] Linking C static library esp-idf/esp_common/libesp_common.a
[549/2186] Building C object esp-idf/esp_hal_ana_conv/CMakeFiles/__idf_esp_hal_ana_conv.dir/esp32s3/adc_periph.c.obj
[550/2186] Building C object esp-idf/esp_hal_ana_conv/CMakeFiles/__idf_esp_hal_ana_conv.dir/adc_oneshot_hal.c.obj
[551/2186] Building C object esp-idf/bootloader_support/CMakeFiles/__idf_bootloader_support.dir/bootloader_flash/src/bootloader_flash.c.obj
[552/2186] Building C object esp-idf/esp_hal_ana_conv/CMakeFiles/__idf_esp_hal_ana_conv.dir/temperature_sensor_hal.c.obj
[553/2186] Building C object esp-idf/esp_hal_ana_conv/CMakeFiles/__idf_esp_hal_ana_conv.dir/esp32s3/temperature_sensor_periph.c.obj
[554/2186] Building C object esp-idf/bootloader_support/CMakeFiles/__idf_bootloader_support.dir/src/bootloader_sha.c.obj
[555/2186] Building C object esp-idf/esp_hal_ana_conv/CMakeFiles/__idf_esp_hal_ana_conv.dir/adc_hal_common.c.obj
[556/2186] Linking C static library esp-idf/esp_system/libesp_system.a
[557/2186] Building C object esp-idf/esp_hal_wdt/CMakeFiles/__idf_esp_hal_wdt.dir/esp32s3/mwdt_periph.c.obj
[558/2186] Building C object esp-idf/esp_hal_ana_conv/CMakeFiles/__idf_esp_hal_ana_conv.dir/adc_hal.c.obj
[559/2186] Building C object esp-idf/esp_hal_wdt/CMakeFiles/__idf_esp_hal_wdt.dir/rom_patch.c.obj
[560/2186] Building C object esp-idf/mbedtls/mbedtls/tf-psa-crypto/drivers/everest/CMakeFiles/everest.dir/library/x25519.c.obj
[561/2186] Building C object esp-idf/mbedtls/mbedtls/tf-psa-crypto/drivers/everest/CMakeFiles/everest.dir/library/Hacl_Curve25519_joined.c.obj
[562/2186] Building C object esp-idf/esp_hal_wdt/CMakeFiles/__idf_esp_hal_wdt.dir/xt_wdt_hal.c.obj
[563/2186] Building C object esp-idf/mbedtls/mbedtls/tf-psa-crypto/drivers/p256-m/CMakeFiles/p256-m.dir/p256-m/p256-m.c.obj
[564/2186] Building C object esp-idf/mbedtls/mbedtls/tf-psa-crypto/drivers/p256-m/CMakeFiles/p256-m.dir/p256-m_driver_entrypoints.c.obj
[565/2186] Building C object esp-idf/mbedtls/mbedtls/tf-psa-crypto/drivers/builtin/CMakeFiles/builtin.dir/src/aesni.c.obj
[566/2186] Building C object esp-idf/mbedtls/mbedtls/tf-psa-crypto/drivers/builtin/CMakeFiles/builtin.dir/src/aesce.c.obj
[567/2186] Building C object esp-idf/mbedtls/mbedtls/tf-psa-crypto/drivers/builtin/CMakeFiles/builtin.dir/src/aria.c.obj
[568/2186] Building C object esp-idf/mbedtls/mbedtls/tf-psa-crypto/drivers/builtin/CMakeFiles/builtin.dir/src/bignum_mod.c.obj
[569/2186] Building C object esp-idf/bootloader_support/CMakeFiles/__idf_bootloader_support.dir/src/esp_image_format.c.obj
[570/2186] Building C object esp-idf/mbedtls/mbedtls/tf-psa-crypto/drivers/builtin/CMakeFiles/builtin.dir/src/block_cipher.c.obj
[571/2186] Building C object esp-idf/mbedtls/mbedtls/tf-psa-crypto/drivers/builtin/CMakeFiles/builtin.dir/src/bignum_mod_raw.c.obj
[572/2186] Building C object esp-idf/mbedtls/mbedtls/tf-psa-crypto/drivers/builtin/CMakeFiles/builtin.dir/src/camellia.c.obj
[573/2186] Building C object esp-idf/bootloader_support/CMakeFiles/__idf_bootloader_support.dir/src/bootloader_utility.c.obj
[574/2186] Building C object esp-idf/mbedtls/mbedtls/tf-psa-crypto/drivers/builtin/CMakeFiles/builtin.dir/src/chacha20.c.obj
[575/2186] Building C object esp-idf/mbedtls/mbedtls/tf-psa-crypto/drivers/builtin/CMakeFiles/builtin.dir/src/chacha20_neon.c.obj
[576/2186] Building C object esp-idf/mbedtls/mbedtls/tf-psa-crypto/drivers/builtin/CMakeFiles/builtin.dir/src/chachapoly.c.obj
[577/2186] Building C object esp-idf/spi_flash/CMakeFiles/__idf_spi_flash.dir/esp_flash_api.c.obj
[578/2186] Building C object esp-idf/mbedtls/mbedtls/tf-psa-crypto/drivers/builtin/CMakeFiles/builtin.dir/src/ccm.c.obj
[579/2186] Building C object esp-idf/mbedtls/mbedtls/tf-psa-crypto/drivers/builtin/CMakeFiles/builtin.dir/src/cipher_wrap.c.obj
[580/2186] Building C object esp-idf/mbedtls/mbedtls/tf-psa-crypto/drivers/builtin/CMakeFiles/builtin.dir/src/cipher.c.obj
[581/2186] Building C object esp-idf/mbedtls/mbedtls/tf-psa-crypto/drivers/builtin/CMakeFiles/builtin.dir/src/ecjpake.c.obj
[582/2186] Linking C static library esp-idf/spi_flash/libspi_flash.a
[583/2186] Building C object esp-idf/mbedtls/mbedtls/tf-psa-crypto/drivers/builtin/CMakeFiles/builtin.dir/src/ecp_curves_new.c.obj
[584/2186] Building C object esp-idf/mbedtls/mbedtls/tf-psa-crypto/drivers/builtin/CMakeFiles/builtin.dir/src/ecdsa.c.obj
[585/2186] Building C object esp-idf/mbedtls/mbedtls/tf-psa-crypto/drivers/builtin/CMakeFiles/builtin.dir/src/bignum_core.c.obj
[586/2186] Linking C static library esp-idf/bootloader_support/libbootloader_support.a
[587/2186] Building C object esp-idf/mbedtls/mbedtls/tf-psa-crypto/drivers/builtin/CMakeFiles/builtin.dir/src/cmac.c.obj
[588/2186] Building C object esp-idf/mbedtls/mbedtls/tf-psa-crypto/drivers/builtin/CMakeFiles/builtin.dir/src/entropy.c.obj
[589/2186] Building C object esp-idf/mbedtls/mbedtls/tf-psa-crypto/drivers/builtin/CMakeFiles/builtin.dir/src/entropy_poll.c.obj
[590/2186] Linking C static library esp-idf/esp_hal_ana_conv/libesp_hal_ana_conv.a
[591/2186] Building C object esp-idf/mbedtls/mbedtls/tf-psa-crypto/drivers/builtin/CMakeFiles/builtin.dir/src/ctr_drbg.c.obj
[592/2186] Building C object esp-idf/mbedtls/mbedtls/tf-psa-crypto/drivers/builtin/CMakeFiles/builtin.dir/src/md5.c.obj
[593/2186] Building C object esp-idf/mbedtls/mbedtls/tf-psa-crypto/drivers/builtin/CMakeFiles/builtin.dir/src/poly1305.c.obj
[594/2186] Building C object esp-idf/mbedtls/mbedtls/tf-psa-crypto/drivers/builtin/CMakeFiles/builtin.dir/src/aes.c.obj
[595/2186] Linking C static library esp-idf/esp_hal_wdt/libesp_hal_wdt.a
[596/2186] Building C object esp-idf/mbedtls/mbedtls/tf-psa-crypto/drivers/builtin/CMakeFiles/builtin.dir/src/hmac_drbg.c.obj
[597/2186] Linking CXX static library esp-idf/mbedtls/mbedtls/tf-psa-crypto/drivers/everest/libeverest.a
[598/2186] Building C object esp-idf/mbedtls/mbedtls/tf-psa-crypto/drivers/builtin/CMakeFiles/builtin.dir/src/psa_crypto_ffdh.c.obj
[599/2186] Building C object esp-idf/mbedtls/mbedtls/tf-psa-crypto/drivers/builtin/CMakeFiles/builtin.dir/src/psa_crypto_aead.c.obj
[600/2186] Building C object esp-idf/mbedtls/mbedtls/tf-psa-crypto/drivers/builtin/CMakeFiles/builtin.dir/src/psa_crypto_hash.c.obj
[601/2186] Linking CXX static library esp-idf/mbedtls/mbedtls/tf-psa-crypto/drivers/p256-m/libp256-m.a
[602/2186] Building C object esp-idf/mbedtls/mbedtls/tf-psa-crypto/drivers/builtin/CMakeFiles/builtin.dir/src/psa_crypto_cipher.c.obj
[603/2186] Building C object esp-idf/mbedtls/mbedtls/tf-psa-crypto/drivers/builtin/CMakeFiles/builtin.dir/src/psa_crypto_pake.c.obj
[604/2186] Building C object esp-idf/mbedtls/mbedtls/tf-psa-crypto/drivers/builtin/CMakeFiles/builtin.dir/src/psa_crypto_ecp.c.obj
[605/2186] Building C object esp-idf/mbedtls/mbedtls/tf-psa-crypto/drivers/builtin/CMakeFiles/builtin.dir/src/ecp_curves.c.obj
[606/2186] Building C object esp-idf/mbedtls/mbedtls/tf-psa-crypto/drivers/builtin/CMakeFiles/builtin.dir/src/psa_crypto_mac.c.obj
[607/2186] Building C object esp-idf/mbedtls/mbedtls/tf-psa-crypto/drivers/builtin/CMakeFiles/builtin.dir/src/psa_crypto_xof.c.obj
[608/2186] Building C object esp-idf/mbedtls/mbedtls/tf-psa-crypto/drivers/builtin/CMakeFiles/builtin.dir/src/ripemd160.c.obj
[609/2186] Building C object esp-idf/mbedtls/mbedtls/tf-psa-crypto/drivers/builtin/CMakeFiles/builtin.dir/src/psa_util_internal.c.obj
[610/2186] Building C object esp-idf/mbedtls/mbedtls/tf-psa-crypto/drivers/builtin/CMakeFiles/builtin.dir/src/sha1.c.obj
[611/2186] Building C object esp-idf/mbedtls/mbedtls/tf-psa-crypto/drivers/builtin/CMakeFiles/builtin.dir/src/sha512.c.obj
[612/2186] Building C object esp-idf/mbedtls/mbedtls/tf-psa-crypto/drivers/builtin/CMakeFiles/builtin.dir/src/rsa_alt_helpers.c.obj
[613/2186] Building C object esp-idf/mbedtls/mbedtls/tf-psa-crypto/drivers/pqcp/CMakeFiles/pqcp.dir/src/psa_crypto_mldsa.c.obj
[614/2186] Building C object esp-idf/mbedtls/mbedtls/tf-psa-crypto/drivers/builtin/CMakeFiles/builtin.dir/src/psa_crypto_rsa.c.obj
[615/2186] Building C object esp-idf/mbedtls/mbedtls/tf-psa-crypto/extras/CMakeFiles/extras.dir/lmots.c.obj
[616/2186] Building C object esp-idf/mbedtls/mbedtls/tf-psa-crypto/drivers/pqcp/CMakeFiles/pqcp.dir/src/wrap_mldsa_native.c.obj
[617/2186] Building C object esp-idf/mbedtls/mbedtls/tf-psa-crypto/drivers/builtin/CMakeFiles/builtin.dir/src/gcm.c.obj
[618/2186] Building C object esp-idf/mbedtls/mbedtls/tf-psa-crypto/extras/CMakeFiles/extras.dir/lms.c.obj
[619/2186] Building C object esp-idf/mbedtls/mbedtls/tf-psa-crypto/drivers/builtin/CMakeFiles/builtin.dir/src/sha3.c.obj
[620/2186] Building C object esp-idf/mbedtls/mbedtls/tf-psa-crypto/extras/CMakeFiles/extras.dir/nist_kw.c.obj
[621/2186] Building C object esp-idf/mbedtls/mbedtls/tf-psa-crypto/extras/CMakeFiles/extras.dir/pk_ecc.c.obj
[622/2186] Building C object esp-idf/mbedtls/mbedtls/tf-psa-crypto/extras/CMakeFiles/extras.dir/pk_rsa.c.obj
[623/2186] Building C object esp-idf/mbedtls/mbedtls/tf-psa-crypto/drivers/builtin/CMakeFiles/builtin.dir/src/sha256.c.obj
[624/2186] Building C object esp-idf/mbedtls/mbedtls/tf-psa-crypto/platform/CMakeFiles/platform.dir/memory_buffer_alloc.c.obj
[625/2186] Building C object esp-idf/mbedtls/mbedtls/tf-psa-crypto/extras/CMakeFiles/extras.dir/md.c.obj
[626/2186] Building C object esp-idf/mbedtls/mbedtls/tf-psa-crypto/platform/CMakeFiles/platform.dir/platform.c.obj
[627/2186] Building C object esp-idf/mbedtls/mbedtls/tf-psa-crypto/extras/CMakeFiles/extras.dir/pk_wrap.c.obj
[628/2186] Building C object esp-idf/mbedtls/mbedtls/tf-psa-crypto/platform/CMakeFiles/platform.dir/platform_util.c.obj
[629/2186] Building C object esp-idf/mbedtls/mbedtls/tf-psa-crypto/platform/CMakeFiles/platform.dir/threading.c.obj
[630/2186] Building C object esp-idf/mbedtls/mbedtls/tf-psa-crypto/drivers/builtin/CMakeFiles/builtin.dir/src/ecp.c.obj
[631/2186] Building C object esp-idf/mbedtls/mbedtls/tf-psa-crypto/drivers/builtin/CMakeFiles/builtin.dir/src/bignum.c.obj
[632/2186] Building C object esp-idf/mbedtls/mbedtls/tf-psa-crypto/extras/CMakeFiles/extras.dir/pkwrite.c.obj
[633/2186] Building C object esp-idf/mbedtls/mbedtls/tf-psa-crypto/utilities/CMakeFiles/utilities.dir/asn1parse.c.obj
[634/2186] Building C object esp-idf/mbedtls/mbedtls/tf-psa-crypto/utilities/CMakeFiles/utilities.dir/constant_time.c.obj
[635/2186] Building C object esp-idf/mbedtls/mbedtls/tf-psa-crypto/utilities/CMakeFiles/utilities.dir/oid.c.obj
[636/2186] Building C object esp-idf/mbedtls/mbedtls/tf-psa-crypto/utilities/CMakeFiles/utilities.dir/asn1write.c.obj
[637/2186] Building C object esp-idf/mbedtls/mbedtls/tf-psa-crypto/utilities/CMakeFiles/utilities.dir/base64.c.obj
[638/2186] Building C object esp-idf/mbedtls/mbedtls/tf-psa-crypto/utilities/CMakeFiles/utilities.dir/pem.c.obj
[639/2186] Building C object esp-idf/mbedtls/mbedtls/tf-psa-crypto/core/CMakeFiles/tfpsacrypto.dir/psa_crypto_random.c.obj
[640/2186] Building C object esp-idf/mbedtls/mbedtls/tf-psa-crypto/core/CMakeFiles/tfpsacrypto.dir/psa_crypto_client.c.obj
[641/2186] Building C object esp-idf/mbedtls/mbedtls/tf-psa-crypto/core/CMakeFiles/tfpsacrypto.dir/psa_its_file.c.obj
[642/2186] Building C object esp-idf/mbedtls/mbedtls/tf-psa-crypto/extras/CMakeFiles/extras.dir/pkparse.c.obj
[643/2186] Building C object esp-idf/mbedtls/mbedtls/tf-psa-crypto/utilities/CMakeFiles/utilities.dir/pkcs5.c.obj
[644/2186] Building C object esp-idf/mbedtls/mbedtls/tf-psa-crypto/core/CMakeFiles/tfpsacrypto.dir/psa_crypto_storage.c.obj
[645/2186] Building C object esp-idf/mbedtls/mbedtls/tf-psa-crypto/core/CMakeFiles/tfpsacrypto.dir/tf_psa_crypto_config.c.obj
[646/2186] Building C object esp-idf/mbedtls/mbedtls/tf-psa-crypto/core/CMakeFiles/tfpsacrypto.dir/tf_psa_crypto_version.c.obj
[647/2186] Building C object esp-idf/mbedtls/mbedtls/tf-psa-crypto/core/CMakeFiles/tfpsacrypto.dir/psa_util.c.obj
[648/2186] Building C object esp-idf/mbedtls/mbedtls/tf-psa-crypto/core/CMakeFiles/tfpsacrypto.dir/psa_crypto_driver_wrappers_no_static.c.obj
[649/2186] Building C object esp-idf/mbedtls/mbedtls/tf-psa-crypto/core/CMakeFiles/tfpsacrypto.dir/Users/mac/esp/esp-idf/components/mbedtls/port/sha/core/esp_sha_gdma_impl.c.obj
[650/2186] Building C object esp-idf/mbedtls/mbedtls/tf-psa-crypto/core/CMakeFiles/tfpsacrypto.dir/Users/mac/esp/esp-idf/components/mbedtls/port/aes/dma/esp_aes_gdma_impl.c.obj
[651/2186] Building C object esp-idf/mbedtls/mbedtls/tf-psa-crypto/core/CMakeFiles/tfpsacrypto.dir/Users/mac/esp/esp-idf/components/mbedtls/port/crypto_shared_gdma/esp_crypto_shared_gdma.c.obj
[652/2186] Building C object esp-idf/mbedtls/mbedtls/tf-psa-crypto/core/CMakeFiles/tfpsacrypto.dir/Users/mac/esp/esp-idf/components/mbedtls/port/esp_hardware.c.obj
[653/2186] Building C object esp-idf/mbedtls/mbedtls/tf-psa-crypto/core/CMakeFiles/tfpsacrypto.dir/psa_crypto_slot_management.c.obj
[654/2186] Building C object esp-idf/mbedtls/mbedtls/tf-psa-crypto/core/CMakeFiles/tfpsacrypto.dir/Users/mac/esp/esp-idf/components/mbedtls/port/aes/esp_aes_xts.c.obj
[655/2186] Building C object esp-idf/mbedtls/mbedtls/tf-psa-crypto/core/CMakeFiles/tfpsacrypto.dir/Users/mac/esp/esp-idf/components/mbedtls/port/psa_crypto_storage/esp_psa_its.c.obj
[656/2186] Building C object esp-idf/mbedtls/mbedtls/tf-psa-crypto/core/CMakeFiles/tfpsacrypto.dir/Users/mac/esp/esp-idf/components/mbedtls/port/aes/esp_aes_common.c.obj
[657/2186] Building C object esp-idf/mbedtls/mbedtls/tf-psa-crypto/extras/CMakeFiles/extras.dir/pk.c.obj
[658/2186] Building C object esp-idf/mbedtls/mbedtls/tf-psa-crypto/core/CMakeFiles/tfpsacrypto.dir/Users/mac/esp/esp-idf/components/mbedtls/port/aes/dma/esp_aes_dma_core.c.obj
[659/2186] Building C object esp-idf/mbedtls/mbedtls/tf-psa-crypto/drivers/builtin/CMakeFiles/builtin.dir/src/rsa.c.obj
[660/2186] Building C object esp-idf/mbedtls/mbedtls/tf-psa-crypto/core/CMakeFiles/tfpsacrypto.dir/Users/mac/esp/esp-idf/components/mbedtls/port/psa_driver/esp_sha/core/psa_crypto_driver_esp_sha256.c.obj
[661/2186] Building C object esp-idf/mbedtls/mbedtls/tf-psa-crypto/core/CMakeFiles/tfpsacrypto.dir/Users/mac/esp/esp-idf/components/mbedtls/port/aes/esp_aes.c.obj
[662/2186] Building C object esp-idf/mbedtls/mbedtls/tf-psa-crypto/core/CMakeFiles/tfpsacrypto.dir/Users/mac/esp/esp-idf/components/mbedtls/port/psa_driver/esp_sha/psa_crypto_driver_esp_sha.c.obj
[663/2186] Building C object esp-idf/mbedtls/mbedtls/tf-psa-crypto/core/CMakeFiles/tfpsacrypto.dir/Users/mac/esp/esp-idf/components/mbedtls/port/psa_driver/esp_sha/core/psa_crypto_driver_esp_sha512.c.obj
[664/2186] Building C object esp-idf/mbedtls/mbedtls/tf-psa-crypto/core/CMakeFiles/tfpsacrypto.dir/Users/mac/esp/esp-idf/components/mbedtls/port/sha/esp_sha.c.obj
[665/2186] Building C object esp-idf/mbedtls/mbedtls/tf-psa-crypto/core/CMakeFiles/tfpsacrypto.dir/Users/mac/esp/esp-idf/components/mbedtls/port/aes/esp_aes_gcm.c.obj
[666/2186] Building C object esp-idf/mbedtls/mbedtls/tf-psa-crypto/core/CMakeFiles/tfpsacrypto.dir/Users/mac/esp/esp-idf/components/mbedtls/port/psa_driver/esp_md/psa_crypto_driver_esp_md5.c.obj
[667/2186] Building C object esp-idf/mbedtls/mbedtls/tf-psa-crypto/core/CMakeFiles/tfpsacrypto.dir/Users/mac/esp/esp-idf/components/mbedtls/port/psa_driver/esp_mac/psa_crypto_driver_esp_hmac_transparent.c.obj
[668/2186] Linking CXX static library esp-idf/mbedtls/mbedtls/tf-psa-crypto/drivers/builtin/libmbed-builtin.a
[669/2186] Building C object esp-idf/mbedtls/mbedtls/tf-psa-crypto/core/CMakeFiles/tfpsacrypto.dir/Users/mac/esp/esp-idf/components/mbedtls/port/psa_driver/esp_rsa_ds/psa_crypto_driver_esp_rsa_ds_utilities.c.obj
[670/2186] Building C object esp-idf/mbedtls/mbedtls/tf-psa-crypto/core/CMakeFiles/tfpsacrypto.dir/Users/mac/esp/esp-idf/components/mbedtls/port/esp_hmac_pbkdf2.c.obj
[671/2186] Building C object esp-idf/mbedtls/mbedtls/tf-psa-crypto/core/CMakeFiles/tfpsacrypto.dir/Users/mac/esp/esp-idf/components/mbedtls/port/psa_driver/esp_mac/psa_crypto_driver_esp_hmac_opaque.c.obj
[672/2186] Building C object esp-idf/mbedtls/mbedtls/tf-psa-crypto/core/CMakeFiles/tfpsacrypto.dir/Users/mac/esp/esp-idf/components/mbedtls/port/psa_driver/esp_sha/core/psa_crypto_driver_esp_sha1.c.obj
[673/2186] Linking CXX static library esp-idf/mbedtls/mbedtls/tf-psa-crypto/drivers/pqcp/libpqcp.a
[674/2186] Building C object esp-idf/mbedtls/mbedtls/tf-psa-crypto/core/CMakeFiles/tfpsacrypto.dir/Users/mac/esp/esp-idf/components/mbedtls/port/bignum/bignum_alt.c.obj
[675/2186] Linking CXX static library esp-idf/mbedtls/mbedtls/tf-psa-crypto/extras/libextras.a
[676/2186] Building C object esp-idf/mbedtls/mbedtls/tf-psa-crypto/core/CMakeFiles/tfpsacrypto.dir/Users/mac/esp/esp-idf/components/mbedtls/port/sha/core/sha.c.obj
[677/2186] Building C object esp-idf/mbedtls/mbedtls/library/CMakeFiles/mbedtls.dir/debug.c.obj
[678/2186] Building C object esp-idf/mbedtls/mbedtls/library/CMakeFiles/mbedtls.dir/mps_reader.c.obj
[679/2186] Building C object esp-idf/mbedtls/mbedtls/tf-psa-crypto/core/CMakeFiles/tfpsacrypto.dir/Users/mac/esp/esp-idf/components/mbedtls/port/psa_driver/esp_aes/psa_crypto_driver_esp_aes_gcm.c.obj
[680/2186] Linking CXX static library esp-idf/mbedtls/mbedtls/tf-psa-crypto/platform/libplatform.a
[681/2186] Building C object esp-idf/mbedtls/mbedtls/tf-psa-crypto/core/CMakeFiles/tfpsacrypto.dir/Users/mac/esp/esp-idf/components/mbedtls/port/psa_driver/esp_mac/psa_crypto_driver_esp_cmac.c.obj
[682/2186] Building C object esp-idf/mbedtls/mbedtls/tf-psa-crypto/core/CMakeFiles/tfpsacrypto.dir/Users/mac/esp/esp-idf/components/mbedtls/port/psa_driver/esp_rsa_ds/psa_crypto_driver_esp_rsa_ds.c.obj
[683/2186] Building C object esp-idf/mbedtls/mbedtls/library/CMakeFiles/mbedtls.dir/mps_trace.c.obj
[684/2186] Building C object esp-idf/mbedtls/mbedtls/tf-psa-crypto/core/CMakeFiles/tfpsacrypto.dir/Users/mac/esp/esp-idf/components/mbedtls/port/bignum/esp_bignum.c.obj
[685/2186] Linking CXX static library esp-idf/mbedtls/mbedtls/tf-psa-crypto/utilities/libutilities.a
[686/2186] Building C object esp-idf/mbedtls/mbedtls/library/CMakeFiles/mbedtls.dir/ssl_cookie.c.obj
[687/2186] Building C object esp-idf/mbedtls/mbedtls/library/CMakeFiles/mbedtls.dir/ssl_debug_helpers_generated.c.obj
[688/2186] Building C object esp-idf/mbedtls/mbedtls/library/CMakeFiles/mbedtls.dir/ssl_ciphersuites.c.obj
[689/2186] Building C object esp-idf/mbedtls/mbedtls/library/CMakeFiles/mbedtls.dir/ssl_cache.c.obj
[690/2186] Building C object esp-idf/mbedtls/mbedtls/library/CMakeFiles/mbedtls.dir/ssl_tls13_keys.c.obj
[691/2186] Building C object esp-idf/mbedtls/mbedtls/library/CMakeFiles/mbedtls.dir/ssl_tls13_server.c.obj
[692/2186] Building C object esp-idf/mbedtls/mbedtls/library/CMakeFiles/mbedtls.dir/ssl_client.c.obj
[693/2186] Building C object esp-idf/mbedtls/mbedtls/tf-psa-crypto/core/CMakeFiles/tfpsacrypto.dir/Users/mac/esp/esp-idf/components/mbedtls/port/psa_driver/esp_aes/psa_crypto_driver_esp_aes.c.obj
[694/2186] Building C object esp-idf/mbedtls/mbedtls/library/CMakeFiles/mbedtls.dir/ssl_ticket.c.obj
[695/2186] Building C object esp-idf/mbedtls/mbedtls/library/CMakeFiles/mbedtls.dir/ssl_tls13_client.c.obj
[696/2186] Building C object esp-idf/mbedtls/mbedtls/library/CMakeFiles/mbedtls.dir/ssl_tls13_generic.c.obj
[697/2186] Building C object esp-idf/mbedtls/mbedtls/library/CMakeFiles/mbedtls.dir/version.c.obj
[698/2186] Building C object esp-idf/mbedtls/mbedtls/library/CMakeFiles/mbedtls.dir/timing.c.obj
[699/2186] Building C object esp-idf/mbedtls/mbedtls/library/CMakeFiles/mbedtls.dir/version_features.c.obj
[700/2186] Building C object esp-idf/mbedtls/mbedtls/library/CMakeFiles/mbedtls.dir/Users/mac/esp/esp-idf/components/mbedtls/port/mbedtls_debug.c.obj
[701/2186] Building C object esp-idf/mbedtls/mbedtls/library/CMakeFiles/mbedtls.dir/Users/mac/esp/esp-idf/components/mbedtls/port/esp_platform_time.c.obj
[702/2186] Building C object esp-idf/mbedtls/mbedtls/library/CMakeFiles/mbedtls.dir/Users/mac/esp/esp-idf/components/mbedtls/port/esp_timing.c.obj
[703/2186] Building C object esp-idf/mbedtls/mbedtls/library/CMakeFiles/mbedtls.dir/Users/mac/esp/esp-idf/components/mbedtls/port/esp_psa_crypto_init.c.obj
[704/2186] Building C object esp-idf/mbedtls/mbedtls/library/CMakeFiles/mbedtls.dir/Users/mac/esp/esp-idf/components/mbedtls/port/dynamic/esp_ssl_cli.c.obj
[705/2186] Building C object esp-idf/mbedtls/mbedtls/library/CMakeFiles/mbedtls.dir/Users/mac/esp/esp-idf/components/mbedtls/port/dynamic/esp_ssl_srv.c.obj
[706/2186] Building C object esp-idf/mbedtls/mbedtls/library/CMakeFiles/mbedtls.dir/Users/mac/esp/esp-idf/components/mbedtls/port/dynamic/esp_ssl_tls.c.obj
[707/2186] Building C object esp-idf/mbedtls/mbedtls/library/CMakeFiles/mbedtls.dir/Users/mac/esp/esp-idf/components/mbedtls/port/dynamic/esp_mbedtls_dynamic_impl.c.obj
[708/2186] Building C object esp-idf/mbedtls/mbedtls/library/CMakeFiles/mbedtls.dir/Users/mac/esp/esp-idf/components/mbedtls/port/net_sockets.c.obj
[709/2186] Building C object esp-idf/mbedtls/mbedtls/library/CMakeFiles/mbedx509.dir/mbedtls_config.c.obj
[710/2186] Building C object esp-idf/mbedtls/mbedtls/library/CMakeFiles/mbedtls.dir/ssl_tls12_client.c.obj
[711/2186] Building C object esp-idf/mbedtls/mbedtls/library/CMakeFiles/mbedx509.dir/x509_create.c.obj
[712/2186] Building C object esp-idf/mbedtls/mbedtls/library/CMakeFiles/mbedx509.dir/error.c.obj
[713/2186] Building C object esp-idf/mbedtls/mbedtls/library/CMakeFiles/mbedtls.dir/ssl_tls12_server.c.obj
[714/2186] Building C object esp-idf/mbedtls/mbedtls/library/CMakeFiles/mbedx509.dir/pkcs7.c.obj
[715/2186] Building C object esp-idf/mbedtls/mbedtls/library/CMakeFiles/mbedx509.dir/x509_crl.c.obj
[716/2186] Building C object esp-idf/mbedtls/mbedtls/library/CMakeFiles/mbedx509.dir/x509write.c.obj
[717/2186] Building C object esp-idf/mbedtls/mbedtls/library/CMakeFiles/mbedx509.dir/x509write_crt.c.obj
[718/2186] Building C object esp-idf/mbedtls/mbedtls/library/CMakeFiles/mbedx509.dir/x509write_csr.c.obj
[719/2186] Creating directories for 'bootloader'
[720/2186] Building C object esp-idf/mbedtls/mbedtls/library/CMakeFiles/mbedx509.dir/x509_csr.c.obj
[721/2186] Building C object esp-idf/mbedtls/mbedtls/library/CMakeFiles/mbedx509.dir/x509_oid.c.obj
[722/2186] Building C object esp-idf/mbedtls/mbedtls/library/CMakeFiles/mbedtls.dir/ssl_msg.c.obj
[723/2186] No download step for 'bootloader'
[724/2186] No update step for 'bootloader'
[725/2186] No patch step for 'bootloader'
[726/2186] Building C object esp-idf/mbedtls/mbedtls/library/CMakeFiles/mbedx509.dir/x509.c.obj
[727/2186] Building C object esp-idf/mbedtls/mbedtls/library/CMakeFiles/mbedtls.dir/ssl_tls.c.obj
[728/2186] Building C object esp-idf/mbedtls/mbedtls/library/CMakeFiles/mbedx509.dir/x509_crt.c.obj
[729/2186] Building C object esp-idf/mbedtls/mbedtls/tf-psa-crypto/core/CMakeFiles/tfpsacrypto.dir/psa_crypto.c.obj
[730/2186] Linking CXX static library esp-idf/mbedtls/mbedtls/tf-psa-crypto/core/libtfpsacrypto.a
[731/2186] Linking CXX static library esp-idf/mbedtls/mbedtls/library/libmbedtls.a
[732/2186] Linking CXX static library esp-idf/mbedtls/mbedtls/library/libmbedx509.a
[733/2186] Generating x509_crt_bundle
[734/2186] Generating ../../x509_crt_bundle.S
[735/2186] Building C object esp-idf/mbedtls/CMakeFiles/__idf_mbedtls.dir/port/esp_mem.c.obj
[736/2186] Building ASM object esp-idf/mbedtls/CMakeFiles/__idf_mbedtls.dir/__/__/x509_crt_bundle.S.obj
[737/2186] Building C object esp-idf/esp_driver_dma/CMakeFiles/__idf_esp_driver_dma.dir/src/esp_async_memcpy.c.obj
[738/2186] Building C object esp-idf/esp_mm/CMakeFiles/__idf_esp_mm.dir/port/esp32s3/ext_mem_layout.c.obj
[739/2186] Building C object esp-idf/esp_driver_dma/CMakeFiles/__idf_esp_driver_dma.dir/src/esp_dma_utils.c.obj
[740/2186] Building C object esp-idf/esp_mm/CMakeFiles/__idf_esp_mm.dir/esp_cache_utils.c.obj
[741/2186] Building C object esp-idf/esp_pm/CMakeFiles/__idf_esp_pm.dir/pm_locks.c.obj
[742/2186] Building C object esp-idf/esp_pm/CMakeFiles/__idf_esp_pm.dir/pm_trace.c.obj
[743/2186] Building C object esp-idf/esp_mm/CMakeFiles/__idf_esp_mm.dir/esp_cache_msync.c.obj
[744/2186] Building C object esp-idf/mbedtls/CMakeFiles/__idf_mbedtls.dir/esp_crt_bundle/esp_crt_bundle.c.obj
[745/2186] Building C object esp-idf/esp_driver_dma/CMakeFiles/__idf_esp_driver_dma.dir/src/gdma_link.c.obj
[746/2186] Building C object esp-idf/esp_hal_uart/CMakeFiles/__idf_esp_hal_uart.dir/esp32s3/uart_periph.c.obj
[747/2186] Building C object esp-idf/esp_hal_uart/CMakeFiles/__idf_esp_hal_uart.dir/uart_hal_iram.c.obj
[748/2186] Linking C static library esp-idf/mbedtls/libmbedtls.a
[749/2186] Building C object esp-idf/esp_driver_dma/CMakeFiles/__idf_esp_driver_dma.dir/src/async_memcpy_gdma.c.obj
[750/2186] Building C object esp-idf/esp_hal_uart/CMakeFiles/__idf_esp_hal_uart.dir/uhci_hal.c.obj
[751/2186] Building C object esp-idf/esp_hal_uart/CMakeFiles/__idf_esp_hal_uart.dir/uart_hal.c.obj
[752/2186] Building C object esp-idf/esp_driver_gpio/CMakeFiles/__idf_esp_driver_gpio.dir/src/gpio_glitch_filter_ops.c.obj
[753/2186] Building C object esp-idf/esp_pm/CMakeFiles/__idf_esp_pm.dir/pm_impl.c.obj
[754/2186] Building C object esp-idf/esp_security/CMakeFiles/__idf_esp_security.dir/src/init.c.obj
[755/2186] Building C object esp-idf/esp_driver_gpio/CMakeFiles/__idf_esp_driver_gpio.dir/src/gpio_pin_glitch_filter.c.obj
[756/2186] Building C object esp-idf/esp_security/CMakeFiles/__idf_esp_security.dir/src/esp_crypto_lock.c.obj
[757/2186] Building C object esp-idf/esp_security/CMakeFiles/__idf_esp_security.dir/src/esp_hmac.c.obj
[758/2186] Building C object esp-idf/esp_mm/CMakeFiles/__idf_esp_mm.dir/esp_mmu_map.c.obj
[759/2186] Building C object esp-idf/esp_security/CMakeFiles/__idf_esp_security.dir/src/esp_ds.c.obj
[760/2186] Building C object esp-idf/esp_timer/CMakeFiles/__idf_esp_timer.dir/src/esp_timer_init.c.obj
[761/2186] Building C object esp-idf/esp_security/CMakeFiles/__idf_esp_security.dir/src/esp_crypto_periph_clk.c.obj
[762/2186] Building C object esp-idf/esp_driver_gpio/CMakeFiles/__idf_esp_driver_gpio.dir/src/dedic_gpio.c.obj
[763/2186] Building C object esp-idf/esp_timer/CMakeFiles/__idf_esp_timer.dir/src/ets_timer_legacy.c.obj
[764/2186] Building C object esp-idf/esp_timer/CMakeFiles/__idf_esp_timer.dir/src/system_time.c.obj
[765/2186] Building C object esp-idf/esp_timer/CMakeFiles/__idf_esp_timer.dir/src/esp_timer_impl_common.c.obj
[766/2186] Building C object esp-idf/esp_hal_timg/CMakeFiles/__idf_esp_hal_timg.dir/timer_hal.c.obj
[767/2186] Building C object esp-idf/esp_timer/CMakeFiles/__idf_esp_timer.dir/src/esp_timer_impl_systimer.c.obj
[768/2186] Building C object esp-idf/esp_hal_timg/CMakeFiles/__idf_esp_hal_timg.dir/esp32s3/timer_periph.c.obj
[769/2186] Building C object esp-idf/esp_driver_gpio/CMakeFiles/__idf_esp_driver_gpio.dir/src/rtc_io.c.obj
[770/2186] Building C object esp-idf/efuse/CMakeFiles/__idf_efuse.dir/esp32s3/esp_efuse_table.c.obj
[771/2186] Building C object esp-idf/efuse/CMakeFiles/__idf_efuse.dir/esp32s3/esp_efuse_fields.c.obj
[772/2186] Building C object esp-idf/esp_driver_dma/CMakeFiles/__idf_esp_driver_dma.dir/src/gdma.c.obj
[773/2186] Building C object esp-idf/efuse/CMakeFiles/__idf_efuse.dir/esp32s3/esp_efuse_rtc_calib.c.obj
[774/2186] Building C object esp-idf/efuse/CMakeFiles/__idf_efuse.dir/src/esp_efuse_fields.c.obj
[775/2186] Linking C static library esp-idf/esp_driver_dma/libesp_driver_dma.a
[776/2186] Building C object esp-idf/esp_timer/CMakeFiles/__idf_esp_timer.dir/src/esp_timer.c.obj
[777/2186] Building C object esp-idf/efuse/CMakeFiles/__idf_efuse.dir/esp32s3/esp_efuse_utility.c.obj
[778/2186] Building C object esp-idf/efuse/CMakeFiles/__idf_efuse.dir/src/esp_efuse_startup.c.obj
[779/2186] Linking C static library esp-idf/esp_mm/libesp_mm.a
[780/2186] Building C object esp-idf/efuse/CMakeFiles/__idf_efuse.dir/src/esp_efuse_api.c.obj
[781/2186] Building C object esp-idf/esp_bootloader_format/CMakeFiles/__idf_esp_bootloader_format.dir/esp_bootloader_desc.c.obj
[782/2186] Linking C static library esp-idf/esp_pm/libesp_pm.a
[783/2186] Building C object esp-idf/esp_partition/CMakeFiles/__idf_esp_partition.dir/partition_target.c.obj
[784/2186] Building C object esp-idf/efuse/CMakeFiles/__idf_efuse.dir/src/efuse_controller/keys/with_key_purposes/esp_efuse_api_key.c.obj
[785/2186] Building C object esp-idf/esp_app_format/CMakeFiles/__idf_esp_app_format.dir/esp_app_desc.c.obj
[786/2186] Linking C static library esp-idf/esp_hal_uart/libesp_hal_uart.a
[787/2186] Building C object esp-idf/efuse/CMakeFiles/__idf_efuse.dir/src/esp_efuse_utility.c.obj
[788/2186] Building C object esp-idf/esp_hal_security/CMakeFiles/__idf_esp_hal_security.dir/mpi_hal.c.obj
[789/2186] Building C object esp-idf/esp_hal_security/CMakeFiles/__idf_esp_hal_security.dir/sha_hal.c.obj
[790/2186] Building C object esp-idf/esp_hal_security/CMakeFiles/__idf_esp_hal_security.dir/aes_hal.c.obj
[791/2186] Building C object esp-idf/esp_hal_security/CMakeFiles/__idf_esp_hal_security.dir/hmac_hal.c.obj
[792/2186] Building C object esp-idf/esp_hal_security/CMakeFiles/__idf_esp_hal_security.dir/ds_hal.c.obj
[793/2186] Building C object esp-idf/esp_hal_security/CMakeFiles/__idf_esp_hal_security.dir/mpu_hal.c.obj
[794/2186] Building C object esp-idf/esp_hal_mspi/CMakeFiles/__idf_esp_hal_mspi.dir/spi_flash_hal.c.obj
[795/2186] Building C object esp-idf/esp_hal_gpspi/CMakeFiles/__idf_esp_hal_gpspi.dir/esp32s3/spi_periph.c.obj
[796/2186] Building C object esp-idf/esp_hal_mspi/CMakeFiles/__idf_esp_hal_mspi.dir/spi_flash_encrypt_hal_iram.c.obj
[797/2186] Building C object esp-idf/esp_hal_clock/CMakeFiles/__idf_esp_hal_clock.dir/esp32s3/clk_tree_hal.c.obj
[798/2186] Building C object esp-idf/esp_partition/CMakeFiles/__idf_esp_partition.dir/partition.c.obj
[799/2186] Building C object esp-idf/esp_hal_gpspi/CMakeFiles/__idf_esp_hal_gpspi.dir/spi_slave_hal.c.obj
[800/2186] Building C object esp-idf/esp_hal_gpspi/CMakeFiles/__idf_esp_hal_gpspi.dir/spi_hal.c.obj
[801/2186] Building C object esp-idf/esp_hal_dma/CMakeFiles/__idf_esp_hal_dma.dir/gdma_hal_top.c.obj
[802/2186] Building C object esp-idf/esp_hal_mspi/CMakeFiles/__idf_esp_hal_mspi.dir/spi_flash_hal_gpspi.c.obj
[803/2186] Building C object esp-idf/esp_hal_gpspi/CMakeFiles/__idf_esp_hal_gpspi.dir/spi_slave_hal_iram.c.obj
[804/2186] Building C object esp-idf/esp_hal_dma/CMakeFiles/__idf_esp_hal_dma.dir/esp32s3/gdma_periph.c.obj
[805/2186] Building C object esp-idf/esp_stdio/CMakeFiles/__idf_esp_stdio.dir/stdio_simple.c.obj
[806/2186] Building C object esp-idf/esp_hal_mspi/CMakeFiles/__idf_esp_hal_mspi.dir/spi_flash_hal_iram.c.obj
[807/2186] Building C object esp-idf/xtensa/CMakeFiles/__idf_xtensa.dir/eri.c.obj
[808/2186] Building C object esp-idf/esp_stdio/CMakeFiles/__idf_esp_stdio.dir/stdio_syscalls_simple.c.obj
[809/2186] Building C object esp-idf/esp_driver_gpio/CMakeFiles/__idf_esp_driver_gpio.dir/src/gpio.c.obj
[810/2186] Building C object esp-idf/esp_stdio/CMakeFiles/__idf_esp_stdio.dir/stdio_vfs.c.obj
[811/2186] Building C object esp-idf/esp_hal_dma/CMakeFiles/__idf_esp_hal_dma.dir/gdma_hal_ahb_v1.c.obj
[812/2186] Building C object esp-idf/app_update/CMakeFiles/__idf_app_update.dir/esp_ota_ops.c.obj
[813/2186] Building ASM object esp-idf/xtensa/CMakeFiles/__idf_xtensa.dir/xtensa_context.S.obj
[814/2186] Building C object esp-idf/xtensa/CMakeFiles/__idf_xtensa.dir/xt_trax.c.obj
[815/2186] Building ASM object esp-idf/xtensa/CMakeFiles/__idf_xtensa.dir/xtensa_intr_asm.S.obj
[816/2186] Building ASM object esp-idf/xtensa/CMakeFiles/__idf_xtensa.dir/xtensa_vectors.S.obj
[817/2186] Linking C static library esp-idf/esp_driver_gpio/libesp_driver_gpio.a
[818/2186] Building C object esp-idf/xtensa/CMakeFiles/__idf_xtensa.dir/xtensa_intr.c.obj
[819/2186] Building C object esp-idf/esp_hal_i2c/CMakeFiles/__idf_esp_hal_i2c.dir/esp32s3/i2c_periph.c.obj
[820/2186] Building C object esp-idf/esp_hal_gpspi/CMakeFiles/__idf_esp_hal_gpspi.dir/spi_slave_hd_hal.c.obj
[821/2186] Building C object esp-idf/esp_hal_twai/CMakeFiles/__idf_esp_hal_twai.dir/esp32s3/twai_periph.c.obj
[822/2186] Linking C static library esp-idf/esp_security/libesp_security.a
[823/2186] Building C object esp-idf/esp_hal_i2c/CMakeFiles/__idf_esp_hal_i2c.dir/i2c_hal_iram.c.obj
[824/2186] Linking C static library esp-idf/esp_timer/libesp_timer.a
[825/2186] Building C object esp-idf/esp_hal_i2c/CMakeFiles/__idf_esp_hal_i2c.dir/i2c_hal.c.obj
[826/2186] Building C object esp-idf/esp_hal_gpspi/CMakeFiles/__idf_esp_hal_gpspi.dir/spi_hal_iram.c.obj
[827/2186] Linking C static library esp-idf/esp_hal_timg/libesp_hal_timg.a
[828/2186] Building C object esp-idf/esp_driver_i2c/CMakeFiles/__idf_esp_driver_i2c.dir/i2c_common.c.obj
[829/2186] Linking C static library esp-idf/efuse/libefuse.a
[830/2186] Linking C static library esp-idf/esp_partition/libesp_partition.a
[831/2186] Building C object esp-idf/esp_hal_twai/CMakeFiles/__idf_esp_hal_twai.dir/twai_hal_v1.c.obj
[832/2186] Building C object esp-idf/esp_driver_i2c/CMakeFiles/__idf_esp_driver_i2c.dir/i2c_slave.c.obj
[833/2186] Linking C static library esp-idf/app_update/libapp_update.a
[834/2186] Linking C static library esp-idf/esp_bootloader_format/libesp_bootloader_format.a
[835/2186] Building C object esp-idf/esp_driver_spi/CMakeFiles/__idf_esp_driver_spi.dir/src/gpspi/spi_slave.c.obj
[836/2186] Linking C static library esp-idf/esp_app_format/libesp_app_format.a
[837/2186] Building C object esp-idf/esp_driver_spi/CMakeFiles/__idf_esp_driver_spi.dir/src/gpspi/spi_slave_hd.c.obj
[838/2186] Building C object esp-idf/esp_driver_i2s/CMakeFiles/__idf_esp_driver_i2s.dir/i2s_std.c.obj
[839/2186] Linking C static library esp-idf/esp_hal_security/libesp_hal_security.a
[840/2186] Building C object esp-idf/esp_driver_spi/CMakeFiles/__idf_esp_driver_spi.dir/src/gpspi/spi_common.c.obj
[841/2186] Building C object esp-idf/esp_hal_sd/CMakeFiles/__idf_esp_hal_sd.dir/sdmmc_hal.c.obj
[842/2186] Building C object esp-idf/esp_driver_i2s/CMakeFiles/__idf_esp_driver_i2s.dir/i2s_platform.c.obj
[843/2186] Building C object esp-idf/esp_driver_i2s/CMakeFiles/__idf_esp_driver_i2s.dir/i2s_pdm.c.obj
[844/2186] Linking C static library esp-idf/esp_hal_mspi/libesp_hal_mspi.a
[845/2186] Building C object esp-idf/esp_hal_sd/CMakeFiles/__idf_esp_hal_sd.dir/esp32s3/sdmmc_periph.c.obj
[846/2186] Building C object esp-idf/esp_driver_i2s/CMakeFiles/__idf_esp_driver_i2s.dir/i2s_common.c.obj
[847/2186] Building C object esp-idf/esp_hal_lcd/CMakeFiles/__idf_esp_hal_lcd.dir/esp32s3/lcd_periph.c.obj
[848/2186] Building C object esp-idf/esp_hal_lcd/CMakeFiles/__idf_esp_hal_lcd.dir/lcd_hal.c.obj
[849/2186] Linking C static library esp-idf/esp_hal_clock/libesp_hal_clock.a
[850/2186] Building C object esp-idf/esp_driver_i2s/CMakeFiles/__idf_esp_driver_i2s.dir/i2s_tdm.c.obj
[851/2186] Linking C static library esp-idf/esp_hal_gpspi/libesp_hal_gpspi.a
[852/2186] Building C object esp-idf/esp_hal_ledc/CMakeFiles/__idf_esp_hal_ledc.dir/ledc_hal.c.obj
[853/2186] Building C object esp-idf/esp_hal_ledc/CMakeFiles/__idf_esp_hal_ledc.dir/ledc_hal_iram.c.obj
[854/2186] Building C object esp-idf/esp_hal_ledc/CMakeFiles/__idf_esp_hal_ledc.dir/esp32s3/ledc_periph.c.obj
[855/2186] Building C object esp-idf/esp_driver_i2c/CMakeFiles/__idf_esp_driver_i2c.dir/i2c_master.c.obj
[856/2186] Linking C static library esp-idf/esp_hal_dma/libesp_hal_dma.a
[857/2186] Building C object esp-idf/esp_driver_spi/CMakeFiles/__idf_esp_driver_spi.dir/src/gpspi/spi_master.c.obj
[858/2186] Linking C static library esp-idf/esp_stdio/libesp_stdio.a
[859/2186] Building C object esp-idf/driver/CMakeFiles/__idf_driver.dir/touch_sensor/touch_sensor_common.c.obj
[860/2186] Building C object esp-idf/sdmmc/CMakeFiles/__idf_sdmmc.dir/sdmmc_init.c.obj
[861/2186] Linking C static library esp-idf/xtensa/libxtensa.a
[862/2186] Building C object esp-idf/sdmmc/CMakeFiles/__idf_sdmmc.dir/sdmmc_mmc.c.obj
[863/2186] Linking C static library esp-idf/esp_hal_i2c/libesp_hal_i2c.a
[864/2186] Building C object esp-idf/sdmmc/CMakeFiles/__idf_sdmmc.dir/sdmmc_common.c.obj
[865/2186] Linking C static library esp-idf/esp_hal_twai/libesp_hal_twai.a
[866/2186] Building C object esp-idf/sdmmc/CMakeFiles/__idf_sdmmc.dir/sdmmc_blockdev.c.obj
[867/2186] Linking C static library esp-idf/esp_driver_i2c/libesp_driver_i2c.a
[868/2186] Linking C static library esp-idf/esp_driver_spi/libesp_driver_spi.a
[869/2186] Linking C static library esp-idf/esp_driver_i2s/libesp_driver_i2s.a
[870/2186] Linking C static library esp-idf/esp_hal_sd/libesp_hal_sd.a
[871/2186] Building C object esp-idf/driver/CMakeFiles/__idf_driver.dir/twai/twai.c.obj
[872/2186] Building C object esp-idf/sdmmc/CMakeFiles/__idf_sdmmc.dir/sdmmc_cmd.c.obj
[873/2186] Linking C static library esp-idf/esp_hal_lcd/libesp_hal_lcd.a
[874/2186] Building C object esp-idf/sdmmc/CMakeFiles/__idf_sdmmc.dir/sd_pwr_ctrl/sd_pwr_ctrl.c.obj
[875/2186] Building C object esp-idf/esp_lcd/CMakeFiles/__idf_esp_lcd.dir/src/esp_lcd_panel_io.c.obj
[876/2186] Building C object esp-idf/esp_lcd/CMakeFiles/__idf_esp_lcd.dir/src/esp_lcd_common.c.obj
[877/2186] Building C object esp-idf/esp_lcd/CMakeFiles/__idf_esp_lcd.dir/src/esp_lcd_panel_ssd1306.c.obj
[878/2186] Building C object esp-idf/driver/CMakeFiles/__idf_driver.dir/touch_sensor/esp32s3/touch_sensor.c.obj
[879/2186] Building C object esp-idf/sdmmc/CMakeFiles/__idf_sdmmc.dir/sdmmc_sd.c.obj
[880/2186] Building C object esp-idf/esp_lcd/CMakeFiles/__idf_esp_lcd.dir/src/esp_lcd_panel_ops.c.obj
[881/2186] Building C object esp-idf/sdmmc/CMakeFiles/__idf_sdmmc.dir/sdmmc_io.c.obj
[882/2186] Building C object esp-idf/espressif__cjson/CMakeFiles/__idf_espressif__cjson.dir/cJSON/cJSON_Utils.c.obj
[883/2186] Building C object esp-idf/esp_lcd/CMakeFiles/__idf_esp_lcd.dir/i2c/esp_lcd_panel_io_i2c.c.obj
[884/2186] Building C object esp-idf/esp_hal_cam/CMakeFiles/__idf_esp_hal_cam.dir/esp32s3/cam_periph.c.obj
[885/2186] Building C object esp-idf/driver/CMakeFiles/__idf_driver.dir/i2c/i2c.c.obj
[886/2186] Linking C static library esp-idf/esp_hal_ledc/libesp_hal_ledc.a
[887/2186] Building C object esp-idf/esp_hal_cam/CMakeFiles/__idf_esp_hal_cam.dir/cam_hal.c.obj
[888/2186] Building C object esp-idf/esp_lcd/CMakeFiles/__idf_esp_lcd.dir/src/esp_lcd_panel_st7789.c.obj
[889/2186] Linking C static library esp-idf/driver/libdriver.a
[890/2186] Building C object esp-idf/esp_lcd/CMakeFiles/__idf_esp_lcd.dir/spi/esp_lcd_panel_io_spi.c.obj
[891/2186] Linking C static library esp-idf/sdmmc/libsdmmc.a
[892/2186] Building C object esp-idf/esp_driver_sd_intf/CMakeFiles/__idf_esp_driver_sd_intf.dir/sd_host.c.obj
[893/2186] Building C object esp-idf/esp_lcd/CMakeFiles/__idf_esp_lcd.dir/i80/esp_lcd_panel_io_i80.c.obj
[894/2186] Building C object esp-idf/lvgl__lvgl/CMakeFiles/__idf_lvgl__lvgl.dir/src/core/lv_obj_class.c.obj
[895/2186] Building C object esp-idf/espressif__cjson/CMakeFiles/__idf_espressif__cjson.dir/cJSON/cJSON.c.obj
[896/2186] Building C object esp-idf/lvgl__lvgl/CMakeFiles/__idf_lvgl__lvgl.dir/src/core/lv_obj_id_builtin.c.obj
[897/2186] Building C object esp-idf/lvgl__lvgl/CMakeFiles/__idf_lvgl__lvgl.dir/src/core/lv_group.c.obj
[898/2186] Building C object esp-idf/lvgl__lvgl/CMakeFiles/__idf_lvgl__lvgl.dir/src/core/lv_obj_property.c.obj
[899/2186] Building C object esp-idf/lvgl__lvgl/CMakeFiles/__idf_lvgl__lvgl.dir/src/core/lv_obj_event.c.obj
[900/2186] Building C object esp-idf/lvgl__lvgl/CMakeFiles/__idf_lvgl__lvgl.dir/src/core/lv_obj_draw.c.obj
[901/2186] Building C object esp-idf/lvgl__lvgl/CMakeFiles/__idf_lvgl__lvgl.dir/src/core/lv_obj.c.obj
[902/2186] Building C object esp-idf/lvgl__lvgl/CMakeFiles/__idf_lvgl__lvgl.dir/src/core/lv_obj_style_gen.c.obj
[903/2186] Building C object esp-idf/lvgl__lvgl/CMakeFiles/__idf_lvgl__lvgl.dir/src/core/lv_obj_tree.c.obj
[904/2186] Building C object esp-idf/lvgl__lvgl/CMakeFiles/__idf_lvgl__lvgl.dir/src/debugging/monkey/lv_monkey.c.obj
[905/2186] Building C object esp-idf/lvgl__lvgl/CMakeFiles/__idf_lvgl__lvgl.dir/src/debugging/test/lv_test_display.c.obj
[906/2186] Building C object esp-idf/lvgl__lvgl/CMakeFiles/__idf_lvgl__lvgl.dir/src/core/lv_observer.c.obj
[907/2186] Building C object esp-idf/lvgl__lvgl/CMakeFiles/__idf_lvgl__lvgl.dir/src/debugging/sysmon/lv_sysmon.c.obj
[908/2186] Building C object esp-idf/lvgl__lvgl/CMakeFiles/__idf_lvgl__lvgl.dir/src/core/lv_obj_scroll.c.obj
[909/2186] Building C object esp-idf/lvgl__lvgl/CMakeFiles/__idf_lvgl__lvgl.dir/src/debugging/test/lv_test_helpers.c.obj
[910/2186] Building C object esp-idf/lvgl__lvgl/CMakeFiles/__idf_lvgl__lvgl.dir/src/debugging/test/lv_test_indev.c.obj
[911/2186] Building C object esp-idf/lvgl__lvgl/CMakeFiles/__idf_lvgl__lvgl.dir/src/debugging/test/lv_test_fs.c.obj
[912/2186] Building C object esp-idf/lvgl__lvgl/CMakeFiles/__idf_lvgl__lvgl.dir/src/debugging/test/lv_test_indev_gesture.c.obj
[913/2186] Building C object esp-idf/lvgl__lvgl/CMakeFiles/__idf_lvgl__lvgl.dir/src/debugging/vg_lite_tvg/vg_lite_matrix.c.obj
[914/2186] Building CXX object esp-idf/lvgl__lvgl/CMakeFiles/__idf_lvgl__lvgl.dir/src/debugging/vg_lite_tvg/vg_lite_tvg.cpp.obj
[915/2186] Building C object esp-idf/lvgl__lvgl/CMakeFiles/__idf_lvgl__lvgl.dir/src/debugging/test/lv_test_screenshot_compare.c.obj
[916/2186] Building C object esp-idf/lvgl__lvgl/CMakeFiles/__idf_lvgl__lvgl.dir/src/draw/convert/neon/lv_draw_buf_convert_neon.c.obj
[917/2186] Building C object esp-idf/lvgl__lvgl/CMakeFiles/__idf_lvgl__lvgl.dir/src/draw/convert/helium/lv_draw_buf_convert_helium.c.obj
[918/2186] Building C object esp-idf/lvgl__lvgl/CMakeFiles/__idf_lvgl__lvgl.dir/src/core/lv_obj_style.c.obj
[919/2186] Building C object esp-idf/lvgl__lvgl/CMakeFiles/__idf_lvgl__lvgl.dir/src/draw/convert/lv_draw_buf_convert.c.obj
[920/2186] Building C object esp-idf/lvgl__lvgl/CMakeFiles/__idf_lvgl__lvgl.dir/src/draw/dma2d/lv_draw_dma2d_fill.c.obj
[921/2186] Building C object esp-idf/lvgl__lvgl/CMakeFiles/__idf_lvgl__lvgl.dir/src/draw/dma2d/lv_draw_dma2d.c.obj
[922/2186] Building C object esp-idf/lvgl__lvgl/CMakeFiles/__idf_lvgl__lvgl.dir/src/draw/dma2d/lv_draw_dma2d_img.c.obj
[923/2186] Building C object esp-idf/lvgl__lvgl/CMakeFiles/__idf_lvgl__lvgl.dir/src/draw/espressif/ppa/lv_draw_ppa.c.obj
[924/2186] Building C object esp-idf/lvgl__lvgl/CMakeFiles/__idf_lvgl__lvgl.dir/src/draw/espressif/ppa/lv_draw_ppa_fill.c.obj
[925/2186] Building C object esp-idf/lvgl__lvgl/CMakeFiles/__idf_lvgl__lvgl.dir/src/draw/espressif/ppa/lv_draw_ppa_buf.c.obj
[926/2186] Building C object esp-idf/lvgl__lvgl/CMakeFiles/__idf_lvgl__lvgl.dir/src/draw/espressif/ppa/lv_draw_ppa_img.c.obj
[927/2186] Building C object esp-idf/lvgl__lvgl/CMakeFiles/__idf_lvgl__lvgl.dir/src/core/lv_refr.c.obj
[928/2186] Building C object esp-idf/lvgl__lvgl/CMakeFiles/__idf_lvgl__lvgl.dir/src/draw/eve/lv_draw_eve_arc.c.obj
[929/2186] Building C object esp-idf/lvgl__lvgl/CMakeFiles/__idf_lvgl__lvgl.dir/src/draw/eve/lv_draw_eve.c.obj
[930/2186] Building C object esp-idf/lvgl__lvgl/CMakeFiles/__idf_lvgl__lvgl.dir/src/draw/eve/lv_draw_eve_fill.c.obj
[931/2186] Building C object esp-idf/esp_lcd/CMakeFiles/__idf_esp_lcd.dir/rgb/esp_lcd_panel_rgb.c.obj
[932/2186] Building C object esp-idf/lvgl__lvgl/CMakeFiles/__idf_lvgl__lvgl.dir/src/core/lv_obj_pos.c.obj
[933/2186] Building C object esp-idf/esp_driver_ledc/CMakeFiles/__idf_esp_driver_ledc.dir/src/ledc.c.obj
[934/2186] Building C object esp-idf/lvgl__lvgl/CMakeFiles/__idf_lvgl__lvgl.dir/src/draw/eve/lv_draw_eve_letter.c.obj
[935/2186] Building C object esp-idf/lvgl__lvgl/CMakeFiles/__idf_lvgl__lvgl.dir/src/draw/eve/lv_draw_eve_ram_g.c.obj
[936/2186] Building C object esp-idf/lvgl__lvgl/CMakeFiles/__idf_lvgl__lvgl.dir/src/draw/eve/lv_draw_eve_image.c.obj
[937/2186] Building C object esp-idf/lvgl__lvgl/CMakeFiles/__idf_lvgl__lvgl.dir/src/draw/eve/lv_draw_eve_line.c.obj
[938/2186] Building C object esp-idf/lvgl__lvgl/CMakeFiles/__idf_lvgl__lvgl.dir/src/draw/eve/lv_draw_eve_triangle.c.obj
[939/2186] Building C object esp-idf/lvgl__lvgl/CMakeFiles/__idf_lvgl__lvgl.dir/src/draw/eve/lv_eve.c.obj
[940/2186] Building C object esp-idf/lvgl__lvgl/CMakeFiles/__idf_lvgl__lvgl.dir/src/draw/lv_draw_3d.c.obj
[941/2186] Building C object esp-idf/lvgl__lvgl/CMakeFiles/__idf_lvgl__lvgl.dir/src/draw/lv_draw_blur.c.obj
[942/2186] Building C object esp-idf/lvgl__lvgl/CMakeFiles/__idf_lvgl__lvgl.dir/src/draw/lv_draw_line.c.obj
[943/2186] Building C object esp-idf/lvgl__lvgl/CMakeFiles/__idf_lvgl__lvgl.dir/src/draw/lv_draw_mask.c.obj
[944/2186] Building C object esp-idf/lvgl__lvgl/CMakeFiles/__idf_lvgl__lvgl.dir/src/draw/lv_draw_arc.c.obj
[945/2186] Building C object esp-idf/lvgl__lvgl/CMakeFiles/__idf_lvgl__lvgl.dir/src/draw/lv_draw_vector.c.obj
[946/2186] Building C object esp-idf/lvgl__lvgl/CMakeFiles/__idf_lvgl__lvgl.dir/src/draw/lv_draw_image.c.obj
[947/2186] Building C object esp-idf/lvgl__lvgl/CMakeFiles/__idf_lvgl__lvgl.dir/src/draw/lv_draw_rect.c.obj
[948/2186] Building C object esp-idf/lvgl__lvgl/CMakeFiles/__idf_lvgl__lvgl.dir/src/draw/lv_draw_triangle.c.obj
[949/2186] Building C object esp-idf/lvgl__lvgl/CMakeFiles/__idf_lvgl__lvgl.dir/src/draw/nanovg/lv_draw_nanovg_3d.c.obj
[950/2186] Building C object esp-idf/lvgl__lvgl/CMakeFiles/__idf_lvgl__lvgl.dir/src/draw/nanovg/lv_draw_nanovg_arc.c.obj
[951/2186] Building C object esp-idf/lvgl__lvgl/CMakeFiles/__idf_lvgl__lvgl.dir/src/draw/nanovg/lv_draw_nanovg.c.obj
[952/2186] Building C object esp-idf/lvgl__lvgl/CMakeFiles/__idf_lvgl__lvgl.dir/src/draw/lv_draw.c.obj
[953/2186] Building C object esp-idf/lvgl__lvgl/CMakeFiles/__idf_lvgl__lvgl.dir/src/draw/lv_draw_buf.c.obj
[954/2186] Building C object esp-idf/lvgl__lvgl/CMakeFiles/__idf_lvgl__lvgl.dir/src/draw/nanovg/lv_draw_nanovg_border.c.obj
[955/2186] Building C object esp-idf/lvgl__lvgl/CMakeFiles/__idf_lvgl__lvgl.dir/src/draw/nanovg/lv_draw_nanovg_box_shadow.c.obj
[956/2186] Building C object esp-idf/lvgl__lvgl/CMakeFiles/__idf_lvgl__lvgl.dir/src/draw/nanovg/lv_draw_nanovg_grad.c.obj
[957/2186] Building C object esp-idf/lvgl__lvgl/CMakeFiles/__idf_lvgl__lvgl.dir/src/draw/lv_image_decoder.c.obj
[958/2186] Building C object esp-idf/lvgl__lvgl/CMakeFiles/__idf_lvgl__lvgl.dir/src/draw/nanovg/lv_draw_nanovg_fill.c.obj
[959/2186] Building C object esp-idf/lvgl__lvgl/CMakeFiles/__idf_lvgl__lvgl.dir/src/draw/nanovg/lv_draw_nanovg_image.c.obj
[960/2186] Building C object esp-idf/lvgl__lvgl/CMakeFiles/__idf_lvgl__lvgl.dir/src/draw/nanovg/lv_draw_nanovg_layer.c.obj
[961/2186] Building C object esp-idf/lvgl__lvgl/CMakeFiles/__idf_lvgl__lvgl.dir/src/draw/nanovg/lv_draw_nanovg_label.c.obj
[962/2186] Building C object esp-idf/lvgl__lvgl/CMakeFiles/__idf_lvgl__lvgl.dir/src/draw/nanovg/lv_draw_nanovg_line.c.obj
[963/2186] Building C object esp-idf/lvgl__lvgl/CMakeFiles/__idf_lvgl__lvgl.dir/src/draw/nanovg/lv_draw_nanovg_triangle.c.obj
[964/2186] Building C object esp-idf/lvgl__lvgl/CMakeFiles/__idf_lvgl__lvgl.dir/src/draw/nanovg/lv_draw_nanovg_mask_rect.c.obj
[965/2186] Building C object esp-idf/lvgl__lvgl/CMakeFiles/__idf_lvgl__lvgl.dir/src/draw/nanovg/lv_nanovg_fbo_cache.c.obj
[966/2186] Building C object esp-idf/lvgl__lvgl/CMakeFiles/__idf_lvgl__lvgl.dir/src/draw/nanovg/lv_draw_nanovg_vector.c.obj
[967/2186] Building C object esp-idf/lvgl__lvgl/CMakeFiles/__idf_lvgl__lvgl.dir/src/draw/nanovg/lv_nanovg_utils.c.obj
[968/2186] Building C object esp-idf/lvgl__lvgl/CMakeFiles/__idf_lvgl__lvgl.dir/src/draw/nanovg/lv_nanovg_image_cache.c.obj
[969/2186] Building C object esp-idf/lvgl__lvgl/CMakeFiles/__idf_lvgl__lvgl.dir/src/draw/nema_gfx/lv_draw_nema_gfx_border.c.obj
[970/2186] Building C object esp-idf/lvgl__lvgl/CMakeFiles/__idf_lvgl__lvgl.dir/src/draw/nema_gfx/lv_draw_nema_gfx_arc.c.obj
[971/2186] Building C object esp-idf/lvgl__lvgl/CMakeFiles/__idf_lvgl__lvgl.dir/src/draw/nema_gfx/lv_draw_nema_gfx_fill.c.obj
[972/2186] Building C object esp-idf/lvgl__lvgl/CMakeFiles/__idf_lvgl__lvgl.dir/src/draw/nema_gfx/lv_draw_nema_gfx_label.c.obj
[973/2186] Building C object esp-idf/lvgl__lvgl/CMakeFiles/__idf_lvgl__lvgl.dir/src/draw/nema_gfx/lv_draw_nema_gfx_img.c.obj
[974/2186] Building C object esp-idf/lvgl__lvgl/CMakeFiles/__idf_lvgl__lvgl.dir/src/draw/nema_gfx/lv_draw_nema_gfx_layer.c.obj
[975/2186] Building C object esp-idf/lvgl__lvgl/CMakeFiles/__idf_lvgl__lvgl.dir/src/draw/nema_gfx/lv_draw_nema_gfx.c.obj
[976/2186] Building C object esp-idf/lvgl__lvgl/CMakeFiles/__idf_lvgl__lvgl.dir/src/draw/nema_gfx/lv_draw_nema_gfx_line.c.obj
[977/2186] Building C object esp-idf/lvgl__lvgl/CMakeFiles/__idf_lvgl__lvgl.dir/src/draw/nema_gfx/lv_draw_nema_gfx_triangle.c.obj
[978/2186] Building C object esp-idf/lvgl__lvgl/CMakeFiles/__idf_lvgl__lvgl.dir/src/draw/nema_gfx/lv_draw_nema_gfx_utils.c.obj
[979/2186] Building C object esp-idf/lvgl__lvgl/CMakeFiles/__idf_lvgl__lvgl.dir/src/draw/nema_gfx/lv_draw_nema_gfx_stm32_hal.c.obj
[980/2186] Building C object esp-idf/lvgl__lvgl/CMakeFiles/__idf_lvgl__lvgl.dir/src/draw/nema_gfx/lv_draw_nema_gfx_vector.c.obj
[981/2186] Building C object esp-idf/lvgl__lvgl/CMakeFiles/__idf_lvgl__lvgl.dir/src/draw/lv_draw_label.c.obj
[982/2186] Building C object esp-idf/lvgl__lvgl/CMakeFiles/__idf_lvgl__lvgl.dir/src/draw/nxp/g2d/lv_draw_buf_g2d.c.obj
[983/2186] Building C object esp-idf/lvgl__lvgl/CMakeFiles/__idf_lvgl__lvgl.dir/src/draw/nxp/g2d/lv_draw_g2d.c.obj
[984/2186] Building C object esp-idf/lvgl__lvgl/CMakeFiles/__idf_lvgl__lvgl.dir/src/draw/nxp/g2d/lv_draw_g2d_img.c.obj
[985/2186] Building C object esp-idf/lvgl__lvgl/CMakeFiles/__idf_lvgl__lvgl.dir/src/draw/nxp/g2d/lv_draw_g2d_fill.c.obj
[986/2186] Building C object esp-idf/lvgl__lvgl/CMakeFiles/__idf_lvgl__lvgl.dir/src/draw/nxp/g2d/lv_g2d_buf_map.c.obj
[987/2186] Building C object esp-idf/lvgl__lvgl/CMakeFiles/__idf_lvgl__lvgl.dir/src/draw/nema_gfx/lv_nema_gfx_path.c.obj
[988/2186] Building C object esp-idf/lvgl__lvgl/CMakeFiles/__idf_lvgl__lvgl.dir/src/draw/nxp/g2d/lv_g2d_utils.c.obj
[989/2186] Building C object esp-idf/lvgl__lvgl/CMakeFiles/__idf_lvgl__lvgl.dir/src/draw/nxp/pxp/lv_draw_buf_pxp.c.obj
[990/2186] Building C object esp-idf/lvgl__lvgl/CMakeFiles/__idf_lvgl__lvgl.dir/src/draw/nxp/pxp/lv_draw_pxp.c.obj
[991/2186] Building C object esp-idf/lvgl__lvgl/CMakeFiles/__idf_lvgl__lvgl.dir/src/draw/nxp/pxp/lv_draw_pxp_img.c.obj
[992/2186] Building C object esp-idf/lvgl__lvgl/CMakeFiles/__idf_lvgl__lvgl.dir/src/draw/nxp/pxp/lv_pxp_cfg.c.obj
[993/2186] Building C object esp-idf/lvgl__lvgl/CMakeFiles/__idf_lvgl__lvgl.dir/src/draw/nxp/pxp/lv_draw_pxp_fill.c.obj
[994/2186] Building C object esp-idf/lvgl__lvgl/CMakeFiles/__idf_lvgl__lvgl.dir/src/draw/nxp/pxp/lv_draw_pxp_layer.c.obj
[995/2186] Building C object esp-idf/lvgl__lvgl/CMakeFiles/__idf_lvgl__lvgl.dir/src/draw/nxp/pxp/lv_pxp_utils.c.obj
[996/2186] Building C object esp-idf/lvgl__lvgl/CMakeFiles/__idf_lvgl__lvgl.dir/src/draw/nxp/pxp/lv_pxp_osa.c.obj
[997/2186] Building C object esp-idf/lvgl__lvgl/CMakeFiles/__idf_lvgl__lvgl.dir/src/draw/opengles/lv_draw_opengles.c.obj
[998/2186] Building C object esp-idf/lvgl__lvgl/CMakeFiles/__idf_lvgl__lvgl.dir/src/draw/renesas/dave2d/lv_draw_dave2d.c.obj
[999/2186] Building C object esp-idf/lvgl__lvgl/CMakeFiles/__idf_lvgl__lvgl.dir/src/draw/renesas/dave2d/lv_draw_dave2d_border.c.obj
[1000/2186] Building C object esp-idf/lvgl__lvgl/CMakeFiles/__idf_lvgl__lvgl.dir/src/draw/renesas/dave2d/lv_draw_dave2d_arc.c.obj
[1001/2186] Building C object esp-idf/lvgl__lvgl/CMakeFiles/__idf_lvgl__lvgl.dir/src/draw/renesas/dave2d/lv_draw_dave2d_fill.c.obj
[1002/2186] Building C object esp-idf/lvgl__lvgl/CMakeFiles/__idf_lvgl__lvgl.dir/src/draw/renesas/dave2d/lv_draw_dave2d_label.c.obj
[1003/2186] Building C object esp-idf/lvgl__lvgl/CMakeFiles/__idf_lvgl__lvgl.dir/src/draw/renesas/dave2d/lv_draw_dave2d_image.c.obj
[1004/2186] Building C object esp-idf/lvgl__lvgl/CMakeFiles/__idf_lvgl__lvgl.dir/src/draw/renesas/dave2d/lv_draw_dave2d_line.c.obj
[1005/2186] Building C object esp-idf/lvgl__lvgl/CMakeFiles/__idf_lvgl__lvgl.dir/src/draw/renesas/dave2d/lv_draw_dave2d_mask_rectangle.c.obj
[1006/2186] Building C object esp-idf/lvgl__lvgl/CMakeFiles/__idf_lvgl__lvgl.dir/src/draw/renesas/dave2d/lv_draw_dave2d_triangle.c.obj
[1007/2186] Building C object esp-idf/lvgl__lvgl/CMakeFiles/__idf_lvgl__lvgl.dir/src/draw/renesas/dave2d/lv_draw_dave2d_utils.c.obj
[1008/2186] Building C object esp-idf/lvgl__lvgl/CMakeFiles/__idf_lvgl__lvgl.dir/src/draw/sdl/lv_draw_sdl.c.obj
[1009/2186] Building C object esp-idf/lvgl__lvgl/CMakeFiles/__idf_lvgl__lvgl.dir/src/display/lv_display.c.obj
[1010/2186] Building C object esp-idf/lvgl__lvgl/CMakeFiles/__idf_lvgl__lvgl.dir/src/draw/sw/blend/lv_draw_sw_blend.c.obj
[1011/2186] Building C object esp-idf/lvgl__lvgl/CMakeFiles/__idf_lvgl__lvgl.dir/src/draw/snapshot/lv_snapshot.c.obj
[1012/2186] Building C object esp-idf/lvgl__lvgl/CMakeFiles/__idf_lvgl__lvgl.dir/src/draw/sw/blend/lv_draw_sw_blend_to_a8.c.obj
[1013/2186] Building C object esp-idf/lvgl__lvgl/CMakeFiles/__idf_lvgl__lvgl.dir/src/draw/sw/blend/neon/lv_draw_sw_blend_neon_to_rgb565.c.obj
[1014/2186] Building C object esp-idf/lvgl__lvgl/CMakeFiles/__idf_lvgl__lvgl.dir/src/draw/sw/blend/neon/lv_draw_sw_blend_neon_to_rgb888.c.obj
[1015/2186] Building C object esp-idf/lvgl__lvgl/CMakeFiles/__idf_lvgl__lvgl.dir/src/draw/sw/blend/lv_draw_sw_blend_to_argb8888_premultiplied.c.obj
[1016/2186] Building C object esp-idf/lvgl__lvgl/CMakeFiles/__idf_lvgl__lvgl.dir/src/draw/sw/blend/lv_draw_sw_blend_to_l8.c.obj
[1017/2186] Building C object esp-idf/lvgl__lvgl/CMakeFiles/__idf_lvgl__lvgl.dir/src/draw/sw/blend/lv_draw_sw_blend_to_al88.c.obj
[1018/2186] Building C object esp-idf/lvgl__lvgl/CMakeFiles/__idf_lvgl__lvgl.dir/src/draw/sw/blend/riscv_v/lv_draw_sw_blend_riscv_v_to_rgb888.c.obj
[1019/2186] Building C object esp-idf/lvgl__lvgl/CMakeFiles/__idf_lvgl__lvgl.dir/src/draw/sw/lv_draw_sw.c.obj
[1020/2186] Building C object esp-idf/lvgl__lvgl/CMakeFiles/__idf_lvgl__lvgl.dir/src/draw/sw/blend/lv_draw_sw_blend_to_i1.c.obj
[1021/2186] Building C object esp-idf/lvgl__lvgl/CMakeFiles/__idf_lvgl__lvgl.dir/src/draw/sw/lv_draw_sw_arc.c.obj
[1022/2186] Building C object esp-idf/lvgl__lvgl/CMakeFiles/__idf_lvgl__lvgl.dir/src/draw/sw/lv_draw_sw_border.c.obj
[1023/2186] Building C object esp-idf/lvgl__lvgl/CMakeFiles/__idf_lvgl__lvgl.dir/src/draw/sw/lv_draw_sw_blur.c.obj
[1024/2186] Building C object esp-idf/lvgl__lvgl/CMakeFiles/__idf_lvgl__lvgl.dir/src/draw/sw/blend/lv_draw_sw_blend_to_rgb888.c.obj
[1025/2186] Building C object esp-idf/lvgl__lvgl/CMakeFiles/__idf_lvgl__lvgl.dir/src/draw/sw/lv_draw_sw_grad.c.obj
[1026/2186] Building C object esp-idf/lvgl__lvgl/CMakeFiles/__idf_lvgl__lvgl.dir/src/draw/sw/blend/lv_draw_sw_blend_to_argb8888.c.obj
[1027/2186] Building C object esp-idf/lvgl__lvgl/CMakeFiles/__idf_lvgl__lvgl.dir/src/draw/sw/lv_draw_sw_fill.c.obj
[1028/2186] Building C object esp-idf/lvgl__lvgl/CMakeFiles/__idf_lvgl__lvgl.dir/src/draw/sw/lv_draw_sw_letter.c.obj
[1029/2186] Building C object esp-idf/lvgl__lvgl/CMakeFiles/__idf_lvgl__lvgl.dir/src/draw/sw/lv_draw_sw_line.c.obj
[1030/2186] Building C object esp-idf/lvgl__lvgl/CMakeFiles/__idf_lvgl__lvgl.dir/src/draw/sw/lv_draw_sw_mask_rect.c.obj
[1031/2186] Building C object esp-idf/lvgl__lvgl/CMakeFiles/__idf_lvgl__lvgl.dir/src/draw/sw/lv_draw_sw_triangle.c.obj
[1032/2186] Building C object esp-idf/lvgl__lvgl/CMakeFiles/__idf_lvgl__lvgl.dir/src/draw/sw/lv_draw_sw_vector.c.obj
[1033/2186] Building C object esp-idf/lvgl__lvgl/CMakeFiles/__idf_lvgl__lvgl.dir/src/draw/vg_lite/lv_draw_vg_lite.c.obj
[1034/2186] Building C object esp-idf/lvgl__lvgl/CMakeFiles/__idf_lvgl__lvgl.dir/src/draw/vg_lite/lv_draw_buf_vg_lite.c.obj
[1035/2186] Building C object esp-idf/lvgl__lvgl/CMakeFiles/__idf_lvgl__lvgl.dir/src/draw/sw/lv_draw_sw_utils.c.obj
[1036/2186] Building C object esp-idf/lvgl__lvgl/CMakeFiles/__idf_lvgl__lvgl.dir/src/draw/vg_lite/lv_draw_vg_lite_arc.c.obj
[1037/2186] Building C object esp-idf/lvgl__lvgl/CMakeFiles/__idf_lvgl__lvgl.dir/src/draw/vg_lite/lv_draw_vg_lite_border.c.obj
[1038/2186] Building C object esp-idf/lvgl__lvgl/CMakeFiles/__idf_lvgl__lvgl.dir/src/draw/sw/lv_draw_sw_box_shadow.c.obj
[1039/2186] Building C object esp-idf/lvgl__lvgl/CMakeFiles/__idf_lvgl__lvgl.dir/src/draw/sw/blend/lv_draw_sw_blend_to_rgb565.c.obj
[1040/2186] Building C object esp-idf/lvgl__lvgl/CMakeFiles/__idf_lvgl__lvgl.dir/src/draw/vg_lite/lv_draw_vg_lite_box_shadow.c.obj
[1041/2186] Building C object esp-idf/lvgl__lvgl/CMakeFiles/__idf_lvgl__lvgl.dir/src/draw/vg_lite/lv_draw_vg_lite_fill.c.obj
[1042/2186] Building C object esp-idf/lvgl__lvgl/CMakeFiles/__idf_lvgl__lvgl.dir/src/draw/vg_lite/lv_draw_vg_lite_img.c.obj
[1043/2186] Building C object esp-idf/lvgl__lvgl/CMakeFiles/__idf_lvgl__lvgl.dir/src/draw/vg_lite/lv_draw_vg_lite_label.c.obj
[1044/2186] Building C object esp-idf/lvgl__lvgl/CMakeFiles/__idf_lvgl__lvgl.dir/src/draw/vg_lite/lv_draw_vg_lite_layer.c.obj
[1045/2186] Building C object esp-idf/lvgl__lvgl/CMakeFiles/__idf_lvgl__lvgl.dir/src/draw/sw/blend/lv_draw_sw_blend_to_rgb565_swapped.c.obj
[1046/2186] Building C object esp-idf/lvgl__lvgl/CMakeFiles/__idf_lvgl__lvgl.dir/src/draw/sw/lv_draw_sw_img.c.obj
[1047/2186] Building C object esp-idf/lvgl__lvgl/CMakeFiles/__idf_lvgl__lvgl.dir/src/draw/vg_lite/lv_draw_vg_lite_line.c.obj
[1048/2186] Building C object esp-idf/lvgl__lvgl/CMakeFiles/__idf_lvgl__lvgl.dir/src/draw/vg_lite/lv_draw_vg_lite_mask_rect.c.obj
[1049/2186] Building C object esp-idf/lvgl__lvgl/CMakeFiles/__idf_lvgl__lvgl.dir/src/draw/vg_lite/lv_draw_vg_lite_triangle.c.obj
[1050/2186] Building C object esp-idf/lvgl__lvgl/CMakeFiles/__idf_lvgl__lvgl.dir/src/draw/vg_lite/lv_draw_vg_lite_vector.c.obj
[1051/2186] Building C object esp-idf/lvgl__lvgl/CMakeFiles/__idf_lvgl__lvgl.dir/src/draw/vg_lite/lv_vg_lite_bitmap_font_cache.c.obj
[1052/2186] Building C object esp-idf/lvgl__lvgl/CMakeFiles/__idf_lvgl__lvgl.dir/src/draw/vg_lite/lv_vg_lite_decoder.c.obj
[1053/2186] Building C object esp-idf/lvgl__lvgl/CMakeFiles/__idf_lvgl__lvgl.dir/src/draw/vg_lite/lv_vg_lite_math.c.obj
[1054/2186] Building C object esp-idf/lvgl__lvgl/CMakeFiles/__idf_lvgl__lvgl.dir/src/draw/vg_lite/lv_vg_lite_grad.c.obj
[1055/2186] Building C object esp-idf/lvgl__lvgl/CMakeFiles/__idf_lvgl__lvgl.dir/src/draw/vg_lite/lv_vg_lite_path.c.obj
[1056/2186] Building C object esp-idf/lvgl__lvgl/CMakeFiles/__idf_lvgl__lvgl.dir/src/draw/vg_lite/lv_vg_lite_pending.c.obj
[1057/2186] Building C object esp-idf/lvgl__lvgl/CMakeFiles/__idf_lvgl__lvgl.dir/src/draw/vg_lite/lv_vg_lite_stroke.c.obj
[1058/2186] Building C object esp-idf/lvgl__lvgl/CMakeFiles/__idf_lvgl__lvgl.dir/src/draw/vg_lite/lv_vg_lite_utils.c.obj
[1059/2186] Building C object esp-idf/lvgl__lvgl/CMakeFiles/__idf_lvgl__lvgl.dir/src/drivers/display/drm/lv_linux_drm_common.c.obj
[1060/2186] Building C object esp-idf/lvgl__lvgl/CMakeFiles/__idf_lvgl__lvgl.dir/src/draw/sw/lv_draw_sw_mask.c.obj
[1061/2186] Building C object esp-idf/lvgl__lvgl/CMakeFiles/__idf_lvgl__lvgl.dir/src/drivers/display/drm/lv_linux_drm.c.obj
[1062/2186] Building C object esp-idf/lvgl__lvgl/CMakeFiles/__idf_lvgl__lvgl.dir/src/drivers/display/ft81x/lv_ft81x.c.obj
[1063/2186] Building C object esp-idf/lvgl__lvgl/CMakeFiles/__idf_lvgl__lvgl.dir/src/drivers/display/fb/lv_linux_fbdev.c.obj
[1064/2186] Building C object esp-idf/lvgl__lvgl/CMakeFiles/__idf_lvgl__lvgl.dir/src/drivers/display/drm/lv_linux_drm_egl.c.obj
[1065/2186] Building C object esp-idf/lvgl__lvgl/CMakeFiles/__idf_lvgl__lvgl.dir/src/drivers/display/ili9341/lv_ili9341.c.obj
[1066/2186] Building C object esp-idf/lvgl__lvgl/CMakeFiles/__idf_lvgl__lvgl.dir/src/drivers/display/lcd/lv_lcd_generic_mipi.c.obj
[1067/2186] Building CXX object esp-idf/lvgl__lvgl/CMakeFiles/__idf_lvgl__lvgl.dir/src/drivers/display/lovyan_gfx/lv_lovyan_gfx.cpp.obj
[1068/2186] Building C object esp-idf/lvgl__lvgl/CMakeFiles/__idf_lvgl__lvgl.dir/src/drivers/display/nv3007/lv_nv3007.c.obj
[1069/2186] Building C object esp-idf/lvgl__lvgl/CMakeFiles/__idf_lvgl__lvgl.dir/src/drivers/display/st7789/lv_st7789.c.obj
[1070/2186] Building C object esp-idf/lvgl__lvgl/CMakeFiles/__idf_lvgl__lvgl.dir/src/drivers/display/renesas_glcdc/lv_renesas_glcdc.c.obj
[1071/2186] Building C object esp-idf/lvgl__lvgl/CMakeFiles/__idf_lvgl__lvgl.dir/src/drivers/display/st7735/lv_st7735.c.obj
[1072/2186] Building C object esp-idf/lvgl__lvgl/CMakeFiles/__idf_lvgl__lvgl.dir/src/drivers/display/st7796/lv_st7796.c.obj
[1073/2186] Building C object esp-idf/lvgl__lvgl/CMakeFiles/__idf_lvgl__lvgl.dir/src/drivers/draw/eve/lv_draw_eve_display.c.obj
[1074/2186] Building CXX object esp-idf/lvgl__lvgl/CMakeFiles/__idf_lvgl__lvgl.dir/src/drivers/display/tft_espi/lv_tft_espi.cpp.obj
[1075/2186] Building C object esp-idf/lvgl__lvgl/CMakeFiles/__idf_lvgl__lvgl.dir/src/drivers/display/st_ltdc/lv_st_ltdc.c.obj
[1076/2186] Building C object esp-idf/lvgl__lvgl/CMakeFiles/__idf_lvgl__lvgl.dir/src/drivers/evdev/lv_evdev.c.obj
[1077/2186] Building C object esp-idf/lvgl__lvgl/CMakeFiles/__idf_lvgl__lvgl.dir/src/drivers/libinput/lv_xkb.c.obj
[1078/2186] Building C object esp-idf/lvgl__lvgl/CMakeFiles/__idf_lvgl__lvgl.dir/src/drivers/nuttx/lv_nuttx_entry.c.obj
[1079/2186] Building C object esp-idf/lvgl__lvgl/CMakeFiles/__idf_lvgl__lvgl.dir/src/drivers/nuttx/lv_nuttx_fbdev.c.obj
[1080/2186] Building C object esp-idf/lvgl__lvgl/CMakeFiles/__idf_lvgl__lvgl.dir/src/drivers/libinput/lv_libinput.c.obj
[1081/2186] Building C object esp-idf/lvgl__lvgl/CMakeFiles/__idf_lvgl__lvgl.dir/src/draw/sw/lv_draw_sw_transform.c.obj
[1082/2186] Building C object esp-idf/lvgl__lvgl/CMakeFiles/__idf_lvgl__lvgl.dir/src/drivers/nuttx/lv_nuttx_lcd.c.obj
[1083/2186] Building C object esp-idf/lvgl__lvgl/CMakeFiles/__idf_lvgl__lvgl.dir/src/drivers/nuttx/lv_nuttx_profiler.c.obj
[1084/2186] Building C object esp-idf/lvgl__lvgl/CMakeFiles/__idf_lvgl__lvgl.dir/src/drivers/nuttx/lv_nuttx_mouse.c.obj
[1085/2186] Building C object esp-idf/lvgl__lvgl/CMakeFiles/__idf_lvgl__lvgl.dir/src/drivers/nuttx/lv_nuttx_touchscreen.c.obj
[1086/2186] Building C object esp-idf/lvgl__lvgl/CMakeFiles/__idf_lvgl__lvgl.dir/src/drivers/opengles/glad/src/egl.c.obj
[1087/2186] Building C object esp-idf/lvgl__lvgl/CMakeFiles/__idf_lvgl__lvgl.dir/src/drivers/opengles/assets/lv_opengles_shader.c.obj
[1088/2186] Building C object esp-idf/lvgl__lvgl/CMakeFiles/__idf_lvgl__lvgl.dir/src/drivers/opengles/glad/src/gl.c.obj
[1089/2186] Building C object esp-idf/lvgl__lvgl/CMakeFiles/__idf_lvgl__lvgl.dir/src/drivers/nuttx/lv_nuttx_cache.c.obj
[1090/2186] Building C object esp-idf/lvgl__lvgl/CMakeFiles/__idf_lvgl__lvgl.dir/src/drivers/opengles/glad/src/gles2.c.obj
[1091/2186] Building C object esp-idf/lvgl__lvgl/CMakeFiles/__idf_lvgl__lvgl.dir/src/drivers/display/nxp_elcdif/lv_nxp_elcdif.c.obj
[1092/2186] Building C object esp-idf/lvgl__lvgl/CMakeFiles/__idf_lvgl__lvgl.dir/src/drivers/opengles/lv_opengles_debug.c.obj
[1093/2186] Building C object esp-idf/lvgl__lvgl/CMakeFiles/__idf_lvgl__lvgl.dir/src/drivers/opengles/lv_opengles_driver.c.obj
[1094/2186] Building C object esp-idf/lvgl__lvgl/CMakeFiles/__idf_lvgl__lvgl.dir/src/drivers/opengles/lv_opengles_egl.c.obj
[1095/2186] Building C object esp-idf/lvgl__lvgl/CMakeFiles/__idf_lvgl__lvgl.dir/src/drivers/opengles/lv_opengles_glfw.c.obj
[1096/2186] Building C object esp-idf/lvgl__lvgl/CMakeFiles/__idf_lvgl__lvgl.dir/src/drivers/opengles/opengl_shader/lv_opengl_shader_manager.c.obj
[1097/2186] Building C object esp-idf/lvgl__lvgl/CMakeFiles/__idf_lvgl__lvgl.dir/src/drivers/opengles/opengl_shader/lv_opengl_shader_program.c.obj
[1098/2186] Building C object esp-idf/lvgl__lvgl/CMakeFiles/__idf_lvgl__lvgl.dir/src/drivers/opengles/lv_opengles_texture.c.obj
[1099/2186] Building C object esp-idf/lvgl__lvgl/CMakeFiles/__idf_lvgl__lvgl.dir/src/drivers/sdl/lv_sdl_egl.c.obj
[1100/2186] Building C object esp-idf/lvgl__lvgl/CMakeFiles/__idf_lvgl__lvgl.dir/src/drivers/qnx/lv_qnx.c.obj
[1101/2186] Building C object esp-idf/lvgl__lvgl/CMakeFiles/__idf_lvgl__lvgl.dir/src/drivers/sdl/lv_sdl_mouse.c.obj
[1102/2186] Building C object esp-idf/lvgl__lvgl/CMakeFiles/__idf_lvgl__lvgl.dir/src/drivers/sdl/lv_sdl_keyboard.c.obj
[1103/2186] Building C object esp-idf/lvgl__lvgl/CMakeFiles/__idf_lvgl__lvgl.dir/src/drivers/nuttx/lv_nuttx_image_cache.c.obj
[1104/2186] Building C object esp-idf/lvgl__lvgl/CMakeFiles/__idf_lvgl__lvgl.dir/src/drivers/sdl/lv_sdl_texture.c.obj
[1105/2186] Building C object esp-idf/lvgl__lvgl/CMakeFiles/__idf_lvgl__lvgl.dir/src/drivers/sdl/lv_sdl_mousewheel.c.obj
[1106/2186] Building C object esp-idf/lvgl__lvgl/CMakeFiles/__idf_lvgl__lvgl.dir/src/drivers/sdl/lv_sdl_sw.c.obj
[1107/2186] Building C object esp-idf/lvgl__lvgl/CMakeFiles/__idf_lvgl__lvgl.dir/src/drivers/sdl/lv_sdl_window.c.obj
[1108/2186] Building C object esp-idf/lvgl__lvgl/CMakeFiles/__idf_lvgl__lvgl.dir/src/drivers/wayland/lv_wayland.c.obj
[1109/2186] Building C object esp-idf/lvgl__lvgl/CMakeFiles/__idf_lvgl__lvgl.dir/src/drivers/wayland/lv_wl_egl_backend.c.obj
[1110/2186] Building C object esp-idf/lvgl__lvgl/CMakeFiles/__idf_lvgl__lvgl.dir/src/drivers/nuttx/lv_nuttx_libuv.c.obj
[1111/2186] Building C object esp-idf/lvgl__lvgl/CMakeFiles/__idf_lvgl__lvgl.dir/src/drivers/wayland/lv_wl_g2d_backend.c.obj
[1112/2186] Building C object esp-idf/lvgl__lvgl/CMakeFiles/__idf_lvgl__lvgl.dir/src/drivers/uefi/lv_uefi_context.c.obj
[1113/2186] Building C object esp-idf/lvgl__lvgl/CMakeFiles/__idf_lvgl__lvgl.dir/src/drivers/wayland/lv_wl_keyboard.c.obj
[1114/2186] Building C object esp-idf/lvgl__lvgl/CMakeFiles/__idf_lvgl__lvgl.dir/src/drivers/uefi/lv_uefi_display.c.obj
[1115/2186] Building C object esp-idf/lvgl__lvgl/CMakeFiles/__idf_lvgl__lvgl.dir/src/drivers/wayland/lv_wl_seat.c.obj
[1116/2186] Building C object esp-idf/lvgl__lvgl/CMakeFiles/__idf_lvgl__lvgl.dir/src/drivers/uefi/lv_uefi_indev_keyboard.c.obj
[1117/2186] Building C object esp-idf/lvgl__lvgl/CMakeFiles/__idf_lvgl__lvgl.dir/src/drivers/wayland/lv_wl_shm_backend.c.obj
[1118/2186] Building C object esp-idf/lvgl__lvgl/CMakeFiles/__idf_lvgl__lvgl.dir/src/drivers/uefi/lv_uefi_indev_touch.c.obj
[1119/2186] Building C object esp-idf/lvgl__lvgl/CMakeFiles/__idf_lvgl__lvgl.dir/src/drivers/wayland/lv_wl_xdg_shell.c.obj
[1120/2186] Building C object esp-idf/lvgl__lvgl/CMakeFiles/__idf_lvgl__lvgl.dir/src/drivers/wayland/lv_wl_pointer.c.obj
[1121/2186] Building C object esp-idf/lvgl__lvgl/CMakeFiles/__idf_lvgl__lvgl.dir/src/drivers/uefi/lv_uefi_private.c.obj
[1122/2186] Building C object esp-idf/lvgl__lvgl/CMakeFiles/__idf_lvgl__lvgl.dir/src/drivers/wayland/lv_wl_window.c.obj
[1123/2186] Building C object esp-idf/lvgl__lvgl/CMakeFiles/__idf_lvgl__lvgl.dir/src/drivers/windows/lv_windows_context.c.obj
[1124/2186] Building C object esp-idf/lvgl__lvgl/CMakeFiles/__idf_lvgl__lvgl.dir/src/drivers/windows/lv_windows_display.c.obj
[1125/2186] Building C object esp-idf/lvgl__lvgl/CMakeFiles/__idf_lvgl__lvgl.dir/src/drivers/wayland/lv_wl_touch.c.obj
[1126/2186] Building C object esp-idf/lvgl__lvgl/CMakeFiles/__idf_lvgl__lvgl.dir/src/drivers/uefi/lv_uefi_indev_pointer.c.obj
[1127/2186] Building C object esp-idf/lvgl__lvgl/CMakeFiles/__idf_lvgl__lvgl.dir/src/drivers/windows/lv_windows_input.c.obj
[1128/2186] Building C object esp-idf/lvgl__lvgl/CMakeFiles/__idf_lvgl__lvgl.dir/src/drivers/x11/lv_x11_display.c.obj
[1129/2186] Building C object esp-idf/lvgl__lvgl/CMakeFiles/__idf_lvgl__lvgl.dir/src/drivers/x11/lv_x11_input.c.obj
[1130/2186] Building C object esp-idf/lvgl__lvgl/CMakeFiles/__idf_lvgl__lvgl.dir/src/font/font_manager/lv_font_manager.c.obj
[1131/2186] Building C object esp-idf/lvgl__lvgl/CMakeFiles/__idf_lvgl__lvgl.dir/src/font/font_manager/lv_font_manager_recycle.c.obj
[1132/2186] Building C object esp-idf/lvgl__lvgl/CMakeFiles/__idf_lvgl__lvgl.dir/src/font/lv_font.c.obj
[1133/2186] Performing configure step for 'bootloader'
-- Found Git: /opt/homebrew/bin/git (found version "2.50.0")
-- Component directory /Users/mac/esp/esp-idf/components/mqtt does not contain a CMakeLists.txt file. No component will be added
-- Minimal build - OFF
-- The C compiler identification is GNU 15.2.0
-- The CXX compiler identification is GNU 15.2.0
-- The ASM compiler identification is GNU
-- Found assembler: /Users/mac/.espressif/tools/xtensa-esp-elf/esp-15.2.0_20251204/xtensa-esp-elf/bin/xtensa-esp32s3-elf-gcc
-- Detecting C compiler ABI info
-- Detecting C compiler ABI info - done
-- Check for working C compiler: /Users/mac/.espressif/tools/xtensa-esp-elf/esp-15.2.0_20251204/xtensa-esp-elf/bin/xtensa-esp32s3-elf-gcc - skipped
-- Detecting C compile features
-- Detecting C compile features - done
-- Detecting CXX compiler ABI info
-- Detecting CXX compiler ABI info - done
-- Check for working CXX compiler: /Users/mac/.espressif/tools/xtensa-esp-elf/esp-15.2.0_20251204/xtensa-esp-elf/bin/xtensa-esp32s3-elf-g++ - skipped
-- Detecting CXX compile features
-- Detecting CXX compile features - done
-- Building ESP-IDF components for target esp32s3
-- ESP-TEE is currently supported only on the esp32c6;esp32h2;esp32c5;esp32c61 SoCs
-- KCONFIG_REPORT_VERBOSITY not set, using default
-- Project sdkconfig file /Users/mac/ia-hardware/xiaozhi-esp32/sdkconfig
NOTE: Kconfig parser version: 1
NOTE: Kconfig defaults policy: use sdkconfig
NOTE: Status: Finished successfully
-- Compiler supported targets: xtensa-esp-elf
-- Detecting C compiler ABI info
-- Detecting C compiler ABI info - done
-- Detecting CXX compiler ABI info
-- Detecting CXX compiler ABI info - done
-- Detecting C compiler ABI info
-- Detecting C compiler ABI info - done
-- Detecting CXX compiler ABI info
-- Detecting CXX compiler ABI info - done
-- Adding linker script /Users/mac/esp/esp-idf/components/soc/esp32s3/ld/esp32s3.peripherals.ld
-- Bootloader project name: "bootloader" version: 1
-- Adding linker script /Users/mac/esp/esp-idf/components/esp_hal_wdt/esp32s3/rom.wdt.ld
-- Adding linker script /Users/mac/esp/esp-idf/components/esp_rom/esp32s3/ld/esp32s3.rom.ld
-- Adding linker script /Users/mac/esp/esp-idf/components/esp_rom/esp32s3/ld/esp32s3.rom.api.ld
-- Adding linker script /Users/mac/esp/esp-idf/components/esp_rom/esp32s3/ld/esp32s3.rom.bt_funcs.ld
-- Adding linker script /Users/mac/esp/esp-idf/components/esp_rom/esp32s3/ld/esp32s3.rom.libgcc.ld
-- Adding linker script /Users/mac/esp/esp-idf/components/esp_rom/esp32s3/ld/esp32s3.rom.version.ld
-- Adding linker script /Users/mac/esp/esp-idf/components/esp_rom/esp32s3/ld/esp32s3.rom.libc.ld
-- Components: bootloader bootloader_support efuse esp_app_format esp_blockdev esp_bootloader_format esp_common esp_hal_ana_conv esp_hal_clock esp_hal_dma esp_hal_gpio esp_hal_gpspi esp_hal_mspi esp_hal_pmu esp_hal_rtc_timer esp_hal_security esp_hal_timg esp_hal_uart esp_hal_usb esp_hal_wdt esp_hw_support esp_libc esp_rom esp_security esp_stdio esp_system esptool_py freertos hal log main micro-ecc partition_table soc spi_flash xtensa
-- Component paths: /Users/mac/esp/esp-idf/components/bootloader /Users/mac/esp/esp-idf/components/bootloader_support /Users/mac/esp/esp-idf/components/efuse /Users/mac/esp/esp-idf/components/esp_app_format /Users/mac/esp/esp-idf/components/esp_blockdev /Users/mac/esp/esp-idf/components/esp_bootloader_format /Users/mac/esp/esp-idf/components/esp_common /Users/mac/esp/esp-idf/components/esp_hal_ana_conv /Users/mac/esp/esp-idf/components/esp_hal_clock /Users/mac/esp/esp-idf/components/esp_hal_dma /Users/mac/esp/esp-idf/components/esp_hal_gpio /Users/mac/esp/esp-idf/components/esp_hal_gpspi /Users/mac/esp/esp-idf/components/esp_hal_mspi /Users/mac/esp/esp-idf/components/esp_hal_pmu /Users/mac/esp/esp-idf/components/esp_hal_rtc_timer /Users/mac/esp/esp-idf/components/esp_hal_security /Users/mac/esp/esp-idf/components/esp_hal_timg /Users/mac/esp/esp-idf/components/esp_hal_uart /Users/mac/esp/esp-idf/components/esp_hal_usb /Users/mac/esp/esp-idf/components/esp_hal_wdt /Users/mac/esp/esp-idf/components/esp_hw_support /Users/mac/esp/esp-idf/components/esp_libc /Users/mac/esp/esp-idf/components/esp_rom /Users/mac/esp/esp-idf/components/esp_security /Users/mac/esp/esp-idf/components/esp_stdio /Users/mac/esp/esp-idf/components/esp_system /Users/mac/esp/esp-idf/components/esptool_py /Users/mac/esp/esp-idf/components/freertos /Users/mac/esp/esp-idf/components/hal /Users/mac/esp/esp-idf/components/log /Users/mac/esp/esp-idf/components/bootloader/subproject/main /Users/mac/esp/esp-idf/components/bootloader/subproject/components/micro-ecc /Users/mac/esp/esp-idf/components/partition_table /Users/mac/esp/esp-idf/components/soc /Users/mac/esp/esp-idf/components/spi_flash /Users/mac/esp/esp-idf/components/xtensa
-- Adding linker script /Users/mac/esp/esp-idf/components/bootloader/subproject/main/ld/esp32s3/bootloader.memory.ld.in
--   -> Preprocessing .in script: /Users/mac/esp/esp-idf/components/bootloader/subproject/main/ld/esp32s3/bootloader.memory.ld.in
-- Adding linker script /Users/mac/esp/esp-idf/components/bootloader/subproject/main/ld/esp32s3/bootloader.sections.ld.in
--   -> Preprocessing .in script: /Users/mac/esp/esp-idf/components/bootloader/subproject/main/ld/esp32s3/bootloader.sections.ld.in
-- Configuring done (8.2s)
-- Generating done (0.3s)
-- Build files have been written to: /Users/mac/ia-hardware/xiaozhi-esp32/build/bootloader
[1134/2186] Building C object esp-idf/lvgl__lvgl/CMakeFiles/__idf_lvgl__lvgl.dir/src/font/lv_font_montserrat_10.c.obj
[1135/2186] Building C object esp-idf/lvgl__lvgl/CMakeFiles/__idf_lvgl__lvgl.dir/src/font/imgfont/lv_imgfont.c.obj
[1136/2186] Building C object esp-idf/lvgl__lvgl/CMakeFiles/__idf_lvgl__lvgl.dir/src/font/lv_font_dejavu_16_persian_hebrew.c.obj
[1137/2186] Building C object esp-idf/lvgl__lvgl/CMakeFiles/__idf_lvgl__lvgl.dir/src/font/fmt_txt/lv_font_fmt_txt.c.obj
[1138/2186] Building C object esp-idf/lvgl__lvgl/CMakeFiles/__idf_lvgl__lvgl.dir/src/font/lv_font_montserrat_12.c.obj
[1139/2186] Building C object esp-idf/lvgl__lvgl/CMakeFiles/__idf_lvgl__lvgl.dir/src/font/lv_font_montserrat_14.c.obj
[1140/2186] Building C object esp-idf/lvgl__lvgl/CMakeFiles/__idf_lvgl__lvgl.dir/src/font/lv_font_montserrat_18.c.obj
[1141/2186] Building C object esp-idf/lvgl__lvgl/CMakeFiles/__idf_lvgl__lvgl.dir/src/font/lv_font_montserrat_16.c.obj
[1142/2186] Building C object esp-idf/lvgl__lvgl/CMakeFiles/__idf_lvgl__lvgl.dir/src/font/lv_font_montserrat_22.c.obj
[1143/2186] Building C object esp-idf/lvgl__lvgl/CMakeFiles/__idf_lvgl__lvgl.dir/src/font/lv_font_montserrat_20.c.obj
[1144/2186] Building C object esp-idf/lvgl__lvgl/CMakeFiles/__idf_lvgl__lvgl.dir/src/font/lv_font_montserrat_14_aligned.c.obj
[1145/2186] Building C object esp-idf/lvgl__lvgl/CMakeFiles/__idf_lvgl__lvgl.dir/src/font/lv_font_montserrat_26.c.obj
[1146/2186] Building C object esp-idf/lvgl__lvgl/CMakeFiles/__idf_lvgl__lvgl.dir/src/font/lv_font_montserrat_24.c.obj
[1147/2186] Building C object esp-idf/lvgl__lvgl/CMakeFiles/__idf_lvgl__lvgl.dir/src/font/lv_font_montserrat_28.c.obj
[1148/2186] Building C object esp-idf/lvgl__lvgl/CMakeFiles/__idf_lvgl__lvgl.dir/src/font/lv_font_montserrat_28_compressed.c.obj
[1149/2186] Building C object esp-idf/lvgl__lvgl/CMakeFiles/__idf_lvgl__lvgl.dir/src/font/binfont_loader/lv_binfont_loader.c.obj
[1150/2186] Building C object esp-idf/lvgl__lvgl/CMakeFiles/__idf_lvgl__lvgl.dir/src/font/lv_font_montserrat_32.c.obj
[1151/2186] Building C object esp-idf/lvgl__lvgl/CMakeFiles/__idf_lvgl__lvgl.dir/src/font/lv_font_montserrat_38.c.obj
[1152/2186] Building C object esp-idf/lvgl__lvgl/CMakeFiles/__idf_lvgl__lvgl.dir/src/font/lv_font_montserrat_30.c.obj
[1153/2186] Building C object esp-idf/lvgl__lvgl/CMakeFiles/__idf_lvgl__lvgl.dir/src/font/lv_font_montserrat_36.c.obj
[1154/2186] Building C object esp-idf/lvgl__lvgl/CMakeFiles/__idf_lvgl__lvgl.dir/src/font/lv_font_montserrat_42.c.obj
[1155/2186] Building C object esp-idf/lvgl__lvgl/CMakeFiles/__idf_lvgl__lvgl.dir/src/font/lv_font_montserrat_34.c.obj
[1156/2186] Building C object esp-idf/lvgl__lvgl/CMakeFiles/__idf_lvgl__lvgl.dir/src/font/lv_font_montserrat_40.c.obj
[1157/2186] Building C object esp-idf/lvgl__lvgl/CMakeFiles/__idf_lvgl__lvgl.dir/src/font/lv_font_montserrat_44.c.obj
[1158/2186] Building C object esp-idf/lvgl__lvgl/CMakeFiles/__idf_lvgl__lvgl.dir/src/indev/lv_gridnav.c.obj
[1159/2186] Building C object esp-idf/lvgl__lvgl/CMakeFiles/__idf_lvgl__lvgl.dir/src/font/lv_font_montserrat_46.c.obj
[1160/2186] Building C object esp-idf/lvgl__lvgl/CMakeFiles/__idf_lvgl__lvgl.dir/src/font/lv_font_unscii_16.c.obj
[1161/2186] Building C object esp-idf/lvgl__lvgl/CMakeFiles/__idf_lvgl__lvgl.dir/src/font/lv_font_montserrat_8.c.obj
[1162/2186] Building C object esp-idf/lvgl__lvgl/CMakeFiles/__idf_lvgl__lvgl.dir/src/indev/lv_indev_gesture.c.obj
[1163/2186] Building C object esp-idf/lvgl__lvgl/CMakeFiles/__idf_lvgl__lvgl.dir/src/font/lv_font_source_han_sans_sc_14_cjk.c.obj
[1164/2186] Building C object esp-idf/lvgl__lvgl/CMakeFiles/__idf_lvgl__lvgl.dir/src/font/lv_font_montserrat_48.c.obj
[1165/2186] Building C object esp-idf/lvgl__lvgl/CMakeFiles/__idf_lvgl__lvgl.dir/src/font/lv_font_unscii_8.c.obj
[1166/2186] Building C object esp-idf/lvgl__lvgl/CMakeFiles/__idf_lvgl__lvgl.dir/src/libs/FT800-FT813/EVE_commands.c.obj
[1167/2186] Building C object esp-idf/lvgl__lvgl/CMakeFiles/__idf_lvgl__lvgl.dir/src/libs/FT800-FT813/EVE_supplemental.c.obj
[1168/2186] Building C object esp-idf/lvgl__lvgl/CMakeFiles/__idf_lvgl__lvgl.dir/src/font/lv_font_source_han_sans_sc_16_cjk.c.obj
[1169/2186] Building C object esp-idf/lvgl__lvgl/CMakeFiles/__idf_lvgl__lvgl.dir/src/layouts/lv_layout.c.obj
[1170/2186] Building C object esp-idf/lvgl__lvgl/CMakeFiles/__idf_lvgl__lvgl.dir/src/libs/ffmpeg/lv_ffmpeg.c.obj
[1171/2186] Building C object esp-idf/lvgl__lvgl/CMakeFiles/__idf_lvgl__lvgl.dir/src/libs/barcode/code128.c.obj
[1172/2186] Building C object esp-idf/lvgl__lvgl/CMakeFiles/__idf_lvgl__lvgl.dir/src/libs/freetype/lv_freetype.c.obj
[1173/2186] Building C object esp-idf/lvgl__lvgl/CMakeFiles/__idf_lvgl__lvgl.dir/src/libs/bmp/lv_bmp.c.obj
[1174/2186] Building C object esp-idf/lvgl__lvgl/CMakeFiles/__idf_lvgl__lvgl.dir/src/libs/barcode/lv_barcode.c.obj
[1175/2186] Building C object esp-idf/lvgl__lvgl/CMakeFiles/__idf_lvgl__lvgl.dir/src/libs/freetype/lv_freetype_glyph.c.obj
[1176/2186] Building C object esp-idf/lvgl__lvgl/CMakeFiles/__idf_lvgl__lvgl.dir/src/libs/bin_decoder/lv_bin_decoder.c.obj
[1177/2186] Building C object esp-idf/lvgl__lvgl/CMakeFiles/__idf_lvgl__lvgl.dir/src/libs/frogfs/src/decomp_raw.c.obj
[1178/2186] Building C object esp-idf/lvgl__lvgl/CMakeFiles/__idf_lvgl__lvgl.dir/src/libs/freetype/lv_freetype_outline.c.obj
[1179/2186] Building C object esp-idf/lvgl__lvgl/CMakeFiles/__idf_lvgl__lvgl.dir/src/libs/freetype/lv_freetype_image.c.obj
[1180/2186] Building C object esp-idf/lvgl__lvgl/CMakeFiles/__idf_lvgl__lvgl.dir/src/libs/frogfs/src/frogfs.c.obj
[1181/2186] Building C object esp-idf/lvgl__lvgl/CMakeFiles/__idf_lvgl__lvgl.dir/src/indev/lv_indev_scroll.c.obj
[1182/2186] Building C object esp-idf/lvgl__lvgl/CMakeFiles/__idf_lvgl__lvgl.dir/src/layouts/grid/lv_grid.c.obj
[1183/2186] Building C object esp-idf/lvgl__lvgl/CMakeFiles/__idf_lvgl__lvgl.dir/src/libs/fsdrv/lv_fs_cbfs.c.obj
[1184/2186] Building C object esp-idf/lvgl__lvgl/CMakeFiles/__idf_lvgl__lvgl.dir/src/libs/freetype/lv_ftsystem.c.obj
[1185/2186] Building CXX object esp-idf/lvgl__lvgl/CMakeFiles/__idf_lvgl__lvgl.dir/src/libs/fsdrv/lv_fs_arduino_sd.cpp.obj
[1186/2186] Building C object esp-idf/lvgl__lvgl/CMakeFiles/__idf_lvgl__lvgl.dir/src/libs/fsdrv/lv_fs_fatfs.c.obj
[1187/2186] Building CXX object esp-idf/lvgl__lvgl/CMakeFiles/__idf_lvgl__lvgl.dir/src/libs/fsdrv/lv_fs_arduino_esp_littlefs.cpp.obj
[1188/2186] Building C object esp-idf/lvgl__lvgl/CMakeFiles/__idf_lvgl__lvgl.dir/src/libs/fsdrv/lv_fs_frogfs.c.obj
[1189/2186] Building C object esp-idf/lvgl__lvgl/CMakeFiles/__idf_lvgl__lvgl.dir/src/libs/fsdrv/lv_fs_memfs.c.obj
[1190/2186] Building C object esp-idf/lvgl__lvgl/CMakeFiles/__idf_lvgl__lvgl.dir/src/libs/gif/gif.c.obj
[1191/2186] Building C object esp-idf/lvgl__lvgl/CMakeFiles/__idf_lvgl__lvgl.dir/src/libs/fsdrv/lv_fs_littlefs.c.obj
[1192/2186] Building CXX object esp-idf/lvgl__lvgl/CMakeFiles/__idf_lvgl__lvgl.dir/src/libs/gltf/gltf_data/lv_gltf_data.cpp.obj
[1193/2186] Building CXX object esp-idf/lvgl__lvgl/CMakeFiles/__idf_lvgl__lvgl.dir/src/libs/gltf/gltf_data/lv_gltf_data_animations.cpp.obj
[1194/2186] Building C object esp-idf/lvgl__lvgl/CMakeFiles/__idf_lvgl__lvgl.dir/src/layouts/flex/lv_flex.c.obj
[1195/2186] Building C object esp-idf/lvgl__lvgl/CMakeFiles/__idf_lvgl__lvgl.dir/src/libs/fsdrv/lv_fs_posix.c.obj
[1196/2186] Building CXX object esp-idf/lvgl__lvgl/CMakeFiles/__idf_lvgl__lvgl.dir/src/libs/gltf/gltf_data/lv_gltf_data_cache.cpp.obj
[1197/2186] Building CXX object esp-idf/lvgl__lvgl/CMakeFiles/__idf_lvgl__lvgl.dir/src/libs/gltf/gltf_data/lv_gltf_data_injest.cpp.obj
[1198/2186] Building C object esp-idf/lvgl__lvgl/CMakeFiles/__idf_lvgl__lvgl.dir/src/indev/lv_indev.c.obj
[1199/2186] Building CXX object esp-idf/lvgl__lvgl/CMakeFiles/__idf_lvgl__lvgl.dir/src/libs/gltf/gltf_data/lv_gltf_data_mesh.cpp.obj
[1200/2186] Building CXX object esp-idf/lvgl__lvgl/CMakeFiles/__idf_lvgl__lvgl.dir/src/libs/gltf/gltf_data/lv_gltf_data_primitive.cpp.obj
[1201/2186] Building C object esp-idf/lvgl__lvgl/CMakeFiles/__idf_lvgl__lvgl.dir/src/libs/fsdrv/lv_fs_stdio.c.obj
[1202/2186] Building CXX object esp-idf/lvgl__lvgl/CMakeFiles/__idf_lvgl__lvgl.dir/src/libs/gltf/gltf_data/lv_gltf_data_shader.cpp.obj
[1203/2186] Building C object esp-idf/lvgl__lvgl/CMakeFiles/__idf_lvgl__lvgl.dir/src/libs/fsdrv/lv_fs_uefi.c.obj
[1204/2186] Building CXX object esp-idf/lvgl__lvgl/CMakeFiles/__idf_lvgl__lvgl.dir/src/libs/gltf/gltf_data/lv_gltf_data_skin.cpp.obj
[1205/2186] Building CXX object esp-idf/lvgl__lvgl/CMakeFiles/__idf_lvgl__lvgl.dir/src/libs/gltf/gltf_data/lv_gltf_data_texture.cpp.obj
[1206/2186] Building C object esp-idf/lvgl__lvgl/CMakeFiles/__idf_lvgl__lvgl.dir/src/libs/fsdrv/lv_fs_win32.c.obj
[1207/2186] Building CXX object esp-idf/lvgl__lvgl/CMakeFiles/__idf_lvgl__lvgl.dir/src/libs/gltf/gltf_data/lv_gltf_model_node.cpp.obj
[1208/2186] Building CXX object esp-idf/lvgl__lvgl/CMakeFiles/__idf_lvgl__lvgl.dir/src/libs/gltf/gltf_data/lv_gltf_uniform_locations.cpp.obj
[1209/2186] Building C object esp-idf/lvgl__lvgl/CMakeFiles/__idf_lvgl__lvgl.dir/src/libs/gltf/gltf_environment/lv_gltf_ibl_sampler.c.obj
[1210/2186] Building C object esp-idf/lvgl__lvgl/CMakeFiles/__idf_lvgl__lvgl.dir/src/libs/gltf/gltf_view/assets/lv_gltf_view_shader.c.obj
[1211/2186] Building C object esp-idf/lvgl__lvgl/CMakeFiles/__idf_lvgl__lvgl.dir/src/libs/gltf/gltf_view/assets/chromatic.c.obj
[1212/2186] Building CXX object esp-idf/lvgl__lvgl/CMakeFiles/__idf_lvgl__lvgl.dir/src/libs/gltf/gltf_view/lv_gltf_view.cpp.obj
[1213/2186] Building CXX object esp-idf/lvgl__lvgl/CMakeFiles/__idf_lvgl__lvgl.dir/src/libs/gltf/gltf_view/lv_gltf_view_render.cpp.obj
[1214/2186] Building C object esp-idf/lvgl__lvgl/CMakeFiles/__idf_lvgl__lvgl.dir/src/libs/gltf/math/lv_3dmath.c.obj
[1215/2186] Building CXX object esp-idf/lvgl__lvgl/CMakeFiles/__idf_lvgl__lvgl.dir/src/libs/gltf/gltf_view/lv_gltf_view_shader.cpp.obj
[1216/2186] Building C object esp-idf/lvgl__lvgl/CMakeFiles/__idf_lvgl__lvgl.dir/src/libs/gstreamer/lv_gstreamer.c.obj
[1217/2186] Building CXX object esp-idf/lvgl__lvgl/CMakeFiles/__idf_lvgl__lvgl.dir/src/libs/gltf/math/lv_gltf_math.cpp.obj
[1218/2186] Building C object esp-idf/lvgl__lvgl/CMakeFiles/__idf_lvgl__lvgl.dir/src/libs/lz4/lz4.c.obj
[1219/2186] Building C object esp-idf/lvgl__lvgl/CMakeFiles/__idf_lvgl__lvgl.dir/src/libs/nanovg/nanovg.c.obj
[1220/2186] Building C object esp-idf/lvgl__lvgl/CMakeFiles/__idf_lvgl__lvgl.dir/src/libs/rle/lv_rle.c.obj
[1221/2186] Building C object esp-idf/lvgl__lvgl/CMakeFiles/__idf_lvgl__lvgl.dir/src/libs/qrcode/lv_qrcode.c.obj
[1222/2186] Building C object esp-idf/lvgl__lvgl/CMakeFiles/__idf_lvgl__lvgl.dir/src/libs/svg/lv_svg.c.obj
[1223/2186] Building C object esp-idf/lvgl__lvgl/CMakeFiles/__idf_lvgl__lvgl.dir/src/libs/svg/lv_svg_parser.c.obj
[1224/2186] Building C object esp-idf/lvgl__lvgl/CMakeFiles/__idf_lvgl__lvgl.dir/src/libs/libjpeg_turbo/lv_libjpeg_turbo.c.obj
[1225/2186] Building C object esp-idf/lvgl__lvgl/CMakeFiles/__idf_lvgl__lvgl.dir/src/libs/qrcode/qrcodegen.c.obj
[1226/2186] Building C object esp-idf/lvgl__lvgl/CMakeFiles/__idf_lvgl__lvgl.dir/src/libs/libwebp/lv_libwebp.c.obj
[1227/2186] Building C object esp-idf/lvgl__lvgl/CMakeFiles/__idf_lvgl__lvgl.dir/src/libs/libpng/lv_libpng.c.obj
[1228/2186] Building C object esp-idf/lvgl__lvgl/CMakeFiles/__idf_lvgl__lvgl.dir/src/libs/rlottie/lv_rlottie.c.obj
[1229/2186] Building C object esp-idf/lvgl__lvgl/CMakeFiles/__idf_lvgl__lvgl.dir/src/libs/svg/lv_svg_token.c.obj
[1230/2186] Building CXX object esp-idf/lvgl__lvgl/CMakeFiles/__idf_lvgl__lvgl.dir/src/libs/thorvg/tvgAccessor.cpp.obj
[1231/2186] Building CXX object esp-idf/lvgl__lvgl/CMakeFiles/__idf_lvgl__lvgl.dir/src/libs/thorvg/tvgAnimation.cpp.obj
[1232/2186] Building CXX object esp-idf/lvgl__lvgl/CMakeFiles/__idf_lvgl__lvgl.dir/src/libs/thorvg/tvgCanvas.cpp.obj
[1233/2186] Building CXX object esp-idf/lvgl__lvgl/CMakeFiles/__idf_lvgl__lvgl.dir/src/libs/thorvg/tvgCapi.cpp.obj
[1234/2186] Building CXX object esp-idf/lvgl__lvgl/CMakeFiles/__idf_lvgl__lvgl.dir/src/libs/thorvg/tvgCompressor.cpp.obj
[1235/2186] Building CXX object esp-idf/lvgl__lvgl/CMakeFiles/__idf_lvgl__lvgl.dir/src/libs/thorvg/tvgFill.cpp.obj
[1236/2186] Building C object esp-idf/lvgl__lvgl/CMakeFiles/__idf_lvgl__lvgl.dir/src/libs/svg/lv_svg_decoder.c.obj
[1237/2186] Building CXX object esp-idf/lvgl__lvgl/CMakeFiles/__idf_lvgl__lvgl.dir/src/libs/thorvg/tvgLottieAnimation.cpp.obj
[1238/2186] Building C object esp-idf/lvgl__lvgl/CMakeFiles/__idf_lvgl__lvgl.dir/src/libs/svg/lv_svg_render.c.obj
[1239/2186] Building CXX object esp-idf/lvgl__lvgl/CMakeFiles/__idf_lvgl__lvgl.dir/src/libs/thorvg/tvgLoader.cpp.obj
[1240/2186] Building CXX object esp-idf/lvgl__lvgl/CMakeFiles/__idf_lvgl__lvgl.dir/src/libs/thorvg/tvgGlCanvas.cpp.obj
[1241/2186] Building CXX object esp-idf/lvgl__lvgl/CMakeFiles/__idf_lvgl__lvgl.dir/src/libs/thorvg/tvgInitializer.cpp.obj
[1242/2186] Building CXX object esp-idf/lvgl__lvgl/CMakeFiles/__idf_lvgl__lvgl.dir/src/libs/thorvg/tvgLottieBuilder.cpp.obj
[1243/2186] Building CXX object esp-idf/lvgl__lvgl/CMakeFiles/__idf_lvgl__lvgl.dir/src/libs/thorvg/tvgLottieInterpolator.cpp.obj
[1244/2186] Building CXX object esp-idf/lvgl__lvgl/CMakeFiles/__idf_lvgl__lvgl.dir/src/libs/thorvg/tvgLottieExpressions.cpp.obj
[1245/2186] Building C object esp-idf/lvgl__lvgl/CMakeFiles/__idf_lvgl__lvgl.dir/src/libs/lodepng/lv_lodepng.c.obj
[1246/2186] Building CXX object esp-idf/lvgl__lvgl/CMakeFiles/__idf_lvgl__lvgl.dir/src/libs/thorvg/tvgLottieLoader.cpp.obj
[1247/2186] Building CXX object esp-idf/lvgl__lvgl/CMakeFiles/__idf_lvgl__lvgl.dir/src/libs/thorvg/tvgLottieParser.cpp.obj
[1248/2186] Building CXX object esp-idf/lvgl__lvgl/CMakeFiles/__idf_lvgl__lvgl.dir/src/libs/thorvg/tvgLottieModifier.cpp.obj
[1249/2186] Building CXX object esp-idf/lvgl__lvgl/CMakeFiles/__idf_lvgl__lvgl.dir/src/libs/thorvg/tvgLottieModel.cpp.obj
[1250/2186] Building CXX object esp-idf/lvgl__lvgl/CMakeFiles/__idf_lvgl__lvgl.dir/src/libs/thorvg/tvgPaint.cpp.obj
[1251/2186] Building CXX object esp-idf/lvgl__lvgl/CMakeFiles/__idf_lvgl__lvgl.dir/src/libs/thorvg/tvgPicture.cpp.obj
[1252/2186] Building CXX object esp-idf/lvgl__lvgl/CMakeFiles/__idf_lvgl__lvgl.dir/src/libs/thorvg/tvgMath.cpp.obj
[1253/2186] Building CXX object esp-idf/lvgl__lvgl/CMakeFiles/__idf_lvgl__lvgl.dir/src/libs/thorvg/tvgRawLoader.cpp.obj
[1254/2186] Building CXX object esp-idf/lvgl__lvgl/CMakeFiles/__idf_lvgl__lvgl.dir/src/libs/thorvg/tvgLottieParserHandler.cpp.obj
[1255/2186] Building CXX object esp-idf/lvgl__lvgl/CMakeFiles/__idf_lvgl__lvgl.dir/src/libs/thorvg/tvgRender.cpp.obj
[1256/2186] Building CXX object esp-idf/lvgl__lvgl/CMakeFiles/__idf_lvgl__lvgl.dir/src/libs/thorvg/tvgShape.cpp.obj
[1257/2186] Building CXX object esp-idf/lvgl__lvgl/CMakeFiles/__idf_lvgl__lvgl.dir/src/libs/thorvg/tvgSaver.cpp.obj
[1258/2186] Building CXX object esp-idf/lvgl__lvgl/CMakeFiles/__idf_lvgl__lvgl.dir/src/libs/thorvg/tvgScene.cpp.obj
[1259/2186] Building CXX object esp-idf/lvgl__lvgl/CMakeFiles/__idf_lvgl__lvgl.dir/src/libs/thorvg/tvgStr.cpp.obj
[1260/2186] Building CXX object esp-idf/lvgl__lvgl/CMakeFiles/__idf_lvgl__lvgl.dir/src/libs/thorvg/tvgSvgLoader.cpp.obj
[1261/2186] Building CXX object esp-idf/lvgl__lvgl/CMakeFiles/__idf_lvgl__lvgl.dir/src/libs/thorvg/tvgSvgCssStyle.cpp.obj
[1262/2186] Building CXX object esp-idf/lvgl__lvgl/CMakeFiles/__idf_lvgl__lvgl.dir/src/libs/thorvg/tvgSvgPath.cpp.obj
[1263/2186] Building CXX object esp-idf/lvgl__lvgl/CMakeFiles/__idf_lvgl__lvgl.dir/src/libs/thorvg/tvgSvgSceneBuilder.cpp.obj
[1264/2186] Building CXX object esp-idf/lvgl__lvgl/CMakeFiles/__idf_lvgl__lvgl.dir/src/libs/thorvg/tvgSwCanvas.cpp.obj
[1265/2186] Building CXX object esp-idf/lvgl__lvgl/CMakeFiles/__idf_lvgl__lvgl.dir/src/libs/thorvg/tvgSvgUtil.cpp.obj
[1266/2186] Building CXX object esp-idf/lvgl__lvgl/CMakeFiles/__idf_lvgl__lvgl.dir/src/libs/thorvg/tvgSwFill.cpp.obj
[1267/2186] Building CXX object esp-idf/lvgl__lvgl/CMakeFiles/__idf_lvgl__lvgl.dir/src/libs/thorvg/tvgSwMemPool.cpp.obj
[1268/2186] Building CXX object esp-idf/lvgl__lvgl/CMakeFiles/__idf_lvgl__lvgl.dir/src/libs/thorvg/tvgSwImage.cpp.obj
[1269/2186] Building CXX object esp-idf/lvgl__lvgl/CMakeFiles/__idf_lvgl__lvgl.dir/src/libs/thorvg/tvgSwMath.cpp.obj
[1270/2186] Building CXX object esp-idf/lvgl__lvgl/CMakeFiles/__idf_lvgl__lvgl.dir/src/libs/thorvg/tvgSwPostEffect.cpp.obj
[1271/2186] Building CXX object esp-idf/lvgl__lvgl/CMakeFiles/__idf_lvgl__lvgl.dir/src/libs/thorvg/tvgSwRaster.cpp.obj
[1272/2186] Building CXX object esp-idf/lvgl__lvgl/CMakeFiles/__idf_lvgl__lvgl.dir/src/libs/thorvg/tvgSwRenderer.cpp.obj
[1273/2186] Building CXX object esp-idf/lvgl__lvgl/CMakeFiles/__idf_lvgl__lvgl.dir/src/libs/thorvg/tvgSwStroke.cpp.obj
[1274/2186] Building CXX object esp-idf/lvgl__lvgl/CMakeFiles/__idf_lvgl__lvgl.dir/src/libs/thorvg/tvgSwRle.cpp.obj
[1275/2186] Building CXX object esp-idf/lvgl__lvgl/CMakeFiles/__idf_lvgl__lvgl.dir/src/libs/thorvg/tvgSwShape.cpp.obj
[1276/2186] Building CXX object esp-idf/lvgl__lvgl/CMakeFiles/__idf_lvgl__lvgl.dir/src/libs/thorvg/tvgText.cpp.obj
[1277/2186] Building CXX object esp-idf/lvgl__lvgl/CMakeFiles/__idf_lvgl__lvgl.dir/src/libs/thorvg/tvgTaskScheduler.cpp.obj
[1278/2186] Building CXX object esp-idf/lvgl__lvgl/CMakeFiles/__idf_lvgl__lvgl.dir/src/libs/thorvg/tvgWgCanvas.cpp.obj
[1279/2186] Building CXX object esp-idf/lvgl__lvgl/CMakeFiles/__idf_lvgl__lvgl.dir/src/libs/thorvg/tvgXmlParser.cpp.obj
[1280/2186] Building C object esp-idf/lvgl__lvgl/CMakeFiles/__idf_lvgl__lvgl.dir/src/libs/tjpgd/tjpgd.c.obj
[1281/2186] Building C object esp-idf/lvgl__lvgl/CMakeFiles/__idf_lvgl__lvgl.dir/src/libs/vg_lite_driver/VGLite/vg_lite_image.c.obj
[1282/2186] Building C object esp-idf/lvgl__lvgl/CMakeFiles/__idf_lvgl__lvgl.dir/src/libs/vg_lite_driver/VGLite/vg_lite.c.obj
[1283/2186] Building C object esp-idf/lvgl__lvgl/CMakeFiles/__idf_lvgl__lvgl.dir/src/libs/vg_lite_driver/VGLite/vg_lite_matrix.c.obj
[1284/2186] Building C object esp-idf/lvgl__lvgl/CMakeFiles/__idf_lvgl__lvgl.dir/src/libs/vg_lite_driver/VGLite/vg_lite_path.c.obj
[1285/2186] Building C object esp-idf/lvgl__lvgl/CMakeFiles/__idf_lvgl__lvgl.dir/src/libs/vg_lite_driver/VGLite/vg_lite_stroke.c.obj
[1286/2186] Building C object esp-idf/lvgl__lvgl/CMakeFiles/__idf_lvgl__lvgl.dir/src/libs/vg_lite_driver/VGLiteKernel/vg_lite_kernel.c.obj
[1287/2186] Building C object esp-idf/lvgl__lvgl/CMakeFiles/__idf_lvgl__lvgl.dir/src/libs/vg_lite_driver/lv_vg_lite_hal/lv_vg_lite_hal.c.obj
[1288/2186] Building C object esp-idf/lvgl__lvgl/CMakeFiles/__idf_lvgl__lvgl.dir/src/libs/vg_lite_driver/lv_vg_lite_hal/vg_lite_os.c.obj
[1289/2186] Building C object esp-idf/lvgl__lvgl/CMakeFiles/__idf_lvgl__lvgl.dir/src/misc/cache/class/lv_cache_sc_da.c.obj
[1290/2186] Building C object esp-idf/lvgl__lvgl/CMakeFiles/__idf_lvgl__lvgl.dir/src/misc/cache/instance/lv_image_cache.c.obj
[1291/2186] Building C object esp-idf/lvgl__lvgl/CMakeFiles/__idf_lvgl__lvgl.dir/src/misc/cache/class/lv_cache_lru_ll.c.obj
[1292/2186] Building C object esp-idf/lvgl__lvgl/CMakeFiles/__idf_lvgl__lvgl.dir/src/misc/cache/class/lv_cache_lru_rb.c.obj
[1293/2186] Building C object esp-idf/lvgl__lvgl/CMakeFiles/__idf_lvgl__lvgl.dir/src/misc/cache/lv_cache.c.obj
[1294/2186] Building C object esp-idf/lvgl__lvgl/CMakeFiles/__idf_lvgl__lvgl.dir/src/lv_init.c.obj
[1295/2186] Building C object esp-idf/lvgl__lvgl/CMakeFiles/__idf_lvgl__lvgl.dir/src/misc/cache/instance/lv_image_header_cache.c.obj
[1296/2186] Building C object esp-idf/lvgl__lvgl/CMakeFiles/__idf_lvgl__lvgl.dir/src/libs/tjpgd/lv_tjpgd.c.obj
[1297/2186] Building C object esp-idf/lvgl__lvgl/CMakeFiles/__idf_lvgl__lvgl.dir/src/misc/lv_bidi.c.obj
[1298/2186] Building C object esp-idf/lvgl__lvgl/CMakeFiles/__idf_lvgl__lvgl.dir/src/misc/lv_async.c.obj
[1299/2186] Building C object esp-idf/lvgl__lvgl/CMakeFiles/__idf_lvgl__lvgl.dir/src/misc/cache/lv_cache_entry.c.obj
[1300/2186] Building C object esp-idf/lvgl__lvgl/CMakeFiles/__idf_lvgl__lvgl.dir/src/misc/lv_array.c.obj
[1301/2186] Building C object esp-idf/lvgl__lvgl/CMakeFiles/__idf_lvgl__lvgl.dir/src/misc/lv_circle_buf.c.obj
[1302/2186] Building C object esp-idf/lvgl__lvgl/CMakeFiles/__idf_lvgl__lvgl.dir/src/libs/tiny_ttf/lv_tiny_ttf.c.obj
[1303/2186] Building C object esp-idf/lvgl__lvgl/CMakeFiles/__idf_lvgl__lvgl.dir/src/misc/lv_anim_timeline.c.obj
[1304/2186] Building C object esp-idf/lvgl__lvgl/CMakeFiles/__idf_lvgl__lvgl.dir/src/misc/lv_color_op.c.obj
[1305/2186] Building C object esp-idf/lvgl__lvgl/CMakeFiles/__idf_lvgl__lvgl.dir/src/misc/lv_grad.c.obj
[1306/2186] Building C object esp-idf/lvgl__lvgl/CMakeFiles/__idf_lvgl__lvgl.dir/src/misc/lv_iter.c.obj
[1307/2186] Building C object esp-idf/lvgl__lvgl/CMakeFiles/__idf_lvgl__lvgl.dir/src/misc/lv_color.c.obj
[1308/2186] Building C object esp-idf/lvgl__lvgl/CMakeFiles/__idf_lvgl__lvgl.dir/src/misc/lv_log.c.obj
[1309/2186] Building C object esp-idf/lvgl__lvgl/CMakeFiles/__idf_lvgl__lvgl.dir/src/misc/lv_ll.c.obj
[1310/2186] Building C object esp-idf/lvgl__lvgl/CMakeFiles/__idf_lvgl__lvgl.dir/src/misc/lv_matrix.c.obj
[1311/2186] Building C object esp-idf/lvgl__lvgl/CMakeFiles/__idf_lvgl__lvgl.dir/src/misc/lv_palette.c.obj
[1312/2186] Building C object esp-idf/lvgl__lvgl/CMakeFiles/__idf_lvgl__lvgl.dir/src/misc/lv_pending.c.obj
[1313/2186] Building C object esp-idf/lvgl__lvgl/CMakeFiles/__idf_lvgl__lvgl.dir/src/misc/lv_area.c.obj
[1314/2186] Building C object esp-idf/lvgl__lvgl/CMakeFiles/__idf_lvgl__lvgl.dir/src/misc/lv_lru.c.obj
[1315/2186] Building C object esp-idf/lvgl__lvgl/CMakeFiles/__idf_lvgl__lvgl.dir/src/misc/lv_event.c.obj
[1316/2186] Building C object esp-idf/lvgl__lvgl/CMakeFiles/__idf_lvgl__lvgl.dir/src/misc/lv_profiler_builtin_posix.c.obj
[1317/2186] Building C object esp-idf/lvgl__lvgl/CMakeFiles/__idf_lvgl__lvgl.dir/src/misc/lv_templ.c.obj
[1318/2186] Building C object esp-idf/lvgl__lvgl/CMakeFiles/__idf_lvgl__lvgl.dir/src/misc/lv_anim.c.obj
[1319/2186] Building C object esp-idf/lvgl__lvgl/CMakeFiles/__idf_lvgl__lvgl.dir/src/misc/lv_fs.c.obj
[1320/2186] Building C object esp-idf/lvgl__lvgl/CMakeFiles/__idf_lvgl__lvgl.dir/src/misc/lv_rb.c.obj
[1321/2186] Building C object esp-idf/lvgl__lvgl/CMakeFiles/__idf_lvgl__lvgl.dir/src/misc/lv_math.c.obj
[1322/2186] Building C object esp-idf/lvgl__lvgl/CMakeFiles/__idf_lvgl__lvgl.dir/src/misc/lv_text_ap.c.obj
[1323/2186] Building C object esp-idf/lvgl__lvgl/CMakeFiles/__idf_lvgl__lvgl.dir/src/misc/lv_profiler_builtin.c.obj
[1324/2186] Building C object esp-idf/lvgl__lvgl/CMakeFiles/__idf_lvgl__lvgl.dir/src/misc/lv_style.c.obj
[1325/2186] Building C object esp-idf/lvgl__lvgl/CMakeFiles/__idf_lvgl__lvgl.dir/src/osal/lv_cmsis_rtos2.c.obj
[1326/2186] Building C object esp-idf/lvgl__lvgl/CMakeFiles/__idf_lvgl__lvgl.dir/src/misc/lv_tree.c.obj
[1327/2186] Building C object esp-idf/lvgl__lvgl/CMakeFiles/__idf_lvgl__lvgl.dir/src/osal/lv_freertos.c.obj
[1328/2186] Building C object esp-idf/lvgl__lvgl/CMakeFiles/__idf_lvgl__lvgl.dir/src/misc/lv_utils.c.obj
[1329/2186] Building C object esp-idf/lvgl__lvgl/CMakeFiles/__idf_lvgl__lvgl.dir/src/osal/lv_linux.c.obj
[1330/2186] Building C object esp-idf/lvgl__lvgl/CMakeFiles/__idf_lvgl__lvgl.dir/src/osal/lv_mqx.c.obj
[1331/2186] Building C object esp-idf/lvgl__lvgl/CMakeFiles/__idf_lvgl__lvgl.dir/src/misc/lv_style_gen.c.obj
[1332/2186] Building C object esp-idf/lvgl__lvgl/CMakeFiles/__idf_lvgl__lvgl.dir/src/osal/lv_os_none.c.obj
[1333/2186] Building C object esp-idf/lvgl__lvgl/CMakeFiles/__idf_lvgl__lvgl.dir/src/osal/lv_rtthread.c.obj
[1334/2186] Building C object esp-idf/lvgl__lvgl/CMakeFiles/__idf_lvgl__lvgl.dir/src/osal/lv_pthread.c.obj
[1335/2186] Building C object esp-idf/lvgl__lvgl/CMakeFiles/__idf_lvgl__lvgl.dir/src/misc/lv_timer.c.obj
[1336/2186] Building C object esp-idf/lvgl__lvgl/CMakeFiles/__idf_lvgl__lvgl.dir/src/osal/lv_os.c.obj
[1337/2186] Building C object esp-idf/lvgl__lvgl/CMakeFiles/__idf_lvgl__lvgl.dir/src/osal/lv_sdl2.c.obj
[1338/2186] Building C object esp-idf/lvgl__lvgl/CMakeFiles/__idf_lvgl__lvgl.dir/src/others/translation/lv_translation.c.obj
[1339/2186] Building C object esp-idf/lvgl__lvgl/CMakeFiles/__idf_lvgl__lvgl.dir/src/stdlib/builtin/lv_sprintf_builtin.c.obj
[1340/2186] Building C object esp-idf/lvgl__lvgl/CMakeFiles/__idf_lvgl__lvgl.dir/src/misc/lv_text.c.obj
[1341/2186] Building C object esp-idf/lvgl__lvgl/CMakeFiles/__idf_lvgl__lvgl.dir/src/others/file_explorer/lv_file_explorer.c.obj
[1342/2186] Building C object esp-idf/lvgl__lvgl/CMakeFiles/__idf_lvgl__lvgl.dir/src/osal/lv_windows.c.obj
[1343/2186] Building C object esp-idf/lvgl__lvgl/CMakeFiles/__idf_lvgl__lvgl.dir/src/stdlib/builtin/lv_mem_core_builtin.c.obj
[1344/2186] Building C object esp-idf/lvgl__lvgl/CMakeFiles/__idf_lvgl__lvgl.dir/src/stdlib/builtin/lv_string_builtin.c.obj
[1345/2186] Building C object esp-idf/lvgl__lvgl/CMakeFiles/__idf_lvgl__lvgl.dir/src/others/fragment/lv_fragment.c.obj
[1346/2186] Building C object esp-idf/lvgl__lvgl/CMakeFiles/__idf_lvgl__lvgl.dir/src/others/fragment/lv_fragment_manager.c.obj
[1347/2186] Building C object esp-idf/lvgl__lvgl/CMakeFiles/__idf_lvgl__lvgl.dir/src/stdlib/builtin/lv_tlsf.c.obj
[1348/2186] Building C object esp-idf/lvgl__lvgl/CMakeFiles/__idf_lvgl__lvgl.dir/src/stdlib/clib/lv_mem_core_clib.c.obj
[1349/2186] Building C object esp-idf/lvgl__lvgl/CMakeFiles/__idf_lvgl__lvgl.dir/src/stdlib/micropython/lv_mem_core_micropython.c.obj
[1350/2186] Building C object esp-idf/lvgl__lvgl/CMakeFiles/__idf_lvgl__lvgl.dir/src/stdlib/clib/lv_sprintf_clib.c.obj
[1351/2186] Building C object esp-idf/lvgl__lvgl/CMakeFiles/__idf_lvgl__lvgl.dir/src/stdlib/rtthread/lv_mem_core_rtthread.c.obj
[1352/2186] Building C object esp-idf/lvgl__lvgl/CMakeFiles/__idf_lvgl__lvgl.dir/src/stdlib/rtthread/lv_sprintf_rtthread.c.obj
[1353/2186] Building C object esp-idf/lvgl__lvgl/CMakeFiles/__idf_lvgl__lvgl.dir/src/stdlib/rtthread/lv_string_rtthread.c.obj
[1354/2186] Building C object esp-idf/lvgl__lvgl/CMakeFiles/__idf_lvgl__lvgl.dir/src/widgets/3dtexture/lv_3dtexture.c.obj
[1355/2186] Building C object esp-idf/lvgl__lvgl/CMakeFiles/__idf_lvgl__lvgl.dir/src/stdlib/uefi/lv_mem_core_uefi.c.obj
[1356/2186] Building C object esp-idf/lvgl__lvgl/CMakeFiles/__idf_lvgl__lvgl.dir/src/stdlib/clib/lv_string_clib.c.obj
[1357/2186] Building C object esp-idf/lvgl__lvgl/CMakeFiles/__idf_lvgl__lvgl.dir/src/stdlib/lv_mem.c.obj
[1358/2186] Building C object esp-idf/lvgl__lvgl/CMakeFiles/__idf_lvgl__lvgl.dir/src/tick/lv_tick.c.obj
[1359/2186] Building C object esp-idf/lvgl__lvgl/CMakeFiles/__idf_lvgl__lvgl.dir/src/widgets/animimage/lv_animimage.c.obj
[1360/2186] Building C object esp-idf/lvgl__lvgl/CMakeFiles/__idf_lvgl__lvgl.dir/src/widgets/button/lv_button.c.obj
[1361/2186] Building C object esp-idf/lvgl__lvgl/CMakeFiles/__idf_lvgl__lvgl.dir/src/themes/mono/lv_theme_mono.c.obj
[1362/2186] Building C object esp-idf/lvgl__lvgl/CMakeFiles/__idf_lvgl__lvgl.dir/src/themes/lv_theme.c.obj
[1363/2186] Building C object esp-idf/lvgl__lvgl/CMakeFiles/__idf_lvgl__lvgl.dir/src/themes/simple/lv_theme_simple.c.obj
[1364/2186] Building C object esp-idf/lvgl__lvgl/CMakeFiles/__idf_lvgl__lvgl.dir/src/widgets/calendar/lv_calendar_chinese.c.obj
[1365/2186] Building C object esp-idf/lvgl__lvgl/CMakeFiles/__idf_lvgl__lvgl.dir/src/widgets/calendar/lv_calendar_header_arrow.c.obj
[1366/2186] Building C object esp-idf/lvgl__lvgl/CMakeFiles/__idf_lvgl__lvgl.dir/src/widgets/bar/lv_bar.c.obj
[1367/2186] Building C object esp-idf/lvgl__lvgl/CMakeFiles/__idf_lvgl__lvgl.dir/src/widgets/arclabel/lv_arclabel.c.obj
[1368/2186] Building C object esp-idf/lvgl__lvgl/CMakeFiles/__idf_lvgl__lvgl.dir/src/widgets/calendar/lv_calendar.c.obj
[1369/2186] Building C object esp-idf/lvgl__lvgl/CMakeFiles/__idf_lvgl__lvgl.dir/src/widgets/calendar/lv_calendar_header_dropdown.c.obj
[1370/2186] Building C object esp-idf/lvgl__lvgl/CMakeFiles/__idf_lvgl__lvgl.dir/src/widgets/chart/lv_chart.c.obj
[1371/2186] Building C object esp-idf/lvgl__lvgl/CMakeFiles/__idf_lvgl__lvgl.dir/src/widgets/gif/lv_gif.c.obj
[1372/2186] Building C object esp-idf/lvgl__lvgl/CMakeFiles/__idf_lvgl__lvgl.dir/src/widgets/checkbox/lv_checkbox.c.obj
[1373/2186] Building C object esp-idf/lvgl__lvgl/CMakeFiles/__idf_lvgl__lvgl.dir/src/widgets/canvas/lv_canvas.c.obj
[1374/2186] Building C object esp-idf/lvgl__lvgl/CMakeFiles/__idf_lvgl__lvgl.dir/src/widgets/ime/lv_ime_pinyin.c.obj
[1375/2186] Building C object esp-idf/lvgl__lvgl/CMakeFiles/__idf_lvgl__lvgl.dir/src/widgets/keyboard/lv_keyboard.c.obj
[1376/2186] Building C object esp-idf/lvgl__lvgl/CMakeFiles/__idf_lvgl__lvgl.dir/src/widgets/imagebutton/lv_imagebutton.c.obj
[1377/2186] Building C object esp-idf/lvgl__lvgl/CMakeFiles/__idf_lvgl__lvgl.dir/src/widgets/arc/lv_arc.c.obj
[1378/2186] Building C object esp-idf/lvgl__lvgl/CMakeFiles/__idf_lvgl__lvgl.dir/src/widgets/lottie/lv_lottie.c.obj
[1379/2186] Building C object esp-idf/lvgl__lvgl/CMakeFiles/__idf_lvgl__lvgl.dir/src/widgets/list/lv_list.c.obj
[1380/2186] Building C object esp-idf/lvgl__lvgl/CMakeFiles/__idf_lvgl__lvgl.dir/src/widgets/led/lv_led.c.obj
[1381/2186] Building C object esp-idf/lvgl__lvgl/CMakeFiles/__idf_lvgl__lvgl.dir/src/widgets/buttonmatrix/lv_buttonmatrix.c.obj
[1382/2186] Building C object esp-idf/lvgl__lvgl/CMakeFiles/__idf_lvgl__lvgl.dir/src/widgets/line/lv_line.c.obj
[1383/2186] Building C object esp-idf/lvgl__lvgl/CMakeFiles/__idf_lvgl__lvgl.dir/src/themes/default/lv_theme_default.c.obj
[1384/2186] Building C object esp-idf/lvgl__lvgl/CMakeFiles/__idf_lvgl__lvgl.dir/src/widgets/objx_templ/lv_objx_templ.c.obj
[1385/2186] Building C object esp-idf/lvgl__lvgl/CMakeFiles/__idf_lvgl__lvgl.dir/src/widgets/menu/lv_menu.c.obj
[1386/2186] Building C object esp-idf/lvgl__lvgl/CMakeFiles/__idf_lvgl__lvgl.dir/src/widgets/msgbox/lv_msgbox.c.obj
[1387/2186] Building C object esp-idf/lvgl__lvgl/CMakeFiles/__idf_lvgl__lvgl.dir/src/widgets/property/lv_animimage_properties.c.obj
[1388/2186] Building C object esp-idf/lvgl__lvgl/CMakeFiles/__idf_lvgl__lvgl.dir/src/widgets/property/lv_bar_properties.c.obj
[1389/2186] Building C object esp-idf/lvgl__lvgl/CMakeFiles/__idf_lvgl__lvgl.dir/src/widgets/property/lv_buttonmatrix_properties.c.obj
[1390/2186] Building C object esp-idf/lvgl__lvgl/CMakeFiles/__idf_lvgl__lvgl.dir/src/widgets/property/lv_arc_properties.c.obj
[1391/2186] Building C object esp-idf/lvgl__lvgl/CMakeFiles/__idf_lvgl__lvgl.dir/src/widgets/property/lv_chart_properties.c.obj
[1392/2186] Building C object esp-idf/lvgl__lvgl/CMakeFiles/__idf_lvgl__lvgl.dir/src/widgets/property/lv_checkbox_properties.c.obj
[1393/2186] Building C object esp-idf/lvgl__lvgl/CMakeFiles/__idf_lvgl__lvgl.dir/src/widgets/property/lv_dropdown_properties.c.obj
[1394/2186] Building C object esp-idf/lvgl__lvgl/CMakeFiles/__idf_lvgl__lvgl.dir/src/widgets/property/lv_image_properties.c.obj
[1395/2186] Building C object esp-idf/lvgl__lvgl/CMakeFiles/__idf_lvgl__lvgl.dir/src/widgets/property/lv_keyboard_properties.c.obj
[1396/2186] Building C object esp-idf/lvgl__lvgl/CMakeFiles/__idf_lvgl__lvgl.dir/src/widgets/property/lv_led_properties.c.obj
[1397/2186] Building C object esp-idf/lvgl__lvgl/CMakeFiles/__idf_lvgl__lvgl.dir/src/widgets/image/lv_image.c.obj
[1398/2186] Building C object esp-idf/lvgl__lvgl/CMakeFiles/__idf_lvgl__lvgl.dir/src/widgets/property/lv_label_properties.c.obj
[1399/2186] Building C object esp-idf/lvgl__lvgl/CMakeFiles/__idf_lvgl__lvgl.dir/src/widgets/property/lv_menu_properties.c.obj
[1400/2186] Building C object esp-idf/lvgl__lvgl/CMakeFiles/__idf_lvgl__lvgl.dir/src/widgets/property/lv_line_properties.c.obj
[1401/2186] Building C object esp-idf/lvgl__lvgl/CMakeFiles/__idf_lvgl__lvgl.dir/src/widgets/property/lv_roller_properties.c.obj
[1402/2186] Building C object esp-idf/lvgl__lvgl/CMakeFiles/__idf_lvgl__lvgl.dir/src/widgets/property/lv_slider_properties.c.obj
[1403/2186] Building C object esp-idf/lvgl__lvgl/CMakeFiles/__idf_lvgl__lvgl.dir/src/widgets/property/lv_obj_properties.c.obj
[1404/2186] Building C object esp-idf/lvgl__lvgl/CMakeFiles/__idf_lvgl__lvgl.dir/src/widgets/property/lv_scale_properties.c.obj
[1405/2186] Building C object esp-idf/lvgl__lvgl/CMakeFiles/__idf_lvgl__lvgl.dir/src/widgets/dropdown/lv_dropdown.c.obj
[1406/2186] Building C object esp-idf/lvgl__lvgl/CMakeFiles/__idf_lvgl__lvgl.dir/src/widgets/property/lv_spinner_properties.c.obj
[1407/2186] Building C object esp-idf/lvgl__lvgl/CMakeFiles/__idf_lvgl__lvgl.dir/src/widgets/property/lv_span_properties.c.obj
[1408/2186] Building C object esp-idf/lvgl__lvgl/CMakeFiles/__idf_lvgl__lvgl.dir/src/widgets/property/lv_spinbox_properties.c.obj
[1409/2186] Building C object esp-idf/lvgl__lvgl/CMakeFiles/__idf_lvgl__lvgl.dir/src/widgets/property/lv_style_properties.c.obj
[1410/2186] Building C object esp-idf/lvgl__lvgl/CMakeFiles/__idf_lvgl__lvgl.dir/src/widgets/property/lv_switch_properties.c.obj
[1411/2186] Building C object esp-idf/lvgl__lvgl/CMakeFiles/__idf_lvgl__lvgl.dir/src/widgets/property/lv_table_properties.c.obj
[1412/2186] Building C object esp-idf/lvgl__lvgl/CMakeFiles/__idf_lvgl__lvgl.dir/src/widgets/property/lv_tabview_properties.c.obj
[1413/2186] Building C object esp-idf/lvgl__lvgl/CMakeFiles/__idf_lvgl__lvgl.dir/src/widgets/property/lv_textarea_properties.c.obj
[1414/2186] Building C object esp-idf/lvgl__lvgl/CMakeFiles/__idf_lvgl__lvgl.dir/src/widgets/span/lv_span.c.obj
[1415/2186] Building C object esp-idf/lvgl__lvgl/CMakeFiles/__idf_lvgl__lvgl.dir/src/widgets/spinner/lv_spinner.c.obj
[1416/2186] Building C object esp-idf/lvgl__lvgl/CMakeFiles/__idf_lvgl__lvgl.dir/src/widgets/spinbox/lv_spinbox.c.obj
[1417/2186] Building C object esp-idf/lvgl__lvgl/CMakeFiles/__idf_lvgl__lvgl.dir/src/widgets/tileview/lv_tileview.c.obj
[1418/2186] Building C object esp-idf/lvgl__lvgl/CMakeFiles/__idf_lvgl__lvgl.dir/src/widgets/switch/lv_switch.c.obj
[1419/2186] Building C object esp-idf/lvgl__lvgl/CMakeFiles/__idf_lvgl__lvgl.dir/src/widgets/label/lv_label.c.obj
[1420/2186] Building C object esp-idf/lvgl__lvgl/CMakeFiles/__idf_lvgl__lvgl.dir/src/widgets/tabview/lv_tabview.c.obj
[1421/2186] Building C object esp-idf/lvgl__lvgl/CMakeFiles/__idf_lvgl__lvgl.dir/src/widgets/slider/lv_slider.c.obj
[1422/2186] Building C object esp-idf/lvgl__lvgl/CMakeFiles/__idf_lvgl__lvgl.dir/src/widgets/win/lv_win.c.obj
[1423/2186] Building C object esp-idf/tcp_transport/CMakeFiles/__idf_tcp_transport.dir/transport_internal.c.obj
[1424/2186] Building C object esp-idf/tcp_transport/CMakeFiles/__idf_tcp_transport.dir/transport.c.obj
[1425/2186] Building C object esp-idf/tcp_transport/CMakeFiles/__idf_tcp_transport.dir/transport_socks_proxy.c.obj
[1426/2186] Building C object esp-idf/lvgl__lvgl/CMakeFiles/__idf_lvgl__lvgl.dir/src/widgets/roller/lv_roller.c.obj
[1427/2186] Linking C static library esp-idf/espressif__cjson/libespressif__cjson.a
[1428/2186] Linking C static library esp-idf/esp_lcd/libesp_lcd.a
[1429/2186] Building C object esp-idf/esp_adc/CMakeFiles/__idf_esp_adc.dir/adc_cali.c.obj
[1430/2186] Building C object esp-idf/tcp_transport/CMakeFiles/__idf_tcp_transport.dir/transport_ssl.c.obj
[1431/2186] Building C object esp-idf/esp_adc/CMakeFiles/__idf_esp_adc.dir/adc_common.c.obj
[1432/2186] Building C object esp-idf/esp_adc/CMakeFiles/__idf_esp_adc.dir/adc_cali_curve_fitting.c.obj
[1433/2186] Building C object esp-idf/esp_adc/CMakeFiles/__idf_esp_adc.dir/adc_oneshot.c.obj
[1434/2186] Building C object esp-idf/lvgl__lvgl/CMakeFiles/__idf_lvgl__lvgl.dir/src/widgets/textarea/lv_textarea.c.obj
[1435/2186] Building C object esp-idf/esp_adc/CMakeFiles/__idf_esp_adc.dir/esp32s3/curve_fitting_coefficients.c.obj
[1436/2186] Building C object esp-idf/esp_adc/CMakeFiles/__idf_esp_adc.dir/gdma/adc_dma.c.obj
[1437/2186] Building C object esp-idf/lvgl__lvgl/CMakeFiles/__idf_lvgl__lvgl.dir/src/widgets/table/lv_table.c.obj
[1438/2186] Linking C static library esp-idf/esp_hal_cam/libesp_hal_cam.a
[1439/2186] Building C object esp-idf/esp_adc/CMakeFiles/__idf_esp_adc.dir/adc_filter.c.obj
[1440/2186] Building C object esp-idf/esp_adc/CMakeFiles/__idf_esp_adc.dir/adc_monitor.c.obj
[1441/2186] Building C object esp-idf/lvgl__lvgl/CMakeFiles/__idf_lvgl__lvgl.dir/src/widgets/scale/lv_scale.c.obj
[1442/2186] Building C object esp-idf/esp_driver_cam/CMakeFiles/__idf_esp_driver_cam.dir/esp_cam_ctlr.c.obj
[1443/2186] Building C object esp-idf/esp_driver_cam/CMakeFiles/__idf_esp_driver_cam.dir/dvp_share_ctrl.c.obj
[1444/2186] Building C object esp-idf/esp_driver_cam/CMakeFiles/__idf_esp_driver_cam.dir/dvp/src/esp_cam_ctlr_dvp_gdma.c.obj
[1445/2186] Building C object esp-idf/espressif__esp_lcd_touch/CMakeFiles/__idf_espressif__esp_lcd_touch.dir/esp_lcd_touch.c.obj
[1446/2186] Building C object esp-idf/espressif__esp_sccb_intf/CMakeFiles/__idf_espressif__esp_sccb_intf.dir/src/sccb.c.obj
[1447/2186] Building C object esp-idf/esp_adc/CMakeFiles/__idf_esp_adc.dir/adc_continuous.c.obj
[1448/2186] Building C object esp-idf/espressif__esp_sccb_intf/CMakeFiles/__idf_espressif__esp_sccb_intf.dir/sccb_i2c/src/sccb_i2c.c.obj
[1449/2186] Building C object esp-idf/espressif__usb/CMakeFiles/__idf_espressif__usb.dir/src/usb_private.c.obj
[1450/2186] Building C object esp-idf/espressif__usb/CMakeFiles/__idf_espressif__usb.dir/src/usb_helpers.c.obj
[1451/2186] Building C object esp-idf/tcp_transport/CMakeFiles/__idf_tcp_transport.dir/transport_ws.c.obj
[1452/2186] Building C object esp-idf/esp_hal_rmt/CMakeFiles/__idf_esp_hal_rmt.dir/rmt_hal.c.obj
[1453/2186] Building C object esp-idf/esp_hal_rmt/CMakeFiles/__idf_esp_hal_rmt.dir/esp32s3/rmt_periph.c.obj
[1454/2186] Building C object esp-idf/espressif__usb/CMakeFiles/__idf_espressif__usb.dir/src/enum.c.obj
[1455/2186] Building C object esp-idf/esp_driver_cam/CMakeFiles/__idf_esp_driver_cam.dir/dvp/src/esp_cam_ctlr_dvp_cam.c.obj
[1456/2186] Building C object esp-idf/espressif__freetype/output/CMakeFiles/freetype.dir/src/base/ftbdf.c.obj
[1457/2186] Building C object esp-idf/espressif__freetype/output/CMakeFiles/freetype.dir/src/base/ftbbox.c.obj
[1458/2186] Building C object esp-idf/espressif__usb/CMakeFiles/__idf_espressif__usb.dir/src/hub.c.obj
[1459/2186] Building C object esp-idf/espressif__freetype/output/CMakeFiles/freetype.dir/src/base/ftcid.c.obj
[1460/2186] Building C object esp-idf/espressif__freetype/output/CMakeFiles/freetype.dir/src/base/ftgasp.c.obj
[1461/2186] Building C object esp-idf/espressif__freetype/output/CMakeFiles/freetype.dir/src/base/ftfstype.c.obj
[1462/2186] Building C object esp-idf/espressif__freetype/output/CMakeFiles/freetype.dir/src/base/ftgxval.c.obj
[1463/2186] Building C object esp-idf/espressif__freetype/output/CMakeFiles/freetype.dir/src/base/ftinit.c.obj
[1464/2186] Building C object esp-idf/espressif__freetype/output/CMakeFiles/freetype.dir/src/base/ftbitmap.c.obj
[1465/2186] Building C object esp-idf/espressif__freetype/output/CMakeFiles/freetype.dir/src/base/ftotval.c.obj
[1466/2186] Building C object esp-idf/espressif__freetype/output/CMakeFiles/freetype.dir/src/base/ftglyph.c.obj
[1467/2186] Building C object esp-idf/espressif__freetype/output/CMakeFiles/freetype.dir/src/base/ftpatent.c.obj
[1468/2186] Building C object esp-idf/espressif__freetype/output/CMakeFiles/freetype.dir/src/base/ftmm.c.obj
[1469/2186] Building C object esp-idf/espressif__usb/CMakeFiles/__idf_espressif__usb.dir/src/usbh.c.obj
[1470/2186] Building C object esp-idf/espressif__freetype/output/CMakeFiles/freetype.dir/src/base/ftpfr.c.obj
[1471/2186] Building C object esp-idf/espressif__freetype/output/CMakeFiles/freetype.dir/src/base/ftsynth.c.obj
[1472/2186] Building C object esp-idf/espressif__freetype/output/CMakeFiles/freetype.dir/src/base/fttype1.c.obj
[1473/2186] Building C object esp-idf/espressif__freetype/output/CMakeFiles/freetype.dir/src/base/ftwinfnt.c.obj
[1474/2186] Building C object esp-idf/espressif__freetype/output/CMakeFiles/freetype.dir/src/bzip2/ftbzip2.c.obj
[1475/2186] Building C object esp-idf/espressif__usb/CMakeFiles/__idf_espressif__usb.dir/src/usb_host.c.obj
[1476/2186] Building C object esp-idf/espressif__usb/CMakeFiles/__idf_espressif__usb.dir/src/hcd_dwc.c.obj
[1477/2186] Building C object esp-idf/espressif__freetype/output/CMakeFiles/freetype.dir/src/lzw/ftlzw.c.obj
[1478/2186] Building C object esp-idf/espressif__freetype/output/CMakeFiles/freetype.dir/src/cid/type1cid.c.obj
[1479/2186] Building C object esp-idf/espressif__freetype/output/CMakeFiles/freetype.dir/src/bdf/bdf.c.obj
[1480/2186] Building C object esp-idf/espressif__freetype/output/CMakeFiles/freetype.dir/src/base/ftstroke.c.obj
[1481/2186] Building C object esp-idf/espressif__freetype/output/CMakeFiles/freetype.dir/src/cache/ftcache.c.obj
[1482/2186] Building C object esp-idf/espressif__freetype/output/CMakeFiles/freetype.dir/src/psnames/psnames.c.obj
[1483/2186] Building C object esp-idf/espressif__freetype/output/CMakeFiles/freetype.dir/src/pcf/pcf.c.obj
[1484/2186] Building C object esp-idf/lvgl__lvgl/CMakeFiles/__idf_lvgl__lvgl.dir/src/libs/lodepng/lodepng.c.obj
[1485/2186] Building C object esp-idf/espressif__freetype/output/CMakeFiles/freetype.dir/src/gzip/ftgzip.c.obj
[1486/2186] Building C object esp-idf/espressif__freetype/output/CMakeFiles/freetype.dir/src/raster/raster.c.obj
[1487/2186] Building C object esp-idf/espressif__freetype/output/CMakeFiles/freetype.dir/src/svg/svg.c.obj
[1488/2186] Building C object esp-idf/espressif__freetype/output/CMakeFiles/freetype.dir/src/smooth/smooth.c.obj
[1489/2186] Building C object esp-idf/espressif__freetype/output/CMakeFiles/freetype.dir/src/pshinter/pshinter.c.obj
[1490/2186] Building C object esp-idf/espressif__freetype/output/CMakeFiles/freetype.dir/src/pfr/pfr.c.obj
[1491/2186] Building C object esp-idf/espressif__freetype/output/CMakeFiles/freetype.dir/src/sdf/sdf.c.obj
[1492/2186] Building C object esp-idf/espressif__freetype/output/CMakeFiles/freetype.dir/src/winfonts/winfnt.c.obj
[1493/2186] Building C object esp-idf/espressif__freetype/output/CMakeFiles/freetype.dir/src/base/ftdebug.c.obj
[1494/2186] Building C object esp-idf/espressif__freetype/output/CMakeFiles/freetype.dir/src/base/ftsystem.c.obj
[1495/2186] Building C object esp-idf/espressif__freetype/output/CMakeFiles/freetype.dir/src/cff/cff.c.obj
[1496/2186] Building C object esp-idf/espressif__freetype/output/CMakeFiles/freetype.dir/src/type42/type42.c.obj
[1497/2186] Building C object esp-idf/laride__heatshrink/CMakeFiles/__idf_laride__heatshrink.dir/heatshrink_decoder.c.obj
[1498/2186] Building C object esp-idf/laride__heatshrink/CMakeFiles/__idf_laride__heatshrink.dir/heatshrink_encoder.c.obj
[1499/2186] Linking C static library esp-idf/esp_driver_ledc/libesp_driver_ledc.a
[1500/2186] Building CXX object esp-idf/wear_levelling/CMakeFiles/__idf_wear_levelling.dir/Partition.cpp.obj
[1501/2186] Building CXX object esp-idf/wear_levelling/CMakeFiles/__idf_wear_levelling.dir/BDL_Access.cpp.obj
[1502/2186] Building CXX object esp-idf/wear_levelling/CMakeFiles/__idf_wear_levelling.dir/SPI_Flash.cpp.obj
[1503/2186] Building C object esp-idf/espressif__i2c_bus/CMakeFiles/__idf_espressif__i2c_bus.dir/i2c_bus_v2.c.obj
[1504/2186] Building CXX object esp-idf/wear_levelling/CMakeFiles/__idf_wear_levelling.dir/WL_Ext_Perf.cpp.obj
[1505/2186] Building CXX object esp-idf/wear_levelling/CMakeFiles/__idf_wear_levelling.dir/crc32.cpp.obj
[1506/2186] Building CXX object esp-idf/wear_levelling/CMakeFiles/__idf_wear_levelling.dir/WL_Ext_Safe.cpp.obj
[1507/2186] Building CXX object esp-idf/wear_levelling/CMakeFiles/__idf_wear_levelling.dir/wear_levelling.cpp.obj
[1508/2186] Linking C static library esp-idf/esp_driver_sd_intf/libesp_driver_sd_intf.a
[1509/2186] Building CXX object esp-idf/wear_levelling/CMakeFiles/__idf_wear_levelling.dir/wl_blockdev.cpp.obj
[1510/2186] Building C object esp-idf/esp_driver_sdmmc/CMakeFiles/__idf_esp_driver_sdmmc.dir/legacy/src/sdmmc_transaction.c.obj
[1511/2186] Building C object esp-idf/esp_driver_sdmmc/CMakeFiles/__idf_esp_driver_sdmmc.dir/legacy/src/sdmmc_host.c.obj
[1512/2186] Building C object esp-idf/espressif__freetype/output/CMakeFiles/freetype.dir/src/base/ftbase.c.obj
[1513/2186] Building C object esp-idf/esp_driver_sdspi/CMakeFiles/__idf_esp_driver_sdspi.dir/src/sdspi_crc.c.obj
[1514/2186] Building CXX object esp-idf/wear_levelling/CMakeFiles/__idf_wear_levelling.dir/WL_Flash.cpp.obj
[1515/2186] Building C object esp-idf/esp_driver_sdmmc/CMakeFiles/__idf_esp_driver_sdmmc.dir/src/sd_trans_sdmmc.c.obj
[1516/2186] Building C object esp-idf/esp_driver_sdspi/CMakeFiles/__idf_esp_driver_sdspi.dir/src/sdspi_transaction.c.obj
[1517/2186] Linking C static library esp-idf/tcp_transport/libtcp_transport.a
[1518/2186] Building C object esp-idf/esp_driver_sdspi/CMakeFiles/__idf_esp_driver_sdspi.dir/src/sdspi_host.c.obj
[1519/2186] Building C object esp-idf/espressif__freetype/output/CMakeFiles/freetype.dir/src/autofit/autofit.c.obj
[1520/2186] Building C object esp-idf/espressif__mqtt/CMakeFiles/__idf_espressif__mqtt.dir/lib/mqtt_outbox.c.obj
[1521/2186] Building C object esp-idf/espressif__freetype/output/CMakeFiles/freetype.dir/src/type1/type1.c.obj
[1522/2186] Building C object esp-idf/espressif__mqtt/CMakeFiles/__idf_espressif__mqtt.dir/lib/platform_esp32_idf.c.obj
[1523/2186] Building C object esp-idf/esp_driver_sdmmc/CMakeFiles/__idf_esp_driver_sdmmc.dir/src/sd_host_sdmmc.c.obj
[1524/2186] Building C object esp-idf/espressif__mqtt/CMakeFiles/__idf_espressif__mqtt.dir/lib/mqtt_msg.c.obj
[1525/2186] Generating ../../wifi_configuration_done.html.S
[1526/2186] Linking C static library esp-idf/esp_adc/libesp_adc.a
[1527/2186] Building C object esp-idf/espressif__iot_eth/CMakeFiles/__idf_espressif__iot_eth.dir/iot_eth_netif_glue.c.obj
[1528/2186] Building C object esp-idf/espressif__iot_eth/CMakeFiles/__idf_espressif__iot_eth.dir/iot_eth.c.obj
[1529/2186] Generating ../../wifi_configuration.html.S
[1530/2186] Building C object esp-idf/espressif__button/CMakeFiles/__idf_espressif__button.dir/button_matrix.c.obj
[1531/2186] Building C object esp-idf/espressif__button/CMakeFiles/__idf_espressif__button.dir/button_gpio.c.obj
[1532/2186] Building C object esp-idf/espressif__button/CMakeFiles/__idf_espressif__button.dir/button_rtc.c.obj
[1533/2186] Building C object esp-idf/spiffs/CMakeFiles/__idf_spiffs.dir/spiffs_api.c.obj
[1534/2186] Building C object esp-idf/spiffs/CMakeFiles/__idf_spiffs.dir/spiffs/src/spiffs_cache.c.obj
[1535/2186] Building C object esp-idf/espressif__button/CMakeFiles/__idf_espressif__button.dir/button_adc.c.obj
[1536/2186] Building C object esp-idf/espressif__button/CMakeFiles/__idf_espressif__button.dir/iot_button.c.obj
[1537/2186] Building C object esp-idf/spiffs/CMakeFiles/__idf_spiffs.dir/spiffs/src/spiffs_gc.c.obj
[1538/2186] Building C object esp-idf/espressif__freetype/output/CMakeFiles/freetype.dir/src/psaux/psaux.c.obj
[1539/2186] Building CXX object esp-idf/78__uart-uhci/CMakeFiles/__idf_78__uart-uhci.dir/src/uart_uhci.cc.obj
[1540/2186] Building C object esp-idf/spiffs/CMakeFiles/__idf_spiffs.dir/spiffs/src/spiffs_check.c.obj
[1541/2186] Building C object esp-idf/espressif__dl_fft/CMakeFiles/__idf_espressif__dl_fft.dir/dl_fft_f32.c.obj
[1542/2186] Building C object esp-idf/espressif__mqtt/CMakeFiles/__idf_espressif__mqtt.dir/mqtt_client.c.obj
[1543/2186] Building C object esp-idf/spiffs/CMakeFiles/__idf_spiffs.dir/spiffs/src/spiffs_hydrogen.c.obj
[1544/2186] Building C object esp-idf/espressif__dl_fft/CMakeFiles/__idf_espressif__dl_fft.dir/dl_fft_s16.c.obj
[1545/2186] Building C object esp-idf/espressif__dl_fft/CMakeFiles/__idf_espressif__dl_fft.dir/dl_rfft_f32.c.obj
[1546/2186] Building C object esp-idf/espressif__dl_fft/CMakeFiles/__idf_espressif__dl_fft.dir/dl_rfft_s16.c.obj
[1547/2186] Building C object esp-idf/spiffs/CMakeFiles/__idf_spiffs.dir/esp_spiffs.c.obj
[1548/2186] Building C object esp-idf/espressif__dl_fft/CMakeFiles/__idf_espressif__dl_fft.dir/base/dl_fft4r_fc32_ansi.c.obj
[1549/2186] Building ASM object esp-idf/espressif__dl_fft/CMakeFiles/__idf_espressif__dl_fft.dir/base/isa/esp32s3/dl_fft2r_fc32_aes3.S.obj
[1550/2186] Building C object esp-idf/espressif__dl_fft/CMakeFiles/__idf_espressif__dl_fft.dir/base/dl_fft2r_fc32_ansi.c.obj
[1551/2186] Building C object esp-idf/espressif__dl_fft/CMakeFiles/__idf_espressif__dl_fft.dir/base/dl_fft2r_sc16_dif_ansi.c.obj
[1552/2186] Building ASM object esp-idf/espressif__dl_fft/CMakeFiles/__idf_espressif__dl_fft.dir/base/isa/esp32s3/dl_fft4r_fc32_aes3.S.obj
[1553/2186] Building C object esp-idf/espressif__dl_fft/CMakeFiles/__idf_espressif__dl_fft.dir/base/dl_fft2r_sc16_ansi.c.obj
[1554/2186] Building C object esp-idf/espressif__dl_fft/CMakeFiles/__idf_espressif__dl_fft.dir/base/dl_fft_base.c.obj
[1555/2186] Building ASM object esp-idf/espressif__dl_fft/CMakeFiles/__idf_espressif__dl_fft.dir/base/isa/esp32s3/dl_fft2r_sc16_aes3.S.obj
[1556/2186] Building ASM object esp-idf/espressif__esp-dsp/CMakeFiles/__idf_espressif__esp-dsp.dir/modules/dotprod/float/dsps_dotprod_f32_m_ae32.S.obj
[1557/2186] Building ASM object esp-idf/espressif__esp-dsp/CMakeFiles/__idf_espressif__esp-dsp.dir/modules/dotprod/float/dsps_dotprod_f32_ae32.S.obj
[1558/2186] Building C object esp-idf/espressif__esp-dsp/CMakeFiles/__idf_espressif__esp-dsp.dir/modules/common/misc/aes3_tie_log.c.obj
[1559/2186] Building ASM object esp-idf/espressif__esp-dsp/CMakeFiles/__idf_espressif__esp-dsp.dir/modules/dotprod/float/dsps_dotprode_f32_ae32.S.obj
[1560/2186] Building CXX object esp-idf/espressif__esp-dsp/CMakeFiles/__idf_espressif__esp-dsp.dir/modules/common/misc/dsps_pwroftwo.cpp.obj
[1561/2186] Building ASM object esp-idf/espressif__esp-dsp/CMakeFiles/__idf_espressif__esp-dsp.dir/modules/dotprod/float/dsps_dotprode_f32_m_ae32.S.obj
[1562/2186] Building ASM object esp-idf/espressif__esp-dsp/CMakeFiles/__idf_espressif__esp-dsp.dir/modules/dotprod/float/dsps_dotprod_f32_arp4.S.obj
[1563/2186] Building ASM object esp-idf/espressif__esp-dsp/CMakeFiles/__idf_espressif__esp-dsp.dir/modules/dotprod/float/dsps_dotprode_f32_arp4.S.obj
[1564/2186] Building ASM object esp-idf/espressif__esp-dsp/CMakeFiles/__idf_espressif__esp-dsp.dir/modules/dotprod/float/dsps_dotprod_f32_aes3.S.obj
[1565/2186] Building ASM object esp-idf/espressif__esp-dsp/CMakeFiles/__idf_espressif__esp-dsp.dir/modules/dotprod/fixed/dsps_dotprod_s16_ae32.S.obj
[1566/2186] Building C object esp-idf/espressif__esp-dsp/CMakeFiles/__idf_espressif__esp-dsp.dir/modules/dotprod/float/dsps_dotprod_f32_ansi.c.obj
[1567/2186] Building C object esp-idf/espressif__esp-dsp/CMakeFiles/__idf_espressif__esp-dsp.dir/modules/dotprod/float/dsps_dotprode_f32_ansi.c.obj
[1568/2186] Building ASM object esp-idf/espressif__esp-dsp/CMakeFiles/__idf_espressif__esp-dsp.dir/modules/dotprod/fixed/dsps_dotprod_s16_m_ae32.S.obj
[1569/2186] Building ASM object esp-idf/espressif__esp-dsp/CMakeFiles/__idf_espressif__esp-dsp.dir/modules/dotprod/fixed/dsps_dotprod_s16_arp4.S.obj
[1570/2186] Building C object esp-idf/espressif__esp-dsp/CMakeFiles/__idf_espressif__esp-dsp.dir/modules/dotprod/float/dspi_dotprod_f32_ansi.c.obj
[1571/2186] Building C object esp-idf/espressif__esp-dsp/CMakeFiles/__idf_espressif__esp-dsp.dir/modules/dotprod/fixed/dsps_dotprod_s16_ansi.c.obj
[1572/2186] Building C object esp-idf/espressif__esp-dsp/CMakeFiles/__idf_espressif__esp-dsp.dir/modules/dotprod/float/dspi_dotprod_off_f32_ansi.c.obj
[1573/2186] Building C object esp-idf/espressif__esp-dsp/CMakeFiles/__idf_espressif__esp-dsp.dir/modules/dotprod/fixed/dspi_dotprod_s16_ansi.c.obj
[1574/2186] Building C object esp-idf/espressif__esp-dsp/CMakeFiles/__idf_espressif__esp-dsp.dir/modules/dotprod/fixed/dspi_dotprod_u16_ansi.c.obj
[1575/2186] Building C object esp-idf/espressif__esp-dsp/CMakeFiles/__idf_espressif__esp-dsp.dir/modules/dotprod/fixed/dspi_dotprod_s8_ansi.c.obj
[1576/2186] Building C object esp-idf/espressif__esp-dsp/CMakeFiles/__idf_espressif__esp-dsp.dir/modules/dotprod/fixed/dspi_dotprod_u8_ansi.c.obj
[1577/2186] Building C object esp-idf/espressif__esp-dsp/CMakeFiles/__idf_espressif__esp-dsp.dir/modules/dotprod/fixed/dspi_dotprod_off_s16_ansi.c.obj
[1578/2186] Building ASM object esp-idf/espressif__esp-dsp/CMakeFiles/__idf_espressif__esp-dsp.dir/modules/dotprod/fixed/dspi_dotprod_s16_aes3.S.obj
[1579/2186] Building C object esp-idf/espressif__esp-dsp/CMakeFiles/__idf_espressif__esp-dsp.dir/modules/dotprod/fixed/dspi_dotprod_off_s8_ansi.c.obj
[1580/2186] Building C object esp-idf/espressif__esp-dsp/CMakeFiles/__idf_espressif__esp-dsp.dir/modules/dotprod/fixed/dspi_dotprod_off_u16_ansi.c.obj
[1581/2186] Building C object esp-idf/espressif__esp-dsp/CMakeFiles/__idf_espressif__esp-dsp.dir/modules/dotprod/fixed/dspi_dotprod_off_u8_ansi.c.obj
[1582/2186] Building ASM object esp-idf/espressif__esp-dsp/CMakeFiles/__idf_espressif__esp-dsp.dir/modules/dotprod/fixed/dspi_dotprod_u16_aes3.S.obj
[1583/2186] Building ASM object esp-idf/espressif__esp-dsp/CMakeFiles/__idf_espressif__esp-dsp.dir/modules/dotprod/fixed/dspi_dotprod_off_u16_aes3.S.obj
[1584/2186] Building ASM object esp-idf/espressif__esp-dsp/CMakeFiles/__idf_espressif__esp-dsp.dir/modules/dotprod/fixed/dspi_dotprod_off_s16_aes3.S.obj
[1585/2186] Building ASM object esp-idf/espressif__esp-dsp/CMakeFiles/__idf_espressif__esp-dsp.dir/modules/dotprod/fixed/dspi_dotprod_s8_aes3.S.obj
[1586/2186] Building ASM object esp-idf/espressif__esp-dsp/CMakeFiles/__idf_espressif__esp-dsp.dir/modules/dotprod/fixed/dspi_dotprod_off_u8_aes3.S.obj
[1587/2186] Building ASM object esp-idf/espressif__esp-dsp/CMakeFiles/__idf_espressif__esp-dsp.dir/modules/dotprod/fixed/dspi_dotprod_u8_aes3.S.obj
[1588/2186] Building ASM object esp-idf/espressif__esp-dsp/CMakeFiles/__idf_espressif__esp-dsp.dir/modules/dotprod/fixed/dspi_dotprod_off_s8_aes3.S.obj
[1589/2186] Building ASM object esp-idf/espressif__esp-dsp/CMakeFiles/__idf_espressif__esp-dsp.dir/modules/dotprod/fixed/dspi_dotprod_s16_arp4.S.obj
[1590/2186] Building ASM object esp-idf/espressif__esp-dsp/CMakeFiles/__idf_espressif__esp-dsp.dir/modules/dotprod/fixed/dspi_dotprod_s8_arp4.S.obj
[1591/2186] Building ASM object esp-idf/espressif__esp-dsp/CMakeFiles/__idf_espressif__esp-dsp.dir/modules/dotprod/fixed/dspi_dotprod_u16_arp4.S.obj
[1592/2186] Building ASM object esp-idf/espressif__esp-dsp/CMakeFiles/__idf_espressif__esp-dsp.dir/modules/dotprod/fixed/dspi_dotprod_off_s16_arp4.S.obj
[1593/2186] Building ASM object esp-idf/espressif__esp-dsp/CMakeFiles/__idf_espressif__esp-dsp.dir/modules/dotprod/fixed/dspi_dotprod_u8_arp4.S.obj
[1594/2186] Building ASM object esp-idf/espressif__esp-dsp/CMakeFiles/__idf_espressif__esp-dsp.dir/modules/dotprod/fixed/dspi_dotprod_off_u16_arp4.S.obj
[1595/2186] Building ASM object esp-idf/espressif__esp-dsp/CMakeFiles/__idf_espressif__esp-dsp.dir/modules/dotprod/fixed/dspi_dotprod_off_s8_arp4.S.obj
[1596/2186] Building ASM object esp-idf/espressif__esp-dsp/CMakeFiles/__idf_espressif__esp-dsp.dir/modules/dotprod/fixed/dspi_dotprod_off_u8_arp4.S.obj
[1597/2186] Building ASM object esp-idf/espressif__esp-dsp/CMakeFiles/__idf_espressif__esp-dsp.dir/modules/matrix/mul/float/dspm_mult_3x3x3_f32_ae32.S.obj
[1598/2186] Building ASM object esp-idf/espressif__esp-dsp/CMakeFiles/__idf_espressif__esp-dsp.dir/modules/matrix/mul/float/dspm_mult_4x4x1_f32_ae32.S.obj
[1599/2186] Building ASM object esp-idf/espressif__esp-dsp/CMakeFiles/__idf_espressif__esp-dsp.dir/modules/matrix/mul/float/dspm_mult_3x3x1_f32_ae32.S.obj
[1600/2186] Building ASM object esp-idf/espressif__esp-dsp/CMakeFiles/__idf_espressif__esp-dsp.dir/modules/matrix/mul/float/dspm_mult_4x4x4_f32_ae32.S.obj
[1601/2186] Building ASM object esp-idf/espressif__esp-dsp/CMakeFiles/__idf_espressif__esp-dsp.dir/modules/matrix/mul/float/dspm_mult_f32_ae32.S.obj
[1602/2186] Building ASM object esp-idf/espressif__esp-dsp/CMakeFiles/__idf_espressif__esp-dsp.dir/modules/matrix/mul/float/dspm_mult_f32_aes3.S.obj
[1603/2186] Building ASM object esp-idf/espressif__esp-dsp/CMakeFiles/__idf_espressif__esp-dsp.dir/modules/matrix/mul/float/dspm_mult_f32_arp4.S.obj
[1604/2186] Building ASM object esp-idf/espressif__esp-dsp/CMakeFiles/__idf_espressif__esp-dsp.dir/modules/matrix/mul/float/dspm_mult_ex_f32_ae32.S.obj
[1605/2186] Building C object esp-idf/espressif__esp-dsp/CMakeFiles/__idf_espressif__esp-dsp.dir/modules/matrix/mul/float/dspm_mult_ex_f32_ansi.c.obj
[1606/2186] Building C object esp-idf/espressif__esp-dsp/CMakeFiles/__idf_espressif__esp-dsp.dir/modules/matrix/mul/float/dspm_mult_f32_ansi.c.obj
[1607/2186] Building ASM object esp-idf/espressif__esp-dsp/CMakeFiles/__idf_espressif__esp-dsp.dir/modules/matrix/mul/float/dspm_mult_ex_f32_arp4.S.obj
[1608/2186] Building ASM object esp-idf/espressif__esp-dsp/CMakeFiles/__idf_espressif__esp-dsp.dir/modules/matrix/mul/float/dspm_mult_ex_f32_aes3.S.obj
[1609/2186] Building ASM object esp-idf/espressif__esp-dsp/CMakeFiles/__idf_espressif__esp-dsp.dir/modules/matrix/mul/fixed/dspm_mult_s16_ae32.S.obj
[1610/2186] Building ASM object esp-idf/espressif__esp-dsp/CMakeFiles/__idf_espressif__esp-dsp.dir/modules/matrix/mul/fixed/dspm_mult_s16_m_ae32_vector.S.obj
[1611/2186] Linking C static library esp-idf/lvgl__lvgl/liblvgl__lvgl.a
[1612/2186] Building ASM object esp-idf/espressif__esp-dsp/CMakeFiles/__idf_espressif__esp-dsp.dir/modules/matrix/mul/fixed/dspm_mult_s16_m_ae32.S.obj
[1613/2186] Building ASM object esp-idf/espressif__esp-dsp/CMakeFiles/__idf_espressif__esp-dsp.dir/modules/matrix/mul/fixed/dspm_mult_s16_aes3.S.obj
[1614/2186] Building ASM object esp-idf/espressif__esp-dsp/CMakeFiles/__idf_espressif__esp-dsp.dir/modules/matrix/mul/fixed/dspm_mult_s16_arp4.S.obj
[1615/2186] Building ASM object esp-idf/espressif__esp-dsp/CMakeFiles/__idf_espressif__esp-dsp.dir/modules/matrix/add/float/dspm_add_f32_ae32.S.obj
[1616/2186] Building C object esp-idf/espressif__esp-dsp/CMakeFiles/__idf_espressif__esp-dsp.dir/modules/matrix/mul/fixed/dspm_mult_s16_ansi.c.obj
[1617/2186] Building ASM object esp-idf/espressif__esp-dsp/CMakeFiles/__idf_espressif__esp-dsp.dir/modules/matrix/addc/float/dspm_addc_f32_ae32.S.obj
[1618/2186] Building C object esp-idf/espressif__esp-dsp/CMakeFiles/__idf_espressif__esp-dsp.dir/modules/matrix/add/float/dspm_add_f32_ansi.c.obj
[1619/2186] Building C object esp-idf/espressif__esp-dsp/CMakeFiles/__idf_espressif__esp-dsp.dir/modules/matrix/mulc/float/dspm_mulc_f32_ansi.c.obj
[1620/2186] Building ASM object esp-idf/espressif__esp-dsp/CMakeFiles/__idf_espressif__esp-dsp.dir/modules/matrix/mulc/float/dspm_mulc_f32_ae32.S.obj
[1621/2186] Building C object esp-idf/espressif__esp-dsp/CMakeFiles/__idf_espressif__esp-dsp.dir/modules/matrix/addc/float/dspm_addc_f32_ansi.c.obj
[1622/2186] Building ASM object esp-idf/espressif__esp-dsp/CMakeFiles/__idf_espressif__esp-dsp.dir/modules/matrix/sub/float/dspm_sub_f32_ae32.S.obj
[1623/2186] Building C object esp-idf/espressif__esp-dsp/CMakeFiles/__idf_espressif__esp-dsp.dir/modules/math/mulc/float/dsps_mulc_f32_ansi.c.obj
[1624/2186] Building ASM object esp-idf/espressif__esp-dsp/CMakeFiles/__idf_espressif__esp-dsp.dir/modules/math/mulc/fixed/dsps_mulc_s16_ae32.S.obj
[1625/2186] Building C object esp-idf/espressif__esp-dsp/CMakeFiles/__idf_espressif__esp-dsp.dir/modules/math/addc/float/dsps_addc_f32_ansi.c.obj
[1626/2186] Building C object esp-idf/espressif__esp-dsp/CMakeFiles/__idf_espressif__esp-dsp.dir/modules/matrix/sub/float/dspm_sub_f32_ansi.c.obj
[1627/2186] Building C object esp-idf/espressif__esp-dsp/CMakeFiles/__idf_espressif__esp-dsp.dir/modules/math/mulc/fixed/dsps_mulc_s16_ansi.c.obj
[1628/2186] Building ASM object esp-idf/espressif__esp-dsp/CMakeFiles/__idf_espressif__esp-dsp.dir/modules/math/add/fixed/dsps_add_s16_ae32.S.obj
[1629/2186] Building C object esp-idf/espressif__esp-dsp/CMakeFiles/__idf_espressif__esp-dsp.dir/modules/math/add/float/dsps_add_f32_ansi.c.obj
[1630/2186] Building ASM object esp-idf/espressif__esp-dsp/CMakeFiles/__idf_espressif__esp-dsp.dir/modules/math/add/fixed/dsps_add_s16_aes3.S.obj
[1631/2186] Building C object esp-idf/espressif__esp-dsp/CMakeFiles/__idf_espressif__esp-dsp.dir/modules/math/add/fixed/dsps_add_s16_ansi.c.obj
[1632/2186] Building ASM object esp-idf/espressif__esp-dsp/CMakeFiles/__idf_espressif__esp-dsp.dir/modules/math/add/fixed/dsps_add_s8_aes3.S.obj
[1633/2186] Building C object esp-idf/espressif__esp-dsp/CMakeFiles/__idf_espressif__esp-dsp.dir/modules/math/add/fixed/dsps_add_s8_ansi.c.obj
[1634/2186] Building ASM object esp-idf/espressif__esp-dsp/CMakeFiles/__idf_espressif__esp-dsp.dir/modules/math/sub/fixed/dsps_sub_s16_ae32.S.obj
[1635/2186] Building C object esp-idf/espressif__esp-dsp/CMakeFiles/__idf_espressif__esp-dsp.dir/modules/math/sub/float/dsps_sub_f32_ansi.c.obj
[1636/2186] Building ASM object esp-idf/espressif__esp-dsp/CMakeFiles/__idf_espressif__esp-dsp.dir/modules/math/sub/fixed/dsps_sub_s16_aes3.S.obj
[1637/2186] Building C object esp-idf/espressif__esp-dsp/CMakeFiles/__idf_espressif__esp-dsp.dir/modules/math/sub/fixed/dsps_sub_s16_ansi.c.obj
[1638/2186] Building C object esp-idf/spiffs/CMakeFiles/__idf_spiffs.dir/spiffs/src/spiffs_nucleus.c.obj
[1639/2186] Building C object esp-idf/espressif__esp-dsp/CMakeFiles/__idf_espressif__esp-dsp.dir/modules/math/sub/fixed/dsps_sub_s8_ansi.c.obj
[1640/2186] Building ASM object esp-idf/espressif__esp-dsp/CMakeFiles/__idf_espressif__esp-dsp.dir/modules/math/sub/fixed/dsps_sub_s8_aes3.S.obj
[1641/2186] Building ASM object esp-idf/espressif__esp-dsp/CMakeFiles/__idf_espressif__esp-dsp.dir/modules/math/mul/fixed/dsps_mul_s16_ae32.S.obj
[1642/2186] Building ASM object esp-idf/espressif__esp-dsp/CMakeFiles/__idf_espressif__esp-dsp.dir/modules/math/mul/fixed/dsps_mul_s16_aes3.S.obj
[1643/2186] Building ASM object esp-idf/espressif__esp-dsp/CMakeFiles/__idf_espressif__esp-dsp.dir/modules/math/mulc/float/dsps_mulc_f32_ae32.S.obj
[1644/2186] Building ASM object esp-idf/espressif__esp-dsp/CMakeFiles/__idf_espressif__esp-dsp.dir/modules/math/mul/fixed/dsps_mul_s8_aes3.S.obj
[1645/2186] Building C object esp-idf/espressif__esp-dsp/CMakeFiles/__idf_espressif__esp-dsp.dir/modules/math/mul/float/dsps_mul_f32_ansi.c.obj
[1646/2186] Building C object esp-idf/espressif__esp-dsp/CMakeFiles/__idf_espressif__esp-dsp.dir/modules/math/mul/fixed/dsps_mul_s16_ansi.c.obj
[1647/2186] Building C object esp-idf/espressif__esp-dsp/CMakeFiles/__idf_espressif__esp-dsp.dir/modules/math/mul/fixed/dsps_mul_s8_ansi.c.obj
[1648/2186] Building ASM object esp-idf/espressif__esp-dsp/CMakeFiles/__idf_espressif__esp-dsp.dir/modules/math/addc/float/dsps_addc_f32_ae32.S.obj
[1649/2186] Building ASM object esp-idf/espressif__esp-dsp/CMakeFiles/__idf_espressif__esp-dsp.dir/modules/math/add/float/dsps_add_f32_ae32.S.obj
[1650/2186] Building ASM object esp-idf/espressif__esp-dsp/CMakeFiles/__idf_espressif__esp-dsp.dir/modules/math/mul/float/dsps_mul_f32_ae32.S.obj
[1651/2186] Building ASM object esp-idf/espressif__esp-dsp/CMakeFiles/__idf_espressif__esp-dsp.dir/modules/math/sub/float/dsps_sub_f32_ae32.S.obj
[1652/2186] Building ASM object esp-idf/espressif__esp-dsp/CMakeFiles/__idf_espressif__esp-dsp.dir/modules/fft/float/dsps_fft2r_fc32_ae32_.S.obj
[1653/2186] Building ASM object esp-idf/espressif__esp-dsp/CMakeFiles/__idf_espressif__esp-dsp.dir/modules/fft/float/dsps_fft2r_fc32_aes3_.S.obj
[1654/2186] Building ASM object esp-idf/espressif__esp-dsp/CMakeFiles/__idf_espressif__esp-dsp.dir/modules/fft/float/dsps_fft2r_fc32_arp4.S.obj
[1655/2186] Building C object esp-idf/espressif__esp-dsp/CMakeFiles/__idf_espressif__esp-dsp.dir/modules/math/sqrt/float/dsps_sqrt_f32_ansi.c.obj
[1656/2186] Building ASM object esp-idf/espressif__esp-dsp/CMakeFiles/__idf_espressif__esp-dsp.dir/modules/fft/float/dsps_bit_rev_lookup_fc32_aes3.S.obj
[1657/2186] Building ASM object esp-idf/espressif__esp-dsp/CMakeFiles/__idf_espressif__esp-dsp.dir/modules/fft/float/dsps_fft4r_fc32_ae32_.S.obj
[1658/2186] Building ASM object esp-idf/espressif__esp-dsp/CMakeFiles/__idf_espressif__esp-dsp.dir/modules/fft/float/dsps_fft4r_fc32_aes3_.S.obj
[1659/2186] Building C object esp-idf/espressif__esp-dsp/CMakeFiles/__idf_espressif__esp-dsp.dir/modules/fft/float/dsps_fft2r_fc32_ae32.c.obj
[1660/2186] Building C object esp-idf/espressif__esp-dsp/CMakeFiles/__idf_espressif__esp-dsp.dir/modules/fft/float/dsps_fft4r_fc32_ae32.c.obj
[1661/2186] Building ASM object esp-idf/espressif__esp-dsp/CMakeFiles/__idf_espressif__esp-dsp.dir/modules/fft/float/dsps_fft4r_fc32_arp4.S.obj
[1662/2186] Building C object esp-idf/espressif__esp-dsp/CMakeFiles/__idf_espressif__esp-dsp.dir/modules/fft/float/dsps_fft4r_bitrev_tables_fc32.c.obj
[1663/2186] Building ASM object esp-idf/espressif__esp-dsp/CMakeFiles/__idf_espressif__esp-dsp.dir/modules/fft/fixed/dsps_fft2r_sc16_ae32.S.obj
[1664/2186] Building C object esp-idf/espressif__esp-dsp/CMakeFiles/__idf_espressif__esp-dsp.dir/modules/fft/float/dsps_fft2r_bitrev_tables_fc32.c.obj
[1665/2186] Building ASM object esp-idf/espressif__esp-dsp/CMakeFiles/__idf_espressif__esp-dsp.dir/modules/fft/fixed/dsps_fft2r_sc16_aes3.S.obj
[1666/2186] Building ASM object esp-idf/espressif__esp-dsp/CMakeFiles/__idf_espressif__esp-dsp.dir/modules/fft/fixed/dsps_fft2r_sc16_arp4.S.obj
[1667/2186] Building C object esp-idf/espressif__esp-dsp/CMakeFiles/__idf_espressif__esp-dsp.dir/modules/fft/float/dsps_fft2r_fc32_ansi.c.obj
[1668/2186] Building C object esp-idf/espressif__esp-dsp/CMakeFiles/__idf_espressif__esp-dsp.dir/modules/fft/float/dsps_fft4r_fc32_ansi.c.obj
[1669/2186] Building C object esp-idf/espressif__esp-dsp/CMakeFiles/__idf_espressif__esp-dsp.dir/modules/dct/float/dsps_dctiv_f32.c.obj
[1670/2186] Building C object esp-idf/espressif__esp-dsp/CMakeFiles/__idf_espressif__esp-dsp.dir/modules/dct/float/dsps_dstiv_f32.c.obj
[1671/2186] Building C object esp-idf/espressif__esp-dsp/CMakeFiles/__idf_espressif__esp-dsp.dir/modules/dct/float/dsps_dct_f32.c.obj
[1672/2186] Building C object esp-idf/espressif__esp-dsp/CMakeFiles/__idf_espressif__esp-dsp.dir/modules/support/misc/dsps_d_gen.c.obj
[1673/2186] Building CXX object esp-idf/espressif__esp-dsp/CMakeFiles/__idf_espressif__esp-dsp.dir/modules/support/snr/float/dsps_snr_f32.cpp.obj
[1674/2186] Building CXX object esp-idf/espressif__esp-dsp/CMakeFiles/__idf_espressif__esp-dsp.dir/modules/support/sfdr/float/dsps_sfdr_f32.cpp.obj
[1675/2186] Building ASM object esp-idf/espressif__esp-dsp/CMakeFiles/__idf_espressif__esp-dsp.dir/modules/support/cplx_gen/dsps_cplx_gen.S.obj
[1676/2186] Building C object esp-idf/espressif__esp-dsp/CMakeFiles/__idf_espressif__esp-dsp.dir/modules/fft/fixed/dsps_fft2r_sc16_ansi.c.obj
[1677/2186] Building C object esp-idf/espressif__esp-dsp/CMakeFiles/__idf_espressif__esp-dsp.dir/modules/support/misc/dsps_h_gen.c.obj
[1678/2186] Building C object esp-idf/espressif__esp-dsp/CMakeFiles/__idf_espressif__esp-dsp.dir/modules/support/misc/dsps_tone_gen.c.obj
[1679/2186] Building C object esp-idf/espressif__esp-dsp/CMakeFiles/__idf_espressif__esp-dsp.dir/modules/support/cplx_gen/dsps_cplx_gen.c.obj
[1680/2186] Building ASM object esp-idf/espressif__esp-dsp/CMakeFiles/__idf_espressif__esp-dsp.dir/modules/support/mem/esp32s3/dsps_memcpy_aes3.S.obj
[1681/2186] Building ASM object esp-idf/espressif__esp-dsp/CMakeFiles/__idf_espressif__esp-dsp.dir/modules/support/mem/esp32s3/dsps_memset_aes3.S.obj
[1682/2186] Building C object esp-idf/espressif__esp-dsp/CMakeFiles/__idf_espressif__esp-dsp.dir/modules/windows/hann/float/dsps_wind_hann_f32.c.obj
[1683/2186] Building C object esp-idf/espressif__esp-dsp/CMakeFiles/__idf_espressif__esp-dsp.dir/modules/windows/blackman/float/dsps_wind_blackman_f32.c.obj
[1684/2186] Building C object esp-idf/espressif__esp-dsp/CMakeFiles/__idf_espressif__esp-dsp.dir/modules/windows/blackman_harris/float/dsps_wind_blackman_harris_f32.c.obj
[1685/2186] Building C object esp-idf/espressif__esp-dsp/CMakeFiles/__idf_espressif__esp-dsp.dir/modules/windows/blackman_nuttall/float/dsps_wind_blackman_nuttall_f32.c.obj
[1686/2186] Building C object esp-idf/espressif__esp-dsp/CMakeFiles/__idf_espressif__esp-dsp.dir/modules/support/cplx_gen/dsps_cplx_gen_init.c.obj
[1687/2186] Building C object esp-idf/espressif__esp-dsp/CMakeFiles/__idf_espressif__esp-dsp.dir/modules/windows/nuttall/float/dsps_wind_nuttall_f32.c.obj
[1688/2186] Building C object esp-idf/espressif__esp-dsp/CMakeFiles/__idf_espressif__esp-dsp.dir/modules/windows/flat_top/float/dsps_wind_flat_top_f32.c.obj
[1689/2186] Building ASM object esp-idf/espressif__esp-dsp/CMakeFiles/__idf_espressif__esp-dsp.dir/modules/conv/float/dsps_conv_f32_ae32.S.obj
[1690/2186] Building ASM object esp-idf/espressif__esp-dsp/CMakeFiles/__idf_espressif__esp-dsp.dir/modules/conv/float/dsps_corr_f32_ae32.S.obj
[1691/2186] Building C object esp-idf/espressif__esp-dsp/CMakeFiles/__idf_espressif__esp-dsp.dir/modules/conv/float/dsps_conv_f32_ansi.c.obj
[1692/2186] Building CXX object esp-idf/espressif__esp-dsp/CMakeFiles/__idf_espressif__esp-dsp.dir/modules/support/view/dsps_view.cpp.obj
[1693/2186] Building C object esp-idf/espressif__esp-dsp/CMakeFiles/__idf_espressif__esp-dsp.dir/modules/conv/float/dsps_corr_f32_ansi.c.obj
[1694/2186] Building ASM object esp-idf/espressif__esp-dsp/CMakeFiles/__idf_espressif__esp-dsp.dir/modules/conv/float/dsps_ccorr_f32_ae32.S.obj
[1695/2186] Building ASM object esp-idf/espressif__esp-dsp/CMakeFiles/__idf_espressif__esp-dsp.dir/modules/iir/biquad/dsps_biquad_f32_ae32.S.obj
[1696/2186] Building ASM object esp-idf/espressif__esp-dsp/CMakeFiles/__idf_espressif__esp-dsp.dir/modules/iir/biquad/dsps_biquad_sf32_ae32.S.obj
[1697/2186] Building C object esp-idf/espressif__esp-dsp/CMakeFiles/__idf_espressif__esp-dsp.dir/modules/conv/float/dsps_ccorr_f32_ansi.c.obj
[1698/2186] Building ASM object esp-idf/espressif__esp-dsp/CMakeFiles/__idf_espressif__esp-dsp.dir/modules/iir/biquad/dsps_biquad_f32_aes3.S.obj
[1699/2186] Building ASM object esp-idf/espressif__esp-dsp/CMakeFiles/__idf_espressif__esp-dsp.dir/modules/iir/biquad/dsps_biquad_sf32_arp4.S.obj
[1700/2186] Building ASM object esp-idf/espressif__esp-dsp/CMakeFiles/__idf_espressif__esp-dsp.dir/modules/iir/biquad/dsps_biquad_f32_arp4.S.obj
[1701/2186] Building C object esp-idf/espressif__esp-dsp/CMakeFiles/__idf_espressif__esp-dsp.dir/modules/iir/biquad/dsps_biquad_f32_ansi.c.obj
[1702/2186] Building ASM object esp-idf/espressif__esp-dsp/CMakeFiles/__idf_espressif__esp-dsp.dir/modules/fir/float/dsps_fir_f32_ae32.S.obj
[1703/2186] Building ASM object esp-idf/espressif__esp-dsp/CMakeFiles/__idf_espressif__esp-dsp.dir/modules/fir/float/dsps_fir_f32_aes3.S.obj
[1704/2186] Building C object esp-idf/espressif__esp-dsp/CMakeFiles/__idf_espressif__esp-dsp.dir/modules/iir/biquad/dsps_biquad_sf32_ansi.c.obj
[1705/2186] Building ASM object esp-idf/espressif__esp-dsp/CMakeFiles/__idf_espressif__esp-dsp.dir/modules/fir/float/dsps_fird_f32_ae32.S.obj
[1706/2186] Building ASM object esp-idf/espressif__esp-dsp/CMakeFiles/__idf_espressif__esp-dsp.dir/modules/fir/float/dsps_fird_f32_aes3.S.obj
[1707/2186] Building ASM object esp-idf/espressif__esp-dsp/CMakeFiles/__idf_espressif__esp-dsp.dir/modules/fir/float/dsps_fird_f32_arp4.S.obj
[1708/2186] Building C object esp-idf/espressif__esp-dsp/CMakeFiles/__idf_espressif__esp-dsp.dir/modules/iir/biquad/dsps_biquad_gen_f32.c.obj
[1709/2186] Building C object esp-idf/espressif__esp-dsp/CMakeFiles/__idf_espressif__esp-dsp.dir/modules/conv/float/dspi_conv_f32_ansi.c.obj
[1710/2186] Building C object esp-idf/espressif__esp-dsp/CMakeFiles/__idf_espressif__esp-dsp.dir/modules/fir/float/dsps_fir_f32_ansi.c.obj
[1711/2186] Building C object esp-idf/espressif__esp-dsp/CMakeFiles/__idf_espressif__esp-dsp.dir/modules/fir/float/dsps_fir_init_f32.c.obj
[1712/2186] Building C object esp-idf/espressif__esp-dsp/CMakeFiles/__idf_espressif__esp-dsp.dir/modules/fir/float/dsps_fird_f32_ansi.c.obj
[1713/2186] Building C object esp-idf/espressif__esp-dsp/CMakeFiles/__idf_espressif__esp-dsp.dir/modules/fir/float/dsps_fird_init_f32.c.obj
[1714/2186] Building ASM object esp-idf/espressif__esp-dsp/CMakeFiles/__idf_espressif__esp-dsp.dir/modules/fir/fixed/dsps_fir_s16_m_ae32.S.obj
[1715/2186] Building ASM object esp-idf/espressif__esp-dsp/CMakeFiles/__idf_espressif__esp-dsp.dir/modules/fir/fixed/dsps_fird_s16_ae32.S.obj
[1716/2186] Building ASM object esp-idf/espressif__esp-dsp/CMakeFiles/__idf_espressif__esp-dsp.dir/modules/fir/fixed/dsps_fird_s16_aes3.S.obj
[1717/2186] Building C object esp-idf/espressif__esp-dsp/CMakeFiles/__idf_espressif__esp-dsp.dir/modules/fir/fixed/dsps_fird_init_s16.c.obj
[1718/2186] Building ASM object esp-idf/espressif__esp-dsp/CMakeFiles/__idf_espressif__esp-dsp.dir/modules/fir/fixed/dsps_fird_s16_arp4.S.obj
[1719/2186] Building C object esp-idf/espressif__esp-dsp/CMakeFiles/__idf_espressif__esp-dsp.dir/modules/fir/fixed/dsps_fird_s16_ansi.c.obj
[1720/2186] Building C object esp-idf/espressif__esp-dsp/CMakeFiles/__idf_espressif__esp-dsp.dir/modules/fir/float/dsps_firmr_init_f32.c.obj
[1721/2186] Building C object esp-idf/espressif__esp-dsp/CMakeFiles/__idf_espressif__esp-dsp.dir/modules/fir/fixed/dsps_firmr_init_s16.c.obj
[1722/2186] Building C object esp-idf/espressif__esp-dsp/CMakeFiles/__idf_espressif__esp-dsp.dir/modules/fir/float/dsps_firmr_f32_ansi.c.obj
[1723/2186] Building C object esp-idf/espressif__esp-dsp/CMakeFiles/__idf_espressif__esp-dsp.dir/modules/fir/fixed/dsps_firmr_s16_ansi.c.obj
[1724/2186] Building C object esp-idf/espressif__esp-dsp/CMakeFiles/__idf_espressif__esp-dsp.dir/modules/fir/resampler/dsps_resampler_mr.c.obj
[1725/2186] Building C object esp-idf/espressif__esp-dsp/CMakeFiles/__idf_espressif__esp-dsp.dir/modules/fir/resampler/dsps_resampler_ph.c.obj
[1726/2186] Building C object esp-idf/espressif__freetype/output/CMakeFiles/freetype.dir/src/sfnt/sfnt.c.obj
[1727/2186] Linking C static library esp-idf/espressif__esp_lcd_touch/libespressif__esp_lcd_touch.a
[1728/2186] Building C object esp-idf/espressif__esp_io_expander/CMakeFiles/__idf_espressif__esp_io_expander.dir/esp_io_expander_gpio_wrapper_weak.c.obj
[1729/2186] Linking C static library esp-idf/esp_driver_cam/libesp_driver_cam.a
[1730/2186] Linking C static library esp-idf/espressif__esp_sccb_intf/libespressif__esp_sccb_intf.a
[1731/2186] Building C object esp-idf/espressif__esp_jpeg/CMakeFiles/__idf_espressif__esp_jpeg.dir/jpeg_decoder.c.obj
[1732/2186] Building C object esp-idf/espressif__esp_io_expander/CMakeFiles/__idf_espressif__esp_io_expander.dir/esp_io_expander_gpio_wrapper.c.obj
[1733/2186] Building C object esp-idf/espressif__esp_cam_sensor/CMakeFiles/__idf_espressif__esp_cam_sensor.dir/src/esp_cam_sensor_detect.c.obj
[1734/2186] Building C object esp-idf/espressif__esp_io_expander/CMakeFiles/__idf_espressif__esp_io_expander.dir/esp_io_expander.c.obj
[1735/2186] Building C object esp-idf/espressif__esp_cam_sensor/CMakeFiles/__idf_espressif__esp_cam_sensor.dir/src/esp_cam_sensor.c.obj
[1736/2186] Building C object esp-idf/espressif__esp_cam_sensor/CMakeFiles/__idf_espressif__esp_cam_sensor.dir/src/esp_cam_sensor_xclk.c.obj
[1737/2186] Building C object esp-idf/espressif__esp_cam_sensor/CMakeFiles/__idf_espressif__esp_cam_sensor.dir/src/esp_cam_motor.c.obj
[1738/2186] Building C object esp-idf/espressif__esp_cam_sensor/CMakeFiles/__idf_espressif__esp_cam_sensor.dir/src/esp_cam_motor_detect.c.obj
[1739/2186] Building C object esp-idf/espressif__esp_mmap_assets/CMakeFiles/__idf_espressif__esp_mmap_assets.dir/esp_mmap_assets.c.obj
[1740/2186] Building C object esp-idf/espressif__esp_cam_sensor/CMakeFiles/__idf_espressif__esp_cam_sensor.dir/src/driver_spi/spi_slave.c.obj
[1741/2186] Linking C static library esp-idf/espressif__usb/libespressif__usb.a
[1742/2186] Building C object esp-idf/espressif__usb_host_uvc/CMakeFiles/__idf_espressif__usb_host_uvc.dir/uvc_descriptor_printing.c.obj
[1743/2186] Building C object esp-idf/espressif__usb_host_uvc/CMakeFiles/__idf_espressif__usb_host_uvc.dir/uvc_frame.c.obj
[1744/2186] Building C object esp-idf/espressif__usb_host_uvc/CMakeFiles/__idf_espressif__usb_host_uvc.dir/uvc_descriptor_parsing.c.obj
[1745/2186] Building C object esp-idf/espressif__esp_cam_sensor/CMakeFiles/__idf_espressif__esp_cam_sensor.dir/src/driver_cam/esp_cam_ctlr_spi_cam.c.obj
[1746/2186] Building C object esp-idf/espressif__usb_host_uvc/CMakeFiles/__idf_espressif__usb_host_uvc.dir/uvc_isoc.c.obj
[1747/2186] Building C object esp-idf/espressif__usb_host_uvc/CMakeFiles/__idf_espressif__usb_host_uvc.dir/uvc_control.c.obj
[1748/2186] Building C object esp-idf/espressif__esp_cam_sensor/CMakeFiles/__idf_espressif__esp_cam_sensor.dir/src/driver_dvp/esp_cam_ctlr_dvp_cam.c.obj
[1749/2186] Building C object esp-idf/espressif__usb_host_uvc/CMakeFiles/__idf_espressif__usb_host_uvc.dir/uvc_bulk.c.obj
[1750/2186] Building C object esp-idf/espressif__iot_usbh_cdc/CMakeFiles/__idf_espressif__iot_usbh_cdc.dir/iot_usbh_descriptor.c.obj
[1751/2186] Building C object esp-idf/espressif__iot_usbh_cdc/CMakeFiles/__idf_espressif__iot_usbh_cdc.dir/usbh_helper.c.obj
[1752/2186] Building C object esp-idf/espressif__knob/CMakeFiles/__idf_espressif__knob.dir/knob_gpio.c.obj
[1753/2186] Building C object esp-idf/espressif__knob/CMakeFiles/__idf_espressif__knob.dir/knob_rtc.c.obj
[1754/2186] Building C object esp-idf/espressif__freetype/output/CMakeFiles/freetype.dir/src/truetype/truetype.c.obj
[1755/2186] Linking C static library esp-idf/esp_hal_rmt/libesp_hal_rmt.a
[1756/2186] Building C object esp-idf/espressif__usb_host_uvc/CMakeFiles/__idf_espressif__usb_host_uvc.dir/uvc_host.c.obj
[1757/2186] Building C object esp-idf/espressif__knob/CMakeFiles/__idf_espressif__knob.dir/iot_knob.c.obj
[1758/2186] Building C object esp-idf/esp_driver_rmt/CMakeFiles/__idf_esp_driver_rmt.dir/src/rmt_encoder.c.obj
[1759/2186] Building C object esp-idf/esp_driver_rmt/CMakeFiles/__idf_esp_driver_rmt.dir/src/rmt_encoder_copy.c.obj
[1760/2186] Building C object esp-idf/esp_driver_rmt/CMakeFiles/__idf_esp_driver_rmt.dir/src/rmt_common.c.obj
[1761/2186] Building C object esp-idf/esp_driver_rmt/CMakeFiles/__idf_esp_driver_rmt.dir/src/rmt_encoder_simple.c.obj
[1762/2186] Building C object esp-idf/esp_driver_rmt/CMakeFiles/__idf_esp_driver_rmt.dir/src/rmt_encoder_bytes.c.obj
[1763/2186] Linking C static library esp-idf/laride__heatshrink/liblaride__heatshrink.a
[1764/2186] Building C object esp-idf/espressif2022__esp_emote_gfx/CMakeFiles/__idf_espressif2022__esp_emote_gfx.dir/src/core/gfx_color.c.obj
[1765/2186] Building C object esp-idf/espressif2022__esp_emote_gfx/CMakeFiles/__idf_espressif2022__esp_emote_gfx.dir/src/core/gfx_blend.c.obj
[1766/2186] Building C object esp-idf/espressif__iot_usbh_cdc/CMakeFiles/__idf_espressif__iot_usbh_cdc.dir/iot_usbh_cdc.c.obj
[1767/2186] Building C object esp-idf/espressif2022__esp_emote_gfx/CMakeFiles/__idf_espressif2022__esp_emote_gfx.dir/src/core/gfx_core.c.obj
[1768/2186] Linking CXX static library esp-idf/espressif__freetype/output/libfreetype.a
[1769/2186] Building C object esp-idf/espressif2022__esp_emote_gfx/CMakeFiles/__idf_espressif2022__esp_emote_gfx.dir/src/core/gfx_disp.c.obj
[1770/2186] Building C object esp-idf/espressif2022__esp_emote_gfx/CMakeFiles/__idf_espressif2022__esp_emote_gfx.dir/src/core/gfx_refr.c.obj
[1771/2186] Building C object esp-idf/espressif2022__esp_emote_gfx/CMakeFiles/__idf_espressif2022__esp_emote_gfx.dir/src/core/gfx_timer.c.obj
[1772/2186] Building C object esp-idf/espressif2022__esp_emote_gfx/CMakeFiles/__idf_espressif2022__esp_emote_gfx.dir/src/core/gfx_render.c.obj
[1773/2186] Building C object esp-idf/espressif2022__esp_emote_gfx/CMakeFiles/__idf_espressif2022__esp_emote_gfx.dir/src/core/gfx_obj.c.obj
[1774/2186] Building C object esp-idf/espressif2022__esp_emote_gfx/CMakeFiles/__idf_espressif2022__esp_emote_gfx.dir/src/core/gfx_touch.c.obj
[1775/2186] Building C object esp-idf/espressif2022__esp_emote_gfx/CMakeFiles/__idf_espressif2022__esp_emote_gfx.dir/src/lib/qrcode/qrcode_wrapper.c.obj
[1776/2186] Building C object esp-idf/espressif2022__esp_emote_gfx/CMakeFiles/__idf_espressif2022__esp_emote_gfx.dir/src/decoder/gfx_img_dec.c.obj
[1777/2186] Building C object esp-idf/esp_driver_rmt/CMakeFiles/__idf_esp_driver_rmt.dir/src/rmt_rx.c.obj
[1778/2186] Building C object esp-idf/espressif2022__esp_emote_gfx/CMakeFiles/__idf_espressif2022__esp_emote_gfx.dir/src/widget/gfx_font_ft.c.obj
[1779/2186] Building C object esp-idf/espressif2022__esp_emote_gfx/CMakeFiles/__idf_espressif2022__esp_emote_gfx.dir/src/widget/gfx_img.c.obj
[1780/2186] Building C object esp-idf/espressif2022__esp_emote_gfx/CMakeFiles/__idf_espressif2022__esp_emote_gfx.dir/src/lib/eaf/gfx_eaf_dec.c.obj
[1781/2186] Building C object esp-idf/esp_driver_rmt/CMakeFiles/__idf_esp_driver_rmt.dir/src/rmt_tx.c.obj
[1782/2186] Building C object esp-idf/espressif2022__esp_emote_gfx/CMakeFiles/__idf_espressif2022__esp_emote_gfx.dir/src/widget/gfx_draw_label.c.obj
[1783/2186] Building C object esp-idf/espressif2022__esp_emote_gfx/CMakeFiles/__idf_espressif2022__esp_emote_gfx.dir/src/widget/gfx_font_lv.c.obj
[1784/2186] Linking C static library esp-idf/espressif__i2c_bus/libespressif__i2c_bus.a
[1785/2186] Building CXX object esp-idf/espressif__esp-dsp/CMakeFiles/__idf_espressif__esp-dsp.dir/modules/matrix/mat/mat.cpp.obj
[1786/2186] Building C object esp-idf/espressif2022__esp_emote_gfx/CMakeFiles/__idf_espressif2022__esp_emote_gfx.dir/src/widget/gfx_anim.c.obj
[1787/2186] Building C object esp-idf/espressif2022__esp_emote_gfx/CMakeFiles/__idf_espressif2022__esp_emote_gfx.dir/src/widget/gfx_qrcode.c.obj
[1788/2186] Building C object esp-idf/espressif2022__esp_emote_gfx/CMakeFiles/__idf_espressif2022__esp_emote_gfx.dir/src/widget/gfx_label.c.obj
[1789/2186] Building C object esp-idf/espressif2022__esp_emote_gfx/CMakeFiles/__idf_espressif2022__esp_emote_gfx.dir/src/lib/qrcode/qrcodegen.c.obj
[1790/2186] Building C object esp-idf/esp_eth/CMakeFiles/__idf_esp_eth.dir/src/esp_eth_netif_glue.c.obj
[1791/2186] Building C object esp-idf/espressif__bq27220/CMakeFiles/__idf_espressif__bq27220.dir/bq27220.c.obj
[1792/2186] Building C object esp-idf/console/CMakeFiles/__idf_console.dir/split_argv.c.obj
[1793/2186] Building C object esp-idf/esp_driver_tsens/CMakeFiles/__idf_esp_driver_tsens.dir/src/temperature_sensor.c.obj
[1794/2186] Building C object esp-idf/console/CMakeFiles/__idf_console.dir/esp_console_common.c.obj
[1795/2186] Building C object esp-idf/console/CMakeFiles/__idf_console.dir/commands.c.obj
[1796/2186] Building C object esp-idf/console/CMakeFiles/__idf_console.dir/esp_console_repl_internal.c.obj
[1797/2186] Building C object esp-idf/console/CMakeFiles/__idf_console.dir/esp_console_repl_chip.c.obj
[1798/2186] Building C object esp-idf/console/CMakeFiles/__idf_console.dir/argtable3/arg_dbl.c.obj
[1799/2186] Building C object esp-idf/console/CMakeFiles/__idf_console.dir/argtable3/arg_cmd.c.obj
[1800/2186] Building C object esp-idf/console/CMakeFiles/__idf_console.dir/argtable3/arg_dstr.c.obj
[1801/2186] Building C object esp-idf/console/CMakeFiles/__idf_console.dir/argtable3/arg_end.c.obj
[1802/2186] Building C object esp-idf/esp_eth/CMakeFiles/__idf_esp_eth.dir/src/phy/esp_eth_phy_802_3.c.obj
[1803/2186] Building C object esp-idf/esp_eth/CMakeFiles/__idf_esp_eth.dir/src/esp_eth.c.obj
[1804/2186] Building C object esp-idf/console/CMakeFiles/__idf_console.dir/argtable3/arg_file.c.obj
[1805/2186] Building C object esp-idf/console/CMakeFiles/__idf_console.dir/argtable3/arg_date.c.obj
[1806/2186] Building C object esp-idf/console/CMakeFiles/__idf_console.dir/argtable3/arg_hashtable.c.obj
[1807/2186] Building C object esp-idf/console/CMakeFiles/__idf_console.dir/argtable3/arg_rem.c.obj
[1808/2186] Building C object esp-idf/console/CMakeFiles/__idf_console.dir/argtable3/arg_lit.c.obj
[1809/2186] Building C object esp-idf/console/CMakeFiles/__idf_console.dir/argtable3/arg_int.c.obj
[1810/2186] Building C object esp-idf/console/CMakeFiles/__idf_console.dir/argtable3/arg_str.c.obj
[1811/2186] Building C object esp-idf/console/CMakeFiles/__idf_console.dir/argtable3/arg_utils.c.obj
[1812/2186] Linking C static library esp-idf/esp_driver_sdmmc/libesp_driver_sdmmc.a
[1813/2186] Linking C static library esp-idf/esp_driver_sdspi/libesp_driver_sdspi.a
[1814/2186] Linking C static library esp-idf/wear_levelling/libwear_levelling.a
[1815/2186] Building CXX object esp-idf/espressif__esp-dsp/CMakeFiles/__idf_espressif__esp-dsp.dir/modules/kalman/ekf_imu13states/ekf_imu13states.cpp.obj
[1816/2186] Building C object esp-idf/fatfs/CMakeFiles/__idf_fatfs.dir/diskio/diskio.c.obj
[1817/2186] Building C object esp-idf/fatfs/CMakeFiles/__idf_fatfs.dir/diskio/diskio_rawflash.c.obj
[1818/2186] Building C object esp-idf/fatfs/CMakeFiles/__idf_fatfs.dir/diskio/diskio_wl.c.obj
[1819/2186] Building C object esp-idf/fatfs/CMakeFiles/__idf_fatfs.dir/port/freertos/ffsystem.c.obj
[1820/2186] Building C object esp-idf/fatfs/CMakeFiles/__idf_fatfs.dir/src/ffunicode.c.obj
[1821/2186] Building C object esp-idf/console/CMakeFiles/__idf_console.dir/linenoise/linenoise.c.obj
[1822/2186] Building CXX object esp-idf/espressif__esp-dsp/CMakeFiles/__idf_espressif__esp-dsp.dir/modules/kalman/ekf/common/ekf.cpp.obj
[1823/2186] Building C object esp-idf/fatfs/CMakeFiles/__idf_fatfs.dir/diskio/diskio_sdmmc.c.obj
[1824/2186] Building C object esp-idf/console/CMakeFiles/__idf_console.dir/argtable3/arg_rex.c.obj
[1825/2186] Building C object esp-idf/console/CMakeFiles/__idf_console.dir/argtable3/argtable3.c.obj
[1826/2186] Building C object esp-idf/78__xiaozhi-fonts/CMakeFiles/__idf_78__xiaozhi-fonts.dir/src/cbin_font.c.obj
[1827/2186] Building C object esp-idf/fatfs/CMakeFiles/__idf_fatfs.dir/vfs/vfs_fat_sdmmc.c.obj
[1828/2186] Building C object esp-idf/fatfs/CMakeFiles/__idf_fatfs.dir/vfs/vfs_fat_spiflash.c.obj
[1829/2186] Building C object esp-idf/78__xiaozhi-fonts/CMakeFiles/__idf_78__xiaozhi-fonts.dir/src/font_material_symbols_30_1.c.obj
[1830/2186] Building C object esp-idf/78__xiaozhi-fonts/CMakeFiles/__idf_78__xiaozhi-fonts.dir/src/font_material_symbols_16_4.c.obj
[1831/2186] Building C object esp-idf/78__xiaozhi-fonts/CMakeFiles/__idf_78__xiaozhi-fonts.dir/src/font_material_symbols_14_1.c.obj
[1832/2186] Building C object esp-idf/78__xiaozhi-fonts/CMakeFiles/__idf_78__xiaozhi-fonts.dir/src/font_material_symbols_30_4.c.obj
[1833/2186] Building C object esp-idf/78__xiaozhi-fonts/CMakeFiles/__idf_78__xiaozhi-fonts.dir/src/font_material_symbols_20_4.c.obj
[1834/2186] Building C object esp-idf/78__xiaozhi-fonts/CMakeFiles/__idf_78__xiaozhi-fonts.dir/src/material_symbols.c.obj
[1835/2186] Building C object esp-idf/78__xiaozhi-fonts/CMakeFiles/__idf_78__xiaozhi-fonts.dir/src/noto_emoji.c.obj
[1836/2186] Linking C static library esp-idf/78__uart-uhci/lib78__uart-uhci.a
[1837/2186] Linking C static library esp-idf/espressif__mqtt/libespressif__mqtt.a
[1838/2186] Building C object esp-idf/78__xiaozhi-fonts/CMakeFiles/__idf_78__xiaozhi-fonts.dir/src/font_noto_emoji_30_4.c.obj
[1839/2186] Building C object esp-idf/78__xiaozhi-fonts/CMakeFiles/__idf_78__xiaozhi-fonts.dir/src/font_noto_emoji_30_1.c.obj
[1840/2186] Building C object esp-idf/78__xiaozhi-fonts/CMakeFiles/__idf_78__xiaozhi-fonts.dir/src/font_noto_sans_basic_14_1.c.obj
[1841/2186] Building C object esp-idf/78__xiaozhi-fonts/CMakeFiles/__idf_78__xiaozhi-fonts.dir/src/font_noto_sans_basic_16_4.c.obj
[1842/2186] Building C object esp-idf/fatfs/CMakeFiles/__idf_fatfs.dir/vfs/vfs_fat.c.obj
[1843/2186] Building C object esp-idf/78__xiaozhi-fonts/CMakeFiles/__idf_78__xiaozhi-fonts.dir/src/font_noto_sans_basic_20_4.c.obj
[1844/2186] Building C object esp-idf/78__xiaozhi-fonts/CMakeFiles/__idf_78__xiaozhi-fonts.dir/src/font_noto_sans_basic_30_4.c.obj
[1845/2186] Building C object esp-idf/fatfs/CMakeFiles/__idf_fatfs.dir/src/ff.c.obj
[1846/2186] Building CXX object esp-idf/78__esp-ml307/CMakeFiles/__idf_78__esp-ml307.dir/src/esp/esp_udp.cc.obj
[1847/2186] Building CXX object esp-idf/78__esp-ml307/CMakeFiles/__idf_78__esp-ml307.dir/src/esp/esp_ssl.cc.obj
[1848/2186] Building CXX object esp-idf/78__esp-ml307/CMakeFiles/__idf_78__esp-ml307.dir/src/esp/esp_tcp.cc.obj
[1849/2186] Building CXX object esp-idf/78__esp-ml307/CMakeFiles/__idf_78__esp-ml307.dir/src/esp/esp_mqtt.cc.obj
[1850/2186] Building CXX object esp-idf/78__esp-ml307/CMakeFiles/__idf_78__esp-ml307.dir/src/esp/esp_network.cc.obj
[1851/2186] Building CXX object esp-idf/78__esp-ml307/CMakeFiles/__idf_78__esp-ml307.dir/src/web_socket.cc.obj
[1852/2186] Building CXX object esp-idf/78__esp-ml307/CMakeFiles/__idf_78__esp-ml307.dir/src/ec801e/ec801e_udp.cc.obj
[1853/2186] Building CXX object esp-idf/78__esp-ml307/CMakeFiles/__idf_78__esp-ml307.dir/src/ec801e/ec801e_tcp.cc.obj
[1854/2186] Building CXX object esp-idf/78__esp-ml307/CMakeFiles/__idf_78__esp-ml307.dir/src/at_modem.cc.obj
[1855/2186] Building CXX object esp-idf/78__esp-ml307/CMakeFiles/__idf_78__esp-ml307.dir/src/ec801e/ec801e_ssl.cc.obj
[1856/2186] Building CXX object esp-idf/78__esp-ml307/CMakeFiles/__idf_78__esp-ml307.dir/src/at_uart.cc.obj
[1857/2186] Building CXX object esp-idf/78__esp-ml307/CMakeFiles/__idf_78__esp-ml307.dir/src/ec801e/ec801e_mqtt.cc.obj
[1858/2186] Building CXX object esp-idf/78__esp-ml307/CMakeFiles/__idf_78__esp-ml307.dir/src/ec801e/ec801e_at_modem.cc.obj
[1859/2186] Building CXX object esp-idf/78__esp-ml307/CMakeFiles/__idf_78__esp-ml307.dir/src/http_client.cc.obj
[1860/2186] Building CXX object esp-idf/78__esp-ml307/CMakeFiles/__idf_78__esp-ml307.dir/src/ml307/ml307_ssl.cc.obj
[1861/2186] Building CXX object esp-idf/78__esp-ml307/CMakeFiles/__idf_78__esp-ml307.dir/src/ml307/ml307_tcp.cc.obj
[1862/2186] Building ASM object esp-idf/78__esp-wifi-connect/CMakeFiles/__idf_78__esp-wifi-connect.dir/__/__/wifi_configuration.html.S.obj
[1863/2186] Building ASM object esp-idf/78__esp-wifi-connect/CMakeFiles/__idf_78__esp-wifi-connect.dir/__/__/wifi_configuration_done.html.S.obj
[1864/2186] Building CXX object esp-idf/78__esp-ml307/CMakeFiles/__idf_78__esp-ml307.dir/src/ml307/ml307_mqtt.cc.obj
[1865/2186] Building CXX object esp-idf/78__esp-ml307/CMakeFiles/__idf_78__esp-ml307.dir/src/ml307/ml307_udp.cc.obj
[1866/2186] Building C object esp-idf/78__esp_lcd_nv3023/CMakeFiles/__idf_78__esp_lcd_nv3023.dir/esp_lcd_nv3023.c.obj
[1867/2186] Building CXX object esp-idf/78__esp-ml307/CMakeFiles/__idf_78__esp-ml307.dir/src/ml307/ml307_at_modem.cc.obj
[1868/2186] Linking C static library esp-idf/espressif__iot_eth/libespressif__iot_eth.a
[1869/2186] Building CXX object esp-idf/78__esp-wifi-connect/CMakeFiles/__idf_78__esp-wifi-connect.dir/dns_server.cc.obj
[1870/2186] Building CXX object esp-idf/esphome__esp-hub75/CMakeFiles/__idf_esphome__esp-hub75.dir/src/color/color_convert.cpp.obj
[1871/2186] Building CXX object esp-idf/esphome__esp-hub75/CMakeFiles/__idf_esphome__esp-hub75.dir/src/platforms/platform_detect.cpp.obj
[1872/2186] Building CXX object esp-idf/esphome__esp-hub75/CMakeFiles/__idf_esphome__esp-hub75.dir/src/color/color_lut.cpp.obj
[1873/2186] Building CXX object esp-idf/esphome__esp-hub75/CMakeFiles/__idf_esphome__esp-hub75.dir/src/drivers/fm6126a.cpp.obj
[1874/2186] Building CXX object esp-idf/esphome__esp-hub75/CMakeFiles/__idf_esphome__esp-hub75.dir/src/core/hub75_driver.cpp.obj
[1875/2186] Building C object esp-idf/espressif__adc_battery_estimation/CMakeFiles/__idf_espressif__adc_battery_estimation.dir/adc_battery_estimation.c.obj
[1876/2186] Linking C static library esp-idf/espressif__button/libespressif__button.a
[1877/2186] Linking C static library esp-idf/spiffs/libspiffs.a
[1878/2186] Building CXX object esp-idf/78__esp-wifi-connect/CMakeFiles/__idf_78__esp-wifi-connect.dir/wifi_manager.cc.obj
[1879/2186] Linking C static library esp-idf/espressif__dl_fft/libespressif__dl_fft.a
[1880/2186] Building CXX object esp-idf/esphome__esp-hub75/CMakeFiles/__idf_esphome__esp-hub75.dir/src/platforms/platform_dma.cpp.obj
[1881/2186] Building C object esp-idf/espressif__esp-sr/CMakeFiles/__idf_espressif__esp-sr.dir/src/esp_sr_debug.c.obj
[1882/2186] Building CXX object esp-idf/78__esp-wifi-connect/CMakeFiles/__idf_78__esp-wifi-connect.dir/wifi_station.cc.obj
[1883/2186] Building C object esp-idf/espressif__esp-sr/CMakeFiles/__idf_espressif__esp-sr.dir/src/esp_process_sdkconfig.c.obj
[1884/2186] Linking C static library esp-idf/espressif__esp_jpeg/libespressif__esp_jpeg.a
[1885/2186] Building CXX object esp-idf/78__esp-wifi-connect/CMakeFiles/__idf_78__esp-wifi-connect.dir/ssid_manager.cc.obj
[1886/2186] Building C object esp-idf/espressif__esp32-camera/CMakeFiles/__idf_espressif__esp32-camera.dir/conversions/yuv.c.obj
[1887/2186] Building C object esp-idf/espressif__esp-sr/CMakeFiles/__idf_espressif__esp-sr.dir/src/esp_mn_speech_commands.c.obj
[1888/2186] Building CXX object esp-idf/espressif__esp32-camera/CMakeFiles/__idf_espressif__esp32-camera.dir/conversions/to_jpg.cpp.obj
[1889/2186] Building C object esp-idf/espressif__esp-sr/CMakeFiles/__idf_espressif__esp-sr.dir/src/model_path.c.obj
[1890/2186] Building C object esp-idf/espressif__esp32-camera/CMakeFiles/__idf_espressif__esp32-camera.dir/conversions/to_bmp.c.obj
[1891/2186] Building C object esp-idf/espressif__esp32-camera/CMakeFiles/__idf_espressif__esp32-camera.dir/driver/sensor.c.obj
[1892/2186] Building C object esp-idf/espressif__esp32-camera/CMakeFiles/__idf_espressif__esp32-camera.dir/driver/esp_camera.c.obj
[1893/2186] Building C object esp-idf/espressif__esp32-camera/CMakeFiles/__idf_espressif__esp32-camera.dir/driver/esp_camera_af.c.obj
[1894/2186] Linking C static library esp-idf/espressif__esp-dsp/libespressif__esp-dsp.a
[1895/2186] Building C object esp-idf/espressif__esp32-camera/CMakeFiles/__idf_espressif__esp32-camera.dir/sensors/ov5640_af.c.obj
[1896/2186] Building C object esp-idf/espressif__esp32-camera/CMakeFiles/__idf_espressif__esp32-camera.dir/sensors/ov2640.c.obj
[1897/2186] Building C object esp-idf/espressif__esp32-camera/CMakeFiles/__idf_espressif__esp32-camera.dir/sensors/ov7725.c.obj
[1898/2186] Building CXX object esp-idf/espressif__esp32-camera/CMakeFiles/__idf_espressif__esp32-camera.dir/conversions/jpge.cpp.obj
[1899/2186] Building CXX object esp-idf/78__esp-wifi-connect/CMakeFiles/__idf_78__esp-wifi-connect.dir/wifi_configuration_ap.cc.obj
[1900/2186] Building C object esp-idf/espressif__esp32-camera/CMakeFiles/__idf_espressif__esp32-camera.dir/driver/cam_hal.c.obj
[1901/2186] Building C object esp-idf/espressif__esp32-camera/CMakeFiles/__idf_espressif__esp32-camera.dir/sensors/ov7670.c.obj
[1902/2186] Building C object esp-idf/espressif__esp32-camera/CMakeFiles/__idf_espressif__esp32-camera.dir/sensors/gc2145.c.obj
[1903/2186] Building C object esp-idf/espressif__esp32-camera/CMakeFiles/__idf_espressif__esp32-camera.dir/sensors/gc032a.c.obj
[1904/2186] Building C object esp-idf/espressif__esp32-camera/CMakeFiles/__idf_espressif__esp32-camera.dir/sensors/ov3660.c.obj
[1905/2186] Building C object esp-idf/espressif__esp32-camera/CMakeFiles/__idf_espressif__esp32-camera.dir/sensors/bf3005.c.obj
[1906/2186] Building C object esp-idf/espressif__esp32-camera/CMakeFiles/__idf_espressif__esp32-camera.dir/sensors/ov5640.c.obj
[1907/2186] Building C object esp-idf/espressif__esp32-camera/CMakeFiles/__idf_espressif__esp32-camera.dir/sensors/bf20a6.c.obj
[1908/2186] Building C object esp-idf/espressif__esp32-camera/CMakeFiles/__idf_espressif__esp32-camera.dir/sensors/sc101iot.c.obj
[1909/2186] Building C object esp-idf/espressif__esp32-camera/CMakeFiles/__idf_espressif__esp32-camera.dir/sensors/sc031gs.c.obj
[1910/2186] Building C object esp-idf/espressif__esp32-camera/CMakeFiles/__idf_espressif__esp32-camera.dir/sensors/sc030iot.c.obj
[1911/2186] Building C object esp-idf/espressif__esp32-camera/CMakeFiles/__idf_espressif__esp32-camera.dir/sensors/gc0308.c.obj
[1912/2186] Building C object esp-idf/espressif__esp32-camera/CMakeFiles/__idf_espressif__esp32-camera.dir/sensors/nt99141.c.obj
[1913/2186] Building C object esp-idf/espressif__esp32-camera/CMakeFiles/__idf_espressif__esp32-camera.dir/sensors/mega_ccm.c.obj
[1914/2186] Building CXX object esp-idf/esphome__esp-hub75/CMakeFiles/__idf_esphome__esp-hub75.dir/src/platforms/gdma/gdma_dma.cpp.obj
[1915/2186] Building C object esp-idf/espressif__esp_audio_codec/CMakeFiles/__idf_espressif__esp_audio_codec.dir/src/audio_decoder_reg.c.obj
[1916/2186] Building C object esp-idf/espressif__esp_audio_codec/CMakeFiles/__idf_espressif__esp_audio_codec.dir/src/audio_encoder_reg.c.obj
[1917/2186] Building C object esp-idf/espressif__esp_audio_codec/CMakeFiles/__idf_espressif__esp_audio_codec.dir/src/simple_decoder_reg.c.obj
[1918/2186] Building C object esp-idf/espressif__gmf_fft/CMakeFiles/__idf_espressif__gmf_fft.dir/src/common/fft_heap.c.obj
[1919/2186] Building ASM object esp-idf/espressif__gmf_fft/CMakeFiles/__idf_espressif__gmf_fft.dir/src/esp32s3/fft_pie_radix2_dit_s16.S.obj
[1920/2186] Building C object esp-idf/espressif__gmf_fft/CMakeFiles/__idf_espressif__gmf_fft.dir/src/common/fft_power2_q15.c.obj
[1921/2186] Building C object esp-idf/espressif__esp32-camera/CMakeFiles/__idf_espressif__esp32-camera.dir/driver/sccb-ng.c.obj
[1922/2186] Building C object esp-idf/espressif__esp_codec_dev/CMakeFiles/__idf_espressif__esp_codec_dev.dir/esp_codec_dev_vol.c.obj
[1923/2186] Building C object esp-idf/espressif__esp32-camera/CMakeFiles/__idf_espressif__esp32-camera.dir/sensors/hm0360.c.obj
[1924/2186] Building C object esp-idf/espressif__esp_codec_dev/CMakeFiles/__idf_espressif__esp_codec_dev.dir/esp_codec_dev_if.c.obj
[1925/2186] Building C object esp-idf/espressif__esp32-camera/CMakeFiles/__idf_espressif__esp32-camera.dir/sensors/hm1055.c.obj
[1926/2186] Building C object esp-idf/espressif__esp_codec_dev/CMakeFiles/__idf_espressif__esp_codec_dev.dir/platform/audio_codec_gpio.c.obj
[1927/2186] Building C object esp-idf/espressif__esp_codec_dev/CMakeFiles/__idf_espressif__esp_codec_dev.dir/audio_codec_sw_vol.c.obj
[1928/2186] Building C object esp-idf/espressif__esp_codec_dev/CMakeFiles/__idf_espressif__esp_codec_dev.dir/platform/audio_codec_ctrl_i2c.c.obj
[1929/2186] Building C object esp-idf/espressif__esp_codec_dev/CMakeFiles/__idf_espressif__esp_codec_dev.dir/platform/audio_codec_ctrl_spi.c.obj
[1930/2186] Building C object esp-idf/espressif__esp_codec_dev/CMakeFiles/__idf_espressif__esp_codec_dev.dir/platform/esp_codec_dev_os.c.obj
[1931/2186] Building C object esp-idf/espressif__esp32-camera/CMakeFiles/__idf_espressif__esp32-camera.dir/target/esp32s3/ll_cam.c.obj
[1932/2186] Building C object esp-idf/espressif__esp_codec_dev/CMakeFiles/__idf_espressif__esp_codec_dev.dir/esp_codec_dev.c.obj
[1933/2186] Building C object esp-idf/espressif__esp_codec_dev/CMakeFiles/__idf_espressif__esp_codec_dev.dir/device/es7243/es7243.c.obj
[1934/2186] Building C object esp-idf/espressif__esp_codec_dev/CMakeFiles/__idf_espressif__esp_codec_dev.dir/device/es8156/es8156.c.obj
[1935/2186] Building C object esp-idf/espressif__esp_codec_dev/CMakeFiles/__idf_espressif__esp_codec_dev.dir/device/es7243e/es7243e.c.obj
[1936/2186] Building C object esp-idf/espressif__esp_codec_dev/CMakeFiles/__idf_espressif__esp_codec_dev.dir/device/tas5805m/tas5805m.c.obj
[1937/2186] Building C object esp-idf/espressif__esp_codec_dev/CMakeFiles/__idf_espressif__esp_codec_dev.dir/device/es8388/es8388.c.obj
[1938/2186] Linking C static library esp-idf/espressif__esp_io_expander/libespressif__esp_io_expander.a
[1939/2186] Building CXX object esp-idf/78__esp-ml307/CMakeFiles/__idf_78__esp-ml307.dir/src/ml307/ml307_http.cc.obj
[1940/2186] Building C object esp-idf/espressif__esp_codec_dev/CMakeFiles/__idf_espressif__esp_codec_dev.dir/device/es8311/es8311.c.obj
[1941/2186] Building C object esp-idf/espressif__esp_codec_dev/CMakeFiles/__idf_espressif__esp_codec_dev.dir/device/aw88298/aw88298.c.obj
[1942/2186] Building C object esp-idf/espressif__esp_lcd_axs15231b/CMakeFiles/__idf_espressif__esp_lcd_axs15231b.dir/esp_lcd_axs15231b_mipi.c.obj
[1943/2186] Building C object esp-idf/espressif__esp_io_expander_tca9554/CMakeFiles/__idf_espressif__esp_io_expander_tca9554.dir/esp_io_expander_tca9554.c.obj
[1944/2186] Building C object esp-idf/espressif__esp_codec_dev/CMakeFiles/__idf_espressif__esp_codec_dev.dir/platform/audio_codec_data_i2s.c.obj
[1945/2186] Building C object esp-idf/espressif__esp_codec_dev/CMakeFiles/__idf_espressif__esp_codec_dev.dir/device/es8374/es8374.c.obj
[1946/2186] Building C object esp-idf/espressif__esp_io_expander_tca95xx_16bit/CMakeFiles/__idf_espressif__esp_io_expander_tca95xx_16bit.dir/esp_io_expander_tca95xx_16bit.c.obj
[1947/2186] Building C object esp-idf/espressif__esp_lcd_co5300/CMakeFiles/__idf_espressif__esp_lcd_co5300.dir/esp_lcd_co5300.c.obj
[1948/2186] Building C object esp-idf/espressif__esp_codec_dev/CMakeFiles/__idf_espressif__esp_codec_dev.dir/device/es7210/es7210.c.obj
[1949/2186] Building C object esp-idf/espressif__esp_lcd_co5300/CMakeFiles/__idf_espressif__esp_lcd_co5300.dir/esp_lcd_co5300_mipi.c.obj
[1950/2186] Building C object esp-idf/espressif__esp_lcd_st7701/CMakeFiles/__idf_espressif__esp_lcd_st7701.dir/esp_lcd_st7701.c.obj
[1951/2186] Building C object esp-idf/espressif__esp_lcd_st7701/CMakeFiles/__idf_espressif__esp_lcd_st7701.dir/esp_lcd_st7701_mipi.c.obj
[1952/2186] Building C object esp-idf/espressif__esp_codec_dev/CMakeFiles/__idf_espressif__esp_codec_dev.dir/device/es8389/es8389.c.obj
[1953/2186] Building C object esp-idf/espressif__esp_lcd_gc9a01/CMakeFiles/__idf_espressif__esp_lcd_gc9a01.dir/esp_lcd_gc9a01.c.obj
[1954/2186] Building C object esp-idf/espressif__esp_lcd_co5300/CMakeFiles/__idf_espressif__esp_lcd_co5300.dir/esp_lcd_co5300_spi.c.obj
[1955/2186] Building C object esp-idf/espressif__esp_lcd_st77916/CMakeFiles/__idf_espressif__esp_lcd_st77916.dir/esp_lcd_st77916.c.obj
[1956/2186] Building C object esp-idf/espressif__esp_lcd_ili9341/CMakeFiles/__idf_espressif__esp_lcd_ili9341.dir/esp_lcd_ili9341.c.obj
[1957/2186] Building C object esp-idf/espressif__esp_lcd_st77916/CMakeFiles/__idf_espressif__esp_lcd_st77916.dir/esp_lcd_st77916_mipi.c.obj
[1958/2186] Building C object esp-idf/espressif__esp_lcd_st7796/CMakeFiles/__idf_espressif__esp_lcd_st7796.dir/esp_lcd_st7796.c.obj
[1959/2186] Building C object esp-idf/espressif__esp_lcd_spd2010/CMakeFiles/__idf_espressif__esp_lcd_spd2010.dir/esp_lcd_spd2010.c.obj
[1960/2186] Building C object esp-idf/espressif__esp_lcd_panel_io_additions/CMakeFiles/__idf_espressif__esp_lcd_panel_io_additions.dir/esp_lcd_panel_io_3wire_spi.c.obj
[1961/2186] Building C object esp-idf/espressif__esp_lcd_axs15231b/CMakeFiles/__idf_espressif__esp_lcd_axs15231b.dir/esp_lcd_axs15231b.c.obj
[1962/2186] Building C object esp-idf/espressif__esp_lcd_st7701/CMakeFiles/__idf_espressif__esp_lcd_st7701.dir/esp_lcd_st7701_rgb.c.obj
[1963/2186] Building C object esp-idf/espressif__esp_lcd_st77916/CMakeFiles/__idf_espressif__esp_lcd_st77916.dir/esp_lcd_st77916_spi.c.obj
[1964/2186] Building C object esp-idf/espressif__esp_lcd_touch_st7123/CMakeFiles/__idf_espressif__esp_lcd_touch_st7123.dir/esp_lcd_touch_st7123.c.obj
[1965/2186] Building C object esp-idf/espressif__esp_lcd_touch_cst816s/CMakeFiles/__idf_espressif__esp_lcd_touch_cst816s.dir/esp_lcd_touch_cst816s.c.obj
[1966/2186] Building C object esp-idf/espressif__esp_lcd_touch_ft5x06/CMakeFiles/__idf_espressif__esp_lcd_touch_ft5x06.dir/esp_lcd_touch_ft5x06.c.obj
[1967/2186] Building C object esp-idf/espressif__esp_lcd_st7796/CMakeFiles/__idf_espressif__esp_lcd_st7796.dir/esp_lcd_st7796_general.c.obj
[1968/2186] Building C object esp-idf/espressif__esp_lcd_touch_gt1151/CMakeFiles/__idf_espressif__esp_lcd_touch_gt1151.dir/esp_lcd_touch_gt1151.c.obj
[1969/2186] Linking C static library esp-idf/espressif__esp_mmap_assets/libespressif__esp_mmap_assets.a
[1970/2186] Linking C static library esp-idf/espressif__esp_cam_sensor/libespressif__esp_cam_sensor.a
[1971/2186] Linking C static library esp-idf/espressif__usb_host_uvc/libespressif__usb_host_uvc.a
[1972/2186] Building C object esp-idf/espressif__esp_lcd_touch_gt911/CMakeFiles/__idf_espressif__esp_lcd_touch_gt911.dir/esp_lcd_touch_gt911.c.obj
[1973/2186] Building C object esp-idf/espressif__esp_video/CMakeFiles/__idf_espressif__esp_video.dir/src/esp_video_buffer.c.obj
[1974/2186] Building C object esp-idf/espressif__esp_lvgl_port/CMakeFiles/lvgl_port_lib.dir/src/lvgl9/esp_lvgl_port.c.obj
[1975/2186] Building C object esp-idf/espressif__esp_video/CMakeFiles/__idf_espressif__esp_video.dir/src/esp_video_ioctl.c.obj
[1976/2186] Building C object esp-idf/espressif__esp_video/CMakeFiles/__idf_espressif__esp_video.dir/src/esp_video_mman.c.obj
[1977/2186] Building C object esp-idf/espressif__esp_lvgl_port/CMakeFiles/lvgl_port_lib.dir/src/lvgl9/esp_lvgl_port_touch.c.obj
[1978/2186] Building C object esp-idf/espressif__esp_lvgl_port/CMakeFiles/lvgl_port_lib.dir/src/lvgl9/esp_lvgl_port_knob.c.obj
[1979/2186] Building C object esp-idf/espressif__esp_lvgl_port/CMakeFiles/lvgl_port_lib.dir/src/lvgl9/esp_lvgl_port_button.c.obj
[1980/2186] Building C object esp-idf/espressif__esp_video/CMakeFiles/__idf_espressif__esp_video.dir/src/esp_video_vfs.c.obj
[1981/2186] Linking C static library esp-idf/espressif__iot_usbh_cdc/libespressif__iot_usbh_cdc.a
[1982/2186] Building C object esp-idf/espressif__esp_video/CMakeFiles/__idf_espressif__esp_video.dir/src/esp_video_init.c.obj
[1983/2186] Building C object esp-idf/espressif__esp_video/CMakeFiles/__idf_espressif__esp_video.dir/src/device/esp_video_dvp_device.c.obj
[1984/2186] Linking C static library esp-idf/espressif__knob/libespressif__knob.a
[1985/2186] Building C object esp-idf/espressif__iot_usbh_rndis/CMakeFiles/__idf_espressif__iot_usbh_rndis.dir/iot_usbh_rndis_descriptor.c.obj
[1986/2186] Linking C static library esp-idf/esp_driver_rmt/libesp_driver_rmt.a
[1987/2186] Building C object esp-idf/espressif__esp_video/CMakeFiles/__idf_espressif__esp_video.dir/src/esp_video_cam.c.obj
[1988/2186] Building C object esp-idf/espressif__esp_lvgl_port/CMakeFiles/lvgl_port_lib.dir/src/lvgl9/esp_lvgl_port_disp.c.obj
[1989/2186] Building C object esp-idf/espressif__led_strip/CMakeFiles/__idf_espressif__led_strip.dir/src/led_strip_api.c.obj
[1990/2186] Building C object esp-idf/espressif__led_strip/CMakeFiles/__idf_espressif__led_strip.dir/src/led_strip_rmt_encoder.c.obj
[1991/2186] Linking C static library esp-idf/espressif2022__esp_emote_gfx/libespressif2022__esp_emote_gfx.a
[1992/2186] Building C object esp-idf/espressif__led_strip/CMakeFiles/__idf_espressif__led_strip.dir/src/led_strip_rmt_dev.c.obj
[1993/2186] Building C object esp-idf/espressif__led_strip/CMakeFiles/__idf_espressif__led_strip.dir/src/led_strip_spi_dev.c.obj
[1994/2186] Building C object esp-idf/espressif__esp_video/CMakeFiles/__idf_espressif__esp_video.dir/src/device/esp_video_device_common.c.obj
[1995/2186] Building C object esp-idf/espressif__iot_usbh_rndis/CMakeFiles/__idf_espressif__iot_usbh_rndis.dir/iot_usbh_rndis.c.obj
[1996/2186] Building C object esp-idf/espressif2022__esp_emote_expression/CMakeFiles/__idf_espressif2022__esp_emote_expression.dir/src/default_assets/font_maison_neue_book_12.c.obj
[1997/2186] Building C object esp-idf/espressif2022__esp_emote_expression/CMakeFiles/__idf_espressif2022__esp_emote_expression.dir/src/default_assets/font_maison_neue_book_26.c.obj
[1998/2186] Building C object esp-idf/espressif2022__esp_emote_expression/CMakeFiles/__idf_espressif2022__esp_emote_expression.dir/src/emote_init.c.obj
[1999/2186] Building C object esp-idf/espressif2022__image_player/CMakeFiles/__idf_espressif2022__image_player.dir/anim_vfs.c.obj
[2000/2186] Building C object esp-idf/espressif2022__esp_emote_expression/CMakeFiles/__idf_espressif2022__esp_emote_expression.dir/src/default_assets/font_puhui_basic_20_4.c.obj
[2001/2186] Building C object esp-idf/espressif2022__image_player/CMakeFiles/__idf_espressif2022__image_player.dir/anim_dec.c.obj
[2002/2186] Building C object esp-idf/txp666__otto-emoji-gif-component/CMakeFiles/__idf_txp666__otto-emoji-gif-component.dir/src/otto_emoji_gif.c.obj
[2003/2186] Building C object esp-idf/espressif2022__image_player/CMakeFiles/__idf_espressif2022__image_player.dir/anim_player.c.obj
[2004/2186] Building C object esp-idf/espressif__esp_video/CMakeFiles/__idf_espressif__esp_video.dir/src/esp_video.c.obj
[2005/2186] Building C object esp-idf/tny-robotics__sh1106-esp-idf/CMakeFiles/__idf_tny-robotics__sh1106-esp-idf.dir/esp_lcd_panel_sh1106.c.obj
[2006/2186] Building C object esp-idf/waveshare__custom_io_expander_ch32v003/CMakeFiles/__idf_waveshare__custom_io_expander_ch32v003.dir/custom_io_expander_ch32v003.c.obj
[2007/2186] Building C object esp-idf/wvirgil123__sscma_client/CMakeFiles/__idf_wvirgil123__sscma_client.dir/src/sscma_client_io.c.obj
[2008/2186] Building C object esp-idf/waveshare__esp_lcd_touch_cst9217/CMakeFiles/__idf_waveshare__esp_lcd_touch_cst9217.dir/esp_lcd_touch_cst9217.c.obj
[2009/2186] Building C object esp-idf/waveshare__esp_lcd_sh8601/CMakeFiles/__idf_waveshare__esp_lcd_sh8601.dir/esp_lcd_sh8601.c.obj
[2010/2186] Building CXX object esp-idf/78__uart-eth-modem/CMakeFiles/__idf_78__uart-eth-modem.dir/src/uart_eth_modem.cc.obj
[2011/2186] Building C object esp-idf/espressif2022__esp_emote_expression/CMakeFiles/__idf_espressif2022__esp_emote_expression.dir/src/emote_op.c.obj
[2012/2186] Building C object esp-idf/wvirgil123__sscma_client/CMakeFiles/__idf_wvirgil123__sscma_client.dir/src/sscma_client_io_uart.c.obj
[2013/2186] Building C object esp-idf/wvirgil123__sscma_client/CMakeFiles/__idf_wvirgil123__sscma_client.dir/src/sscma_client_flasher.c.obj
[2014/2186] Building C object esp-idf/wvirgil123__sscma_client/CMakeFiles/__idf_wvirgil123__sscma_client.dir/src/sscma_client_io_i2c.c.obj
In file included from /Users/mac/ia-hardware/xiaozhi-esp32/managed_components/wvirgil123__sscma_client/src/sscma_client_io_i2c.c:14:
/Users/mac/esp/esp-idf/components/driver/i2c/include/driver/i2c.h:13:9: note: '#pragma message: 
================================ CRITICAL WARNING ================================
This legacy I2C driver (driver/i2c.h) is officially END-OF-LIFE (EOL) as of ESP-IDF v6.0.

1. NO SUPPORT: ESP-IDF will not provide updates, bug fixes, or security patches timely.
2. PLANNED REMOVAL: This driver WILL BE REMOVED in ESP-IDF v7.0 (next major release).
3. ACTION REQUIRED: Migrate to 'driver/i2c_master.h' or 'driver/i2c_slave.h' immediately.
   - If you are a library maintainer, please update your code.
   - If you are using 3rd-party libraries, contact the authors for updates.

4. SUPPRESS WARNING: Set Kconfig 'CONFIG_I2C_SUPPRESS_DEPRECATE_WARN=y' to silent
   this warning. However, by doing so, YOU ASSUME ALL RISKS including potential
   security vulnerabilities, system instability, and future incompatibility.

For API reference of the new I2C driver, see: https://docs.espressif.com/projects/esp-idf/en/latest/esp32/api-reference/peripherals/i2c.html
For other items about migration, see: https://docs.espressif.com/projects/esp-idf/en/latest/esp32/migration-guides/index.html
==================================================================================
   '
   13 | #pragma message("\n" \
      |         ^~~~~~~
[2015/2186] Building C object esp-idf/espressif2022__esp_emote_expression/CMakeFiles/__idf_espressif2022__esp_emote_expression.dir/src/emote_load.c.obj
[2016/2186] Linking C static library esp-idf/espressif__bq27220/libespressif__bq27220.a
[2017/2186] Building C object esp-idf/espressif2022__esp_emote_expression/CMakeFiles/__idf_espressif2022__esp_emote_expression.dir/src/emote_setup.c.obj
[2018/2186] Linking C static library esp-idf/esp_eth/libesp_eth.a
[2019/2186] Linking C static library esp-idf/esp_driver_tsens/libesp_driver_tsens.a
[2020/2186] Linking C static library esp-idf/fatfs/libfatfs.a
[2021/2186] Building C object esp-idf/wvirgil123__sscma_client/CMakeFiles/__idf_wvirgil123__sscma_client.dir/src/sscma_client_io_spi.c.obj
[2022/2186] Linking C static library esp-idf/console/libconsole.a
[2023/2186] Linking C static library esp-idf/78__xiaozhi-fonts/lib78__xiaozhi-fonts.a
[2024/2186] Linking C static library esp-idf/78__esp_lcd_nv3023/lib78__esp_lcd_nv3023.a
[2025/2186] Linking C static library esp-idf/78__uart-eth-modem/lib78__uart-eth-modem.a
[2026/2186] Linking C static library esp-idf/78__esp-wifi-connect/lib78__esp-wifi-connect.a
[2027/2186] Linking C static library esp-idf/esphome__esp-hub75/libesphome__esp-hub75.a
[2028/2186] Linking C static library esp-idf/78__esp-ml307/lib78__esp-ml307.a
[2029/2186] Linking C static library esp-idf/espressif__adc_battery_estimation/libespressif__adc_battery_estimation.a
[2030/2186] Building C object esp-idf/wvirgil123__sscma_client/CMakeFiles/__idf_wvirgil123__sscma_client.dir/src/sscma_client_flasher_we2_spi.c.obj
[2031/2186] Building C object esp-idf/wvirgil123__sscma_client/CMakeFiles/__idf_wvirgil123__sscma_client.dir/src/sscma_client_flasher_we2_uart.c.obj
[2032/2186] Linking C static library esp-idf/espressif__esp-sr/libespressif__esp-sr.a
[2033/2186] Linking C static library esp-idf/espressif__esp_audio_codec/libespressif__esp_audio_codec.a
[2034/2186] Linking C static library esp-idf/espressif__gmf_fft/libespressif__gmf_fft.a
[2035/2186] Linking C static library esp-idf/espressif__esp_io_expander_tca9554/libespressif__esp_io_expander_tca9554.a
[2036/2186] Linking C static library esp-idf/espressif__esp32-camera/libespressif__esp32-camera.a
[2037/2186] Linking C static library esp-idf/espressif__esp_io_expander_tca95xx_16bit/libespressif__esp_io_expander_tca95xx_16bit.a
[2038/2186] Linking C static library esp-idf/espressif__esp_lcd_axs15231b/libespressif__esp_lcd_axs15231b.a
[2039/2186] Linking C static library esp-idf/espressif__esp_codec_dev/libespressif__esp_codec_dev.a
[2040/2186] Linking C static library esp-idf/espressif__esp_lcd_co5300/libespressif__esp_lcd_co5300.a
[2041/2186] Linking C static library esp-idf/espressif__esp_lcd_gc9a01/libespressif__esp_lcd_gc9a01.a
[2042/2186] Linking C static library esp-idf/espressif__esp_lcd_ili9341/libespressif__esp_lcd_ili9341.a
[2043/2186] Linking C static library esp-idf/espressif__esp_lcd_st7701/libespressif__esp_lcd_st7701.a
[2044/2186] Linking C static library esp-idf/espressif__esp_lcd_spd2010/libespressif__esp_lcd_spd2010.a
[2045/2186] Linking C static library esp-idf/espressif__esp_lcd_panel_io_additions/libespressif__esp_lcd_panel_io_additions.a
[2046/2186] Linking C static library esp-idf/espressif__esp_lcd_st7796/libespressif__esp_lcd_st7796.a
[2047/2186] Linking C static library esp-idf/espressif__esp_lcd_st77916/libespressif__esp_lcd_st77916.a
[2048/2186] Linking C static library esp-idf/espressif__esp_lcd_touch_cst816s/libespressif__esp_lcd_touch_cst816s.a
[2049/2186] Linking C static library esp-idf/espressif__esp_lcd_touch_ft5x06/libespressif__esp_lcd_touch_ft5x06.a
[2050/2186] Linking C static library esp-idf/espressif__esp_lcd_touch_st7123/libespressif__esp_lcd_touch_st7123.a
[2051/2186] Linking C static library esp-idf/espressif__esp_lcd_touch_gt911/libespressif__esp_lcd_touch_gt911.a
[2052/2186] Linking C static library esp-idf/espressif__esp_lcd_touch_gt1151/libespressif__esp_lcd_touch_gt1151.a
[2053/2186] Linking CXX static library esp-idf/espressif__esp_lvgl_port/liblvgl_port_lib.a
[2054/2186] Linking C static library esp-idf/espressif__esp_video/libespressif__esp_video.a
[2055/2186] Linking C static library esp-idf/espressif__led_strip/libespressif__led_strip.a
[2056/2186] Linking C static library esp-idf/espressif__iot_usbh_rndis/libespressif__iot_usbh_rndis.a
[2057/2186] Linking C static library esp-idf/tny-robotics__sh1106-esp-idf/libtny-robotics__sh1106-esp-idf.a
[2058/2186] Linking C static library esp-idf/espressif2022__esp_emote_expression/libespressif2022__esp_emote_expression.a
[2059/2186] Linking C static library esp-idf/espressif2022__image_player/libespressif2022__image_player.a
[2060/2186] Linking C static library esp-idf/txp666__otto-emoji-gif-component/libtxp666__otto-emoji-gif-component.a
[2061/2186] Linking C static library esp-idf/waveshare__custom_io_expander_ch32v003/libwaveshare__custom_io_expander_ch32v003.a
[2062/2186] Linking C static library esp-idf/waveshare__esp_lcd_sh8601/libwaveshare__esp_lcd_sh8601.a
[2063/2186] Linking C static library esp-idf/waveshare__esp_lcd_touch_cst9217/libwaveshare__esp_lcd_touch_cst9217.a
[2064/2186] Building C object esp-idf/wvirgil123__sscma_client/CMakeFiles/__idf_wvirgil123__sscma_client.dir/src/sscma_client_ops.c.obj
[2065/2186] Linking C static library esp-idf/wvirgil123__sscma_client/libwvirgil123__sscma_client.a
[2066/2186] Building CXX object esp-idf/m5stack__m5ioe1/CMakeFiles/__idf_m5stack__m5ioe1.dir/src/M5IOE1.cpp.obj
[2067/2186] Linking C static library esp-idf/m5stack__m5ioe1/libm5stack__m5ioe1.a
[2068/2186] Building CXX object esp-idf/m5stack__m5pm1/CMakeFiles/__idf_m5stack__m5pm1.dir/src/M5PM1.cpp.obj
[2069/2186] Linking C static library esp-idf/m5stack__m5pm1/libm5stack__m5pm1.a
[2070/2186] Generating ../../0.ogg.S
[2071/2186] Generating ../../1.ogg.S
[2072/2186] Generating ../../2.ogg.S
[2073/2186] Generating ../../7.ogg.S
[2074/2186] Generating ../../8.ogg.S
[2075/2186] Generating ../../3.ogg.S
[2076/2186] Generating ../../4.ogg.S
[2077/2186] Generating ../../5.ogg.S
[2078/2186] Generating ../../6.ogg.S
[2079/2186] Generating ../../9.ogg.S
[2080/2186] Generating ../../upgrade.ogg.S
[2081/2186] Generating ../../err_pin.ogg.S
[2082/2186] Generating ../../welcome.ogg.S
[2083/2186] Generating ../../low_battery.ogg.S
[2084/2186] Generating ../../exclamation.ogg.S
[2085/2186] Generating ../../activation.ogg.S
[2086/2186] Generating ../../wificonfig.ogg.S
[2087/2186] Generating ../../err_reg.ogg.S
[2088/2186] Generating ../../popup.ogg.S
[2089/2186] Generating ../../success.ogg.S
[2090/2186] Generating ../../vibration.ogg.S
[2091/2186] Building CXX object esp-idf/main/CMakeFiles/__idf_main.dir/audio/audio_debugger.cc.obj
[2092/2186] Building CXX object esp-idf/main/CMakeFiles/__idf_main.dir/audio/demuxer/ogg_demuxer.cc.obj
[2093/2186] Building CXX object esp-idf/main/CMakeFiles/__idf_main.dir/audio/codecs/es8311_audio_codec.cc.obj
[2094/2186] Building CXX object esp-idf/main/CMakeFiles/__idf_main.dir/audio/codecs/es8388_audio_codec.cc.obj
[2095/2186] Building CXX object esp-idf/main/CMakeFiles/__idf_main.dir/audio/audio_codec.cc.obj
[2096/2186] Building CXX object esp-idf/main/CMakeFiles/__idf_main.dir/audio/codecs/es8374_audio_codec.cc.obj
[2097/2186] Building CXX object esp-idf/main/CMakeFiles/__idf_main.dir/audio/codecs/box_audio_codec.cc.obj
[2098/2186] Performing build step for 'bootloader'
[1/153] Building C object esp-idf/log/CMakeFiles/__idf_log.dir/src/util.c.obj
[2/153] Building C object esp-idf/log/CMakeFiles/__idf_log.dir/src/noos/log_lock.c.obj
[3/153] Building C object esp-idf/log/CMakeFiles/__idf_log.dir/src/noos/util.c.obj
[4/153] Building C object esp-idf/log/CMakeFiles/__idf_log.dir/src/log_print.c.obj
[5/153] Building C object esp-idf/log/CMakeFiles/__idf_log.dir/src/log_timestamp_common.c.obj
[6/153] Building C object esp-idf/esp_rom/CMakeFiles/__idf_esp_rom.dir/patches/esp_rom_sys.c.obj
[7/153] Building C object esp-idf/log/CMakeFiles/__idf_log.dir/src/log.c.obj
[8/153] Building C object esp-idf/log/CMakeFiles/__idf_log.dir/src/noos/log_timestamp.c.obj
[9/153] Building C object esp-idf/esp_rom/CMakeFiles/__idf_esp_rom.dir/patches/esp_rom_crc.c.obj
[10/153] Building C object esp-idf/log/CMakeFiles/__idf_log.dir/src/log_format_text.c.obj
[11/153] Building ASM object esp-idf/esp_rom/CMakeFiles/__idf_esp_rom.dir/patches/esp_rom_longjmp.S.obj
[12/153] Building C object esp-idf/esp_rom/CMakeFiles/__idf_esp_rom.dir/patches/esp_rom_efuse.c.obj
[13/153] Building C object esp-idf/esp_rom/CMakeFiles/__idf_esp_rom.dir/patches/esp_rom_gpio.c.obj
[14/153] Building C object esp-idf/esp_rom/CMakeFiles/__idf_esp_rom.dir/patches/esp_rom_serial_output.c.obj
[15/153] Building C object esp-idf/esp_rom/CMakeFiles/__idf_esp_rom.dir/patches/esp_rom_spiflash.c.obj
[16/153] Building C object esp-idf/esp_rom/CMakeFiles/__idf_esp_rom.dir/patches/esp_rom_systimer.c.obj
[17/153] Building ASM object esp-idf/esp_rom/CMakeFiles/__idf_esp_rom.dir/patches/esp_rom_cache_writeback_esp32s3.S.obj
[18/153] Building C object esp-idf/esp_common/CMakeFiles/__idf_esp_common.dir/src/esp_err_to_name.c.obj
[19/153] Building C object esp-idf/esp_hw_support/CMakeFiles/__idf_esp_hw_support.dir/port/esp32s3/cpu_region_protect.c.obj
[20/153] Building C object esp-idf/esp_hw_support/CMakeFiles/__idf_esp_hw_support.dir/esp_memory_utils.c.obj
[21/153] Building C object esp-idf/esp_hw_support/CMakeFiles/__idf_esp_hw_support.dir/port/esp32s3/esp_cpu_intr.c.obj
[22/153] Building C object esp-idf/esp_rom/CMakeFiles/__idf_esp_rom.dir/patches/esp_rom_cache_esp32s2_esp32s3.c.obj
[23/153] Building C object esp-idf/log/CMakeFiles/__idf_log.dir/src/buffer/log_buffers.c.obj
[24/153] Building C object esp-idf/esp_hw_support/CMakeFiles/__idf_esp_hw_support.dir/port/esp32s3/chip_info.c.obj
[25/153] Building C object esp-idf/esp_system/CMakeFiles/__idf_esp_system.dir/esp_err.c.obj
[26/153] Building C object esp-idf/esp_hw_support/CMakeFiles/__idf_esp_hw_support.dir/cpu.c.obj
[27/153] Building C object esp-idf/esp_hw_support/CMakeFiles/__idf_esp_hw_support.dir/port/esp32s3/rtc_clk_init.c.obj
[28/153] Linking C static library esp-idf/log/liblog.a
[29/153] Building C object esp-idf/efuse/CMakeFiles/__idf_efuse.dir/esp32s3/esp_efuse_fields.c.obj
[30/153] Building C object esp-idf/efuse/CMakeFiles/__idf_efuse.dir/esp32s3/esp_efuse_table.c.obj
[31/153] Building C object esp-idf/efuse/CMakeFiles/__idf_efuse.dir/esp32s3/esp_efuse_rtc_calib.c.obj
[32/153] Building C object esp-idf/esp_hw_support/CMakeFiles/__idf_esp_hw_support.dir/port/esp32s3/rtc_sleep.c.obj
[33/153] Building C object esp-idf/efuse/CMakeFiles/__idf_efuse.dir/esp32s3/esp_efuse_utility.c.obj
[34/153] Building C object esp-idf/efuse/CMakeFiles/__idf_efuse.dir/src/esp_efuse_fields.c.obj
[35/153] Building C object esp-idf/esp_hw_support/CMakeFiles/__idf_esp_hw_support.dir/port/esp32s3/rtc_time.c.obj
[36/153] Building C object esp-idf/esp_hw_support/CMakeFiles/__idf_esp_hw_support.dir/port/esp32s3/rtc_init.c.obj
[37/153] Building C object esp-idf/bootloader_support/CMakeFiles/__idf_bootloader_support.dir/src/bootloader_mem.c.obj
[38/153] Building C object esp-idf/efuse/CMakeFiles/__idf_efuse.dir/src/esp_efuse_api.c.obj
[39/153] Building C object esp-idf/bootloader_support/CMakeFiles/__idf_bootloader_support.dir/src/bootloader_clock_init.c.obj
[40/153] Building C object esp-idf/esp_rom/CMakeFiles/__idf_esp_rom.dir/patches/esp_rom_print.c.obj
[41/153] Building C object esp-idf/bootloader_support/CMakeFiles/__idf_bootloader_support.dir/src/bootloader_common.c.obj
[42/153] Building C object esp-idf/bootloader_support/CMakeFiles/__idf_bootloader_support.dir/src/bootloader_efuse.c.obj
[43/153] Building C object esp-idf/bootloader_support/CMakeFiles/__idf_bootloader_support.dir/src/bootloader_random.c.obj
[44/153] Building C object esp-idf/bootloader_support/CMakeFiles/__idf_bootloader_support.dir/src/secure_boot.c.obj
[45/153] Building C object esp-idf/bootloader_support/CMakeFiles/__idf_bootloader_support.dir/src/flash_encrypt.c.obj
[46/153] Building C object esp-idf/esp_hw_support/CMakeFiles/__idf_esp_hw_support.dir/port/esp32s3/rtc_clk.c.obj
[47/153] Linking C static library esp-idf/esp_rom/libesp_rom.a
[48/153] Building C object esp-idf/efuse/CMakeFiles/__idf_efuse.dir/src/esp_efuse_utility.c.obj
[49/153] Building C object esp-idf/bootloader_support/CMakeFiles/__idf_bootloader_support.dir/src/flash_partitions.c.obj
[50/153] Linking C static library esp-idf/esp_common/libesp_common.a
[51/153] Building C object esp-idf/bootloader_support/CMakeFiles/__idf_bootloader_support.dir/src/bootloader_random_esp32s3.c.obj
[52/153] Building C object esp-idf/bootloader_support/CMakeFiles/__idf_bootloader_support.dir/bootloader_flash/src/bootloader_flash_config_esp32s3.c.obj
[53/153] Building C object esp-idf/bootloader_support/CMakeFiles/__idf_bootloader_support.dir/src/bootloader_common_loader.c.obj
[54/153] Building C object esp-idf/bootloader_support/CMakeFiles/__idf_bootloader_support.dir/bootloader_flash/src/flash_qio_mode.c.obj
[55/153] Building C object esp-idf/bootloader_support/CMakeFiles/__idf_bootloader_support.dir/src/bootloader_sha.c.obj
[56/153] Building C object esp-idf/efuse/CMakeFiles/__idf_efuse.dir/src/efuse_controller/keys/with_key_purposes/esp_efuse_api_key.c.obj
[57/153] Linking C static library esp-idf/esp_hw_support/libesp_hw_support.a
[58/153] Building C object esp-idf/bootloader_support/CMakeFiles/__idf_bootloader_support.dir/src/bootloader_clock_loader.c.obj
[59/153] Building C object esp-idf/bootloader_support/CMakeFiles/__idf_bootloader_support.dir/src/bootloader_console_loader.c.obj
[60/153] Building C object esp-idf/bootloader_support/CMakeFiles/__idf_bootloader_support.dir/src/esp32s3/bootloader_soc.c.obj
[61/153] Building C object esp-idf/bootloader_support/CMakeFiles/__idf_bootloader_support.dir/src/bootloader_console.c.obj
[62/153] Linking C static library esp-idf/esp_system/libesp_system.a
[63/153] Building C object esp-idf/esp_security/CMakeFiles/__idf_esp_security.dir/src/esp_crypto_lock.c.obj
[64/153] Building C object esp-idf/bootloader_support/CMakeFiles/__idf_bootloader_support.dir/src/bootloader_panic.c.obj
[65/153] Building C object esp-idf/esp_hal_security/CMakeFiles/__idf_esp_hal_security.dir/mpu_hal.c.obj
[66/153] Building C object esp-idf/esp_hal_ana_conv/CMakeFiles/__idf_esp_hal_ana_conv.dir/esp32s3/adc_periph.c.obj
[67/153] Building C object esp-idf/esp_security/CMakeFiles/__idf_esp_security.dir/src/esp_crypto_periph_clk.c.obj
[68/153] Linking C static library esp-idf/efuse/libefuse.a
[69/153] Building C object esp-idf/bootloader_support/CMakeFiles/__idf_bootloader_support.dir/src/esp32s3/bootloader_esp32s3.c.obj
[70/153] Building C object esp-idf/bootloader_support/CMakeFiles/__idf_bootloader_support.dir/src/bootloader_init.c.obj
[71/153] Building C object esp-idf/esp_hal_ana_conv/CMakeFiles/__idf_esp_hal_ana_conv.dir/esp32s3/temperature_sensor_periph.c.obj
[72/153] Building C object esp-idf/esp_hal_ana_conv/CMakeFiles/__idf_esp_hal_ana_conv.dir/adc_oneshot_hal.c.obj
[73/153] Building C object esp-idf/esp_hal_uart/CMakeFiles/__idf_esp_hal_uart.dir/esp32s3/uart_periph.c.obj
[74/153] Building C object esp-idf/esp_hal_uart/CMakeFiles/__idf_esp_hal_uart.dir/uart_hal_iram.c.obj
[75/153] Building C object esp-idf/esp_hal_uart/CMakeFiles/__idf_esp_hal_uart.dir/uhci_hal.c.obj
[76/153] Building C object esp-idf/esp_hal_ana_conv/CMakeFiles/__idf_esp_hal_ana_conv.dir/temperature_sensor_hal.c.obj
[77/153] Building C object esp-idf/esp_hal_wdt/CMakeFiles/__idf_esp_hal_wdt.dir/esp32s3/mwdt_periph.c.obj
[78/153] Building C object esp-idf/esp_hal_uart/CMakeFiles/__idf_esp_hal_uart.dir/uart_hal.c.obj
[79/153] Building C object esp-idf/esp_hal_wdt/CMakeFiles/__idf_esp_hal_wdt.dir/rom_patch.c.obj
[80/153] Building C object esp-idf/esp_hal_wdt/CMakeFiles/__idf_esp_hal_wdt.dir/xt_wdt_hal.c.obj
[81/153] Building C object esp-idf/esp_hal_timg/CMakeFiles/__idf_esp_hal_timg.dir/timer_hal.c.obj
[82/153] Building C object esp-idf/bootloader_support/CMakeFiles/__idf_bootloader_support.dir/src/bootloader_utility.c.obj
[83/153] Building C object esp-idf/esp_hal_ana_conv/CMakeFiles/__idf_esp_hal_ana_conv.dir/adc_hal_common.c.obj
[84/153] Building C object esp-idf/esp_hal_timg/CMakeFiles/__idf_esp_hal_timg.dir/esp32s3/timer_periph.c.obj
[85/153] Building C object esp-idf/esp_bootloader_format/CMakeFiles/__idf_esp_bootloader_format.dir/esp_bootloader_desc.c.obj
[86/153] Building C object esp-idf/esp_hal_ana_conv/CMakeFiles/__idf_esp_hal_ana_conv.dir/adc_hal.c.obj
[87/153] Building C object esp-idf/bootloader_support/CMakeFiles/__idf_bootloader_support.dir/bootloader_flash/src/bootloader_flash.c.obj
[88/153] Building C object esp-idf/esp_hal_gpspi/CMakeFiles/__idf_esp_hal_gpspi.dir/esp32s3/spi_periph.c.obj
[89/153] Building C object esp-idf/esp_hal_clock/CMakeFiles/__idf_esp_hal_clock.dir/esp32s3/clk_tree_hal.c.obj
[90/153] Building C object esp-idf/spi_flash/CMakeFiles/__idf_spi_flash.dir/spi_flash_wrap.c.obj
[91/153] Building C object esp-idf/esp_hal_gpspi/CMakeFiles/__idf_esp_hal_gpspi.dir/spi_slave_hal.c.obj
[92/153] Building C object esp-idf/esp_hal_dma/CMakeFiles/__idf_esp_hal_dma.dir/gdma_hal_top.c.obj
[93/153] Building C object esp-idf/esp_hal_dma/CMakeFiles/__idf_esp_hal_dma.dir/esp32s3/gdma_periph.c.obj
[94/153] Building C object esp-idf/esp_hal_gpspi/CMakeFiles/__idf_esp_hal_gpspi.dir/spi_hal.c.obj
[95/153] Building C object esp-idf/esp_hal_pmu/CMakeFiles/__idf_esp_hal_pmu.dir/brownout_hal.c.obj
[96/153] Building C object esp-idf/esp_hal_pmu/CMakeFiles/__idf_esp_hal_pmu.dir/esp32s3/rtc_cntl_hal.c.obj
[97/153] Building C object esp-idf/esp_hal_usb/CMakeFiles/__idf_esp_hal_usb.dir/esp32s3/usb_dwc_periph.c.obj
[98/153] Building C object esp-idf/esp_hal_gpspi/CMakeFiles/__idf_esp_hal_gpspi.dir/spi_slave_hal_iram.c.obj
[99/153] Building C object esp-idf/esp_hal_usb/CMakeFiles/__idf_esp_hal_usb.dir/usb_wrap_hal.c.obj
[100/153] Building C object esp-idf/esp_hal_dma/CMakeFiles/__idf_esp_hal_dma.dir/gdma_hal_ahb_v1.c.obj
[101/153] Building C object esp-idf/esp_hal_usb/CMakeFiles/__idf_esp_hal_usb.dir/usb_serial_jtag_hal.c.obj
[102/153] Building C object esp-idf/esp_hal_gpio/CMakeFiles/__idf_esp_hal_gpio.dir/esp32s3/rtc_io_periph.c.obj
[103/153] Building C object esp-idf/esp_hal_gpio/CMakeFiles/__idf_esp_hal_gpio.dir/gpio_hal.c.obj
[104/153] Building C object esp-idf/esp_hal_gpio/CMakeFiles/__idf_esp_hal_gpio.dir/esp32s3/dedic_gpio_periph.c.obj
[105/153] Building C object esp-idf/bootloader_support/CMakeFiles/__idf_bootloader_support.dir/src/esp_image_format.c.obj
[106/153] Building C object esp-idf/esp_hal_gpio/CMakeFiles/__idf_esp_hal_gpio.dir/rtc_io_hal.c.obj
[107/153] Building C object esp-idf/esp_hal_gpio/CMakeFiles/__idf_esp_hal_gpio.dir/esp32s3/sdm_periph.c.obj
[108/153] Building C object esp-idf/esp_hal_gpio/CMakeFiles/__idf_esp_hal_gpio.dir/sdm_hal.c.obj
[109/153] Building C object esp-idf/hal/CMakeFiles/__idf_hal.dir/efuse_hal.c.obj
[110/153] Linking C static library esp-idf/bootloader_support/libbootloader_support.a
[111/153] Building C object esp-idf/hal/CMakeFiles/__idf_hal.dir/hal_utils.c.obj
[112/153] Building C object esp-idf/hal/CMakeFiles/__idf_hal.dir/esp32s3/efuse_hal.c.obj
[113/153] Building C object esp-idf/soc/CMakeFiles/__idf_soc.dir/lldesc.c.obj
[114/153] Linking C static library esp-idf/esp_security/libesp_security.a
[115/153] Building C object esp-idf/soc/CMakeFiles/__idf_soc.dir/dport_access_common.c.obj
[116/153] Building C object esp-idf/hal/CMakeFiles/__idf_hal.dir/mmu_hal.c.obj
[117/153] Building C object esp-idf/soc/CMakeFiles/__idf_soc.dir/esp32s3/interrupts.c.obj
[118/153] Building C object esp-idf/hal/CMakeFiles/__idf_hal.dir/cache_hal.c.obj
[119/153] Building C object esp-idf/soc/CMakeFiles/__idf_soc.dir/esp32s3/gpio_periph.c.obj
[120/153] Building C object esp-idf/esp_hal_usb/CMakeFiles/__idf_esp_hal_usb.dir/usb_dwc_hal.c.obj
[121/153] Building C object esp-idf/soc/CMakeFiles/__idf_soc.dir/esp32s3/mpi_periph.c.obj
[122/153] Building C object esp-idf/soc/CMakeFiles/__idf_soc.dir/esp32s3/power_supply_periph.c.obj
[123/153] Preprocessing linker script /Users/mac/esp/esp-idf/components/bootloader/subproject/main/ld/esp32s3/bootloader.sections.ld.in -> /Users/mac/ia-hardware/xiaozhi-esp32/build/bootloader/ld/bootloader.sections.ld
[124/153] Preprocessing linker script /Users/mac/esp/esp-idf/components/bootloader/subproject/main/ld/esp32s3/bootloader.memory.ld.in -> /Users/mac/ia-hardware/xiaozhi-esp32/build/bootloader/ld/bootloader.memory.ld
[125/153] Linking C static library esp-idf/esp_hal_security/libesp_hal_security.a
[126/153] Generating project_elf_src_esp32s3.c
[127/153] Building C object esp-idf/esp_hal_gpspi/CMakeFiles/__idf_esp_hal_gpspi.dir/spi_slave_hd_hal.c.obj
[128/153] Building C object esp-idf/xtensa/CMakeFiles/__idf_xtensa.dir/eri.c.obj
[129/153] Building C object CMakeFiles/bootloader.elf.dir/project_elf_src_esp32s3.c.obj
[130/153] Building C object esp-idf/esp_hal_gpspi/CMakeFiles/__idf_esp_hal_gpspi.dir/spi_hal_iram.c.obj
[131/153] Building C object esp-idf/xtensa/CMakeFiles/__idf_xtensa.dir/xt_trax.c.obj
[132/153] Linking C static library esp-idf/esp_hal_ana_conv/libesp_hal_ana_conv.a
[133/153] Building C object esp-idf/main/CMakeFiles/__idf_main.dir/bootloader_start.c.obj
[134/153] Linking C static library esp-idf/esp_hal_uart/libesp_hal_uart.a
[135/153] Linking C static library esp-idf/esp_hal_wdt/libesp_hal_wdt.a
[136/153] Linking C static library esp-idf/esp_hal_timg/libesp_hal_timg.a
[137/153] Building C object esp-idf/micro-ecc/CMakeFiles/__idf_micro-ecc.dir/uECC_verify_antifault.c.obj
[138/153] Linking C static library esp-idf/micro-ecc/libmicro-ecc.a
[139/153] Linking C static library esp-idf/esp_bootloader_format/libesp_bootloader_format.a
[140/153] Linking C static library esp-idf/spi_flash/libspi_flash.a
[141/153] Linking C static library esp-idf/esp_hal_clock/libesp_hal_clock.a
[142/153] Linking C static library esp-idf/esp_hal_gpspi/libesp_hal_gpspi.a
[143/153] Linking C static library esp-idf/esp_hal_dma/libesp_hal_dma.a
[144/153] Linking C static library esp-idf/esp_hal_pmu/libesp_hal_pmu.a
[145/153] Linking C static library esp-idf/esp_hal_usb/libesp_hal_usb.a
[146/153] Linking C static library esp-idf/esp_hal_gpio/libesp_hal_gpio.a
[147/153] Linking C static library esp-idf/hal/libhal.a
[148/153] Linking C static library esp-idf/soc/libsoc.a
[149/153] Linking C static library esp-idf/xtensa/libxtensa.a
[150/153] Linking C static library esp-idf/main/libmain.a
[151/153] Linking C executable bootloader.elf
[152/153] Generating binary image from built executable
esptool v5.3.1
Creating ESP32-S3 image...
Merged 2 ELF sections.
Successfully created ESP32-S3 image.
Generated /Users/mac/ia-hardware/xiaozhi-esp32/build/bootloader/bootloader.bin
[153/153] cd /Users/mac/ia-hardware/xiaozhi-esp32/build/bootloader && /Users/mac/.espressif/python_env/idf6.0_py3.12_env/bin/python /Users/mac/esp/esp-idf/components/partition_table/check_sizes.py --offset 0x8000 bootloader 0x0 /Users/mac/ia-hardware/xiaozhi-esp32/build/bootloader/bootloader.bin
Bootloader binary size 0x4120 bytes. 0x3ee0 bytes (49%) free.
[2099/2186] Building CXX object esp-idf/main/CMakeFiles/__idf_main.dir/display/text_glyph.cc.obj
[2100/2186] Building CXX object esp-idf/main/CMakeFiles/__idf_main.dir/audio/codecs/es8389_audio_codec.cc.obj
[2101/2186] Building CXX object esp-idf/main/CMakeFiles/__idf_main.dir/audio/codecs/no_audio_codec.cc.obj
[2102/2186] Building CXX object esp-idf/main/CMakeFiles/__idf_main.dir/audio/codecs/dummy_audio_codec.cc.obj
[2103/2186] Building CXX object esp-idf/main/CMakeFiles/__idf_main.dir/display/lvgl_display/emoji_collection.cc.obj
[2104/2186] Building CXX object esp-idf/main/CMakeFiles/__idf_main.dir/led/gpio_led.cc.obj
[2105/2186] Building CXX object esp-idf/main/CMakeFiles/__idf_main.dir/led/single_led.cc.obj
[2106/2186] Building CXX object esp-idf/main/CMakeFiles/__idf_main.dir/audio/audio_service.cc.obj
[2107/2186] Building CXX object esp-idf/main/CMakeFiles/__idf_main.dir/display/lvgl_display/lvgl_font.cc.obj
[2108/2186] Building CXX object esp-idf/main/CMakeFiles/__idf_main.dir/display/display.cc.obj
[2109/2186] Building CXX object esp-idf/main/CMakeFiles/__idf_main.dir/led/circular_strip.cc.obj
[2110/2186] Building CXX object esp-idf/main/CMakeFiles/__idf_main.dir/display/lvgl_display/jpg/image_to_jpeg.cpp.obj
[2111/2186] Building CXX object esp-idf/main/CMakeFiles/__idf_main.dir/display/oled_display.cc.obj
[2112/2186] Building C object esp-idf/main/CMakeFiles/__idf_main.dir/display/lvgl_display/jpg/jpeg_to_image.c.obj
[2113/2186] Building CXX object esp-idf/main/CMakeFiles/__idf_main.dir/display/emote_display.cc.obj
[2114/2186] Building C object esp-idf/main/CMakeFiles/__idf_main.dir/display/lvgl_display/gif/gifdec.c.obj
[2115/2186] Building CXX object esp-idf/main/CMakeFiles/__idf_main.dir/display/lvgl_display/lvgl_image.cc.obj
[2116/2186] Building CXX object esp-idf/main/CMakeFiles/__idf_main.dir/display/lcd_display.cc.obj
[2117/2186] Building CXX object esp-idf/main/CMakeFiles/__idf_main.dir/display/lvgl_display/lvgl_display.cc.obj
[2118/2186] Building CXX object esp-idf/main/CMakeFiles/__idf_main.dir/display/lvgl_display/gif/lvgl_gif.cc.obj
[2119/2186] Building CXX object esp-idf/main/CMakeFiles/__idf_main.dir/system_info.cc.obj
[2120/2186] Building CXX object esp-idf/main/CMakeFiles/__idf_main.dir/display/lvgl_display/lvgl_theme.cc.obj
[2121/2186] Building CXX object esp-idf/main/CMakeFiles/__idf_main.dir/protocols/text_glyph_payload.cc.obj
[2122/2186] Building CXX object esp-idf/main/CMakeFiles/__idf_main.dir/settings.cc.obj
[2123/2186] Building CXX object esp-idf/main/CMakeFiles/__idf_main.dir/protocols/protocol.cc.obj
[2124/2186] Building CXX object esp-idf/main/CMakeFiles/__idf_main.dir/display/lvgl_display/dynamic_glyph_cache.cc.obj
[2125/2186] Building CXX object esp-idf/main/CMakeFiles/__idf_main.dir/device_state_machine.cc.obj
[2126/2186] Building CXX object esp-idf/main/CMakeFiles/__idf_main.dir/protocols/websocket_protocol.cc.obj
[2127/2186] Building CXX object esp-idf/main/CMakeFiles/__idf_main.dir/protocols/mqtt_protocol.cc.obj
[2128/2186] Building CXX object esp-idf/main/CMakeFiles/__idf_main.dir/ota.cc.obj
[2129/2186] Building CXX object esp-idf/main/CMakeFiles/__idf_main.dir/main.cc.obj
[2130/2186] Building CXX object esp-idf/main/CMakeFiles/__idf_main.dir/boards/common/adc_battery_monitor.cc.obj
[2131/2186] Building CXX object esp-idf/main/CMakeFiles/__idf_main.dir/boards/common/board.cc.obj
[2132/2186] Building CXX object esp-idf/main/CMakeFiles/__idf_main.dir/assets.cc.obj
[2133/2186] Building CXX object esp-idf/main/CMakeFiles/__idf_main.dir/mcp_server.cc.obj
[2134/2186] Building CXX object esp-idf/main/CMakeFiles/__idf_main.dir/application.cc.obj
[2135/2186] Building CXX object esp-idf/main/CMakeFiles/__idf_main.dir/boards/common/i2c_device.cc.obj
[2136/2186] Building CXX object esp-idf/main/CMakeFiles/__idf_main.dir/boards/common/ml307_board.cc.obj
[2137/2186] Building CXX object esp-idf/main/CMakeFiles/__idf_main.dir/boards/common/wifi_board.cc.obj
[2138/2186] Building CXX object esp-idf/main/CMakeFiles/__idf_main.dir/boards/common/button.cc.obj
[2139/2186] Building CXX object esp-idf/main/CMakeFiles/__idf_main.dir/boards/common/knob.cc.obj
[2140/2186] Building CXX object esp-idf/main/CMakeFiles/__idf_main.dir/boards/common/backlight.cc.obj
[2141/2186] Building CXX object esp-idf/main/CMakeFiles/__idf_main.dir/boards/common/system_reset.cc.obj
[2142/2186] Building CXX object esp-idf/main/CMakeFiles/__idf_main.dir/boards/common/nt26_board.cc.obj
[2143/2186] Building CXX object esp-idf/main/CMakeFiles/__idf_main.dir/boards/common/axp2101.cc.obj
[2144/2186] Building CXX object esp-idf/main/CMakeFiles/__idf_main.dir/boards/common/dual_network_board.cc.obj
[2145/2186] Building CXX object esp-idf/main/CMakeFiles/__idf_main.dir/audio/wake_words/wake_word_audio_cache.cc.obj
[2146/2186] Building CXX object esp-idf/main/CMakeFiles/__idf_main.dir/boards/common/press_to_talk_mcp_tool.cc.obj
[2147/2186] Building CXX object esp-idf/main/CMakeFiles/__idf_main.dir/boards/common/power_save_timer.cc.obj
[2148/2186] Building ASM object esp-idf/main/CMakeFiles/__idf_main.dir/__/__/0.ogg.S.obj
[2149/2186] Building CXX object esp-idf/main/CMakeFiles/__idf_main.dir/boards/common/sy6970.cc.obj
[2150/2186] Building ASM object esp-idf/main/CMakeFiles/__idf_main.dir/__/__/1.ogg.S.obj
[2151/2186] Building ASM object esp-idf/main/CMakeFiles/__idf_main.dir/__/__/2.ogg.S.obj
[2152/2186] Building CXX object esp-idf/main/CMakeFiles/__idf_main.dir/boards/common/afsk_demod.cc.obj
[2153/2186] Building ASM object esp-idf/main/CMakeFiles/__idf_main.dir/__/__/3.ogg.S.obj
[2154/2186] Building ASM object esp-idf/main/CMakeFiles/__idf_main.dir/__/__/4.ogg.S.obj
[2155/2186] Building ASM object esp-idf/main/CMakeFiles/__idf_main.dir/__/__/6.ogg.S.obj
[2156/2186] Building ASM object esp-idf/main/CMakeFiles/__idf_main.dir/__/__/5.ogg.S.obj
[2157/2186] Building ASM object esp-idf/main/CMakeFiles/__idf_main.dir/__/__/7.ogg.S.obj
[2158/2186] Building ASM object esp-idf/main/CMakeFiles/__idf_main.dir/__/__/9.ogg.S.obj
[2159/2186] Building ASM object esp-idf/main/CMakeFiles/__idf_main.dir/__/__/8.ogg.S.obj
[2160/2186] Building ASM object esp-idf/main/CMakeFiles/__idf_main.dir/__/__/activation.ogg.S.obj
[2161/2186] Building ASM object esp-idf/main/CMakeFiles/__idf_main.dir/__/__/err_pin.ogg.S.obj
[2162/2186] Building ASM object esp-idf/main/CMakeFiles/__idf_main.dir/__/__/upgrade.ogg.S.obj
[2163/2186] Building ASM object esp-idf/main/CMakeFiles/__idf_main.dir/__/__/err_reg.ogg.S.obj
[2164/2186] Building ASM object esp-idf/main/CMakeFiles/__idf_main.dir/__/__/welcome.ogg.S.obj
[2165/2186] Building ASM object esp-idf/main/CMakeFiles/__idf_main.dir/__/__/wificonfig.ogg.S.obj
[2166/2186] Building ASM object esp-idf/main/CMakeFiles/__idf_main.dir/__/__/exclamation.ogg.S.obj
[2167/2186] Building ASM object esp-idf/main/CMakeFiles/__idf_main.dir/__/__/low_battery.ogg.S.obj
[2168/2186] Building ASM object esp-idf/main/CMakeFiles/__idf_main.dir/__/__/popup.ogg.S.obj
[2169/2186] Building ASM object esp-idf/main/CMakeFiles/__idf_main.dir/__/__/success.ogg.S.obj
[2170/2186] No install step for 'bootloader'
[2171/2186] Building CXX object esp-idf/main/CMakeFiles/__idf_main.dir/boards/common/sleep_timer.cc.obj
[2172/2186] Building ASM object esp-idf/main/CMakeFiles/__idf_main.dir/__/__/vibration.ogg.S.obj
[2173/2186] Completed 'bootloader'
[2174/2186] Building CXX object esp-idf/main/CMakeFiles/__idf_main.dir/audio/wake_words/custom_wake_word.cc.obj
[2175/2186] Building CXX object esp-idf/main/CMakeFiles/__idf_main.dir/boards/waveshare/esp32-s3-touch-lcd-1.54/esp32-s3-touch-lcd-1.54.cc.obj
[2176/2186] Building CXX object esp-idf/main/CMakeFiles/__idf_main.dir/audio/engines/afe_audio_engine.cc.obj
[2177/2186] Building CXX object esp-idf/main/CMakeFiles/__idf_main.dir/boards/common/esp_video.cc.obj
[2178/2186] Building CXX object esp-idf/main/CMakeFiles/__idf_main.dir/boards/common/rndis_board.cc.obj
[2179/2186] Building CXX object esp-idf/main/CMakeFiles/__idf_main.dir/boards/common/esp32_camera.cc.obj
[2180/2186] Linking C static library esp-idf/main/libmain.a
[2181/2186] Generating esp-idf/esp_system/ld/sections.ld
NOTE: 
/Users/mac/ia-hardware/xiaozhi-esp32/managed_components/espressif__esp-sr/Kconfi
g.projbuild:58: SR_WN_WN9S_HILEXIN: 'default False' is not a valid bool value 
(only 'y' and 'n' are allowed). Value is treated as 'n'.
NOTE: 
/Users/mac/ia-hardware/xiaozhi-esp32/managed_components/espressif__esp-sr/Kconfi
g.projbuild:62: SR_WN_WN9S_HIESP: 'default False' is not a valid bool value 
(only 'y' and 'n' are allowed). Value is treated as 'n'.
NOTE: 
/Users/mac/ia-hardware/xiaozhi-esp32/managed_components/espressif__esp-sr/Kconfi
g.projbuild:66: SR_WN_WN9S_NIHAOXIAOZHI: 'default False' is not a valid bool 
value (only 'y' and 'n' are allowed). Value is treated as 'n'.
NOTE: 
/Users/mac/ia-hardware/xiaozhi-esp32/managed_components/espressif__esp-sr/Kconfi
g.projbuild:70: SR_WN_WN9S_HIJASON: 'default False' is not a valid bool value 
(only 'y' and 'n' are allowed). Value is treated as 'n'.
NOTE: 
/Users/mac/ia-hardware/xiaozhi-esp32/managed_components/espressif__esp-sr/Kconfi
g.projbuild:79: SR_WN_WN9_HILEXIN: 'default False' is not a valid bool value 
(only 'y' and 'n' are allowed). Value is treated as 'n'.
NOTE: 
/Users/mac/ia-hardware/xiaozhi-esp32/managed_components/espressif__esp-sr/Kconfi
g.projbuild:83: SR_WN_WN9_HIESP: 'default False' is not a valid bool value (only
'y' and 'n' are allowed). Value is treated as 'n'.
NOTE: 
/Users/mac/ia-hardware/xiaozhi-esp32/managed_components/espressif__esp-sr/Kconfi
g.projbuild:87: SR_WN_WN9L_JA_KONNICHIHAESP_TTS3: 'default False' is not a valid
bool value (only 'y' and 'n' are allowed). Value is treated as 'n'.
NOTE: 
/Users/mac/ia-hardware/xiaozhi-esp32/managed_components/espressif__esp-sr/Kconfi
g.projbuild:91: SR_WN_WN9L_FR_BONJOURESP_TTS3: 'default False' is not a valid 
bool value (only 'y' and 'n' are allowed). Value is treated as 'n'.
NOTE: 
/Users/mac/ia-hardware/xiaozhi-esp32/managed_components/espressif__esp-sr/Kconfi
g.projbuild:95: SR_WN_WN9_NIHAOMIAOBAN_TTS2: 'default False' is not a valid bool
value (only 'y' and 'n' are allowed). Value is treated as 'n'.
NOTE: 
/Users/mac/ia-hardware/xiaozhi-esp32/managed_components/espressif__esp-sr/Kconfi
g.projbuild:99: SR_WN_WN9_XIAOAITONGXUE: 'default False' is not a valid bool 
value (only 'y' and 'n' are allowed). Value is treated as 'n'.
NOTE: 
/Users/mac/ia-hardware/xiaozhi-esp32/managed_components/espressif__esp-sr/Kconfi
g.projbuild:103: SR_WN_WN9L_XIAOAITONGXUE: 'default False' is not a valid bool 
value (only 'y' and 'n' are allowed). Value is treated as 'n'.
NOTE: 
/Users/mac/ia-hardware/xiaozhi-esp32/managed_components/espressif__esp-sr/Kconfi
g.projbuild:107: SR_WN_WN9_NIHAOXIAOZHI_TTS: 'default False' is not a valid bool
value (only 'y' and 'n' are allowed). Value is treated as 'n'.
NOTE: 
/Users/mac/ia-hardware/xiaozhi-esp32/managed_components/espressif__esp-sr/Kconfi
g.projbuild:111: SR_WN_WN9L_NIHAOXIAOZHI_TTS3: 'default False' is not a valid 
bool value (only 'y' and 'n' are allowed). Value is treated as 'n'.
NOTE: 
/Users/mac/ia-hardware/xiaozhi-esp32/managed_components/espressif__esp-sr/Kconfi
g.projbuild:115: SR_WN_WN9_ALEXA: 'default False' is not a valid bool value 
(only 'y' and 'n' are allowed). Value is treated as 'n'.
NOTE: 
/Users/mac/ia-hardware/xiaozhi-esp32/managed_components/espressif__esp-sr/Kconfi
g.projbuild:119: SR_WN_WN9_JARVIS_TTS: 'default False' is not a valid bool value
(only 'y' and 'n' are allowed). Value is treated as 'n'.
NOTE: 
/Users/mac/ia-hardware/xiaozhi-esp32/managed_components/espressif__esp-sr/Kconfi
g.projbuild:123: SR_WN_WN9_COMPUTER_TTS: 'default False' is not a valid bool 
value (only 'y' and 'n' are allowed). Value is treated as 'n'.
NOTE: 
/Users/mac/ia-hardware/xiaozhi-esp32/managed_components/espressif__esp-sr/Kconfi
g.projbuild:127: SR_WN_WN9_HEYWILLOW_TTS: 'default False' is not a valid bool 
value (only 'y' and 'n' are allowed). Value is treated as 'n'.
NOTE: 
/Users/mac/ia-hardware/xiaozhi-esp32/managed_components/espressif__esp-sr/Kconfi
g.projbuild:131: SR_WN_WN9_HIMFIVE: 'default False' is not a valid bool value 
(only 'y' and 'n' are allowed). Value is treated as 'n'.
NOTE: 
/Users/mac/ia-hardware/xiaozhi-esp32/managed_components/espressif__esp-sr/Kconfi
g.projbuild:135: SR_WN_WN9_SOPHIA_TTS: 'default False' is not a valid bool value
(only 'y' and 'n' are allowed). Value is treated as 'n'.
NOTE: 
/Users/mac/ia-hardware/xiaozhi-esp32/managed_components/espressif__esp-sr/Kconfi
g.projbuild:139: SR_WN_WN9_HEYWANDA_TTS: 'default False' is not a valid bool 
value (only 'y' and 'n' are allowed). Value is treated as 'n'.
NOTE: 
/Users/mac/ia-hardware/xiaozhi-esp32/managed_components/espressif__esp-sr/Kconfi
g.projbuild:143: SR_WN_WN9_HIJOLLY_TTS2: 'default False' is not a valid bool 
value (only 'y' and 'n' are allowed). Value is treated as 'n'.
NOTE: 
/Users/mac/ia-hardware/xiaozhi-esp32/managed_components/espressif__esp-sr/Kconfi
g.projbuild:147: SR_WN_WN9_HIFAIRY_TTS2: 'default False' is not a valid bool 
value (only 'y' and 'n' are allowed). Value is treated as 'n'.
NOTE: 
/Users/mac/ia-hardware/xiaozhi-esp32/managed_components/espressif__esp-sr/Kconfi
g.projbuild:151: SR_WN_WN9_HEYPRINTER_TTS: 'default False' is not a valid bool 
value (only 'y' and 'n' are allowed). Value is treated as 'n'.
NOTE: 
/Users/mac/ia-hardware/xiaozhi-esp32/managed_components/espressif__esp-sr/Kconfi
g.projbuild:155: SR_WN_WN9_MYCROFT_TTS: 'default False' is not a valid bool 
value (only 'y' and 'n' are allowed). Value is treated as 'n'.
NOTE: 
/Users/mac/ia-hardware/xiaozhi-esp32/managed_components/espressif__esp-sr/Kconfi
g.projbuild:159: SR_WN_WN9_HIJOY_TTS: 'default False' is not a valid bool value 
(only 'y' and 'n' are allowed). Value is treated as 'n'.
NOTE: 
/Users/mac/ia-hardware/xiaozhi-esp32/managed_components/espressif__esp-sr/Kconfi
g.projbuild:163: SR_WN_WN9_HIJASON_TTS2: 'default False' is not a valid bool 
value (only 'y' and 'n' are allowed). Value is treated as 'n'.
NOTE: 
/Users/mac/ia-hardware/xiaozhi-esp32/managed_components/espressif__esp-sr/Kconfi
g.projbuild:167: SR_WN_WN9_ASTROLABE_TTS: 'default False' is not a valid bool 
value (only 'y' and 'n' are allowed). Value is treated as 'n'.
NOTE: 
/Users/mac/ia-hardware/xiaozhi-esp32/managed_components/espressif__esp-sr/Kconfi
g.projbuild:171: SR_WN_WN9_HEYILY_TTS2: 'default False' is not a valid bool 
value (only 'y' and 'n' are allowed). Value is treated as 'n'.
NOTE: 
/Users/mac/ia-hardware/xiaozhi-esp32/managed_components/espressif__esp-sr/Kconfi
g.projbuild:175: SR_WN_WN9_BLUECHIP_TTS2: 'default False' is not a valid bool 
value (only 'y' and 'n' are allowed). Value is treated as 'n'.
NOTE: 
/Users/mac/ia-hardware/xiaozhi-esp32/managed_components/espressif__esp-sr/Kconfi
g.projbuild:179: SR_WN_WN9_HIANDY_TTS2: 'default False' is not a valid bool 
value (only 'y' and 'n' are allowed). Value is treated as 'n'.
NOTE: 
/Users/mac/ia-hardware/xiaozhi-esp32/managed_components/espressif__esp-sr/Kconfi
g.projbuild:183: SR_WN_WN9_HEYIVY_TTS2: 'default False' is not a valid bool 
value (only 'y' and 'n' are allowed). Value is treated as 'n'.
NOTE: 
/Users/mac/ia-hardware/xiaozhi-esp32/managed_components/espressif__esp-sr/Kconfi
g.projbuild:187: SR_WN_WN9L_HISTACKCHAN_TTS3: 'default False' is not a valid 
bool value (only 'y' and 'n' are allowed). Value is treated as 'n'.
NOTE: 
/Users/mac/ia-hardware/xiaozhi-esp32/managed_components/espressif__esp-sr/Kconfi
g.projbuild:191: SR_WN_WN9_HEYKIRA_TTS3: 'default False' is not a valid bool 
value (only 'y' and 'n' are allowed). Value is treated as 'n'.
NOTE: 
/Users/mac/ia-hardware/xiaozhi-esp32/managed_components/espressif__esp-sr/Kconfi
g.projbuild:195: SR_WN_WN9L_HEYGIGI_TTS3: 'default False' is not a valid bool 
value (only 'y' and 'n' are allowed). Value is treated as 'n'.
NOTE: 
/Users/mac/ia-hardware/xiaozhi-esp32/managed_components/espressif__esp-sr/Kconfi
g.projbuild:199: SR_WN_WN9_XIAOLONGXIAOLONG_TTS: 'default False' is not a valid 
bool value (only 'y' and 'n' are allowed). Value is treated as 'n'.
NOTE: 
/Users/mac/ia-hardware/xiaozhi-esp32/managed_components/espressif__esp-sr/Kconfi
g.projbuild:203: SR_WN_WN9_HIMIAOMIAO_TTS: 'default False' is not a valid bool 
value (only 'y' and 'n' are allowed). Value is treated as 'n'.
NOTE: 
/Users/mac/ia-hardware/xiaozhi-esp32/managed_components/espressif__esp-sr/Kconfi
g.projbuild:207: SR_WN_WN9_MIAOMIAOTONGXUE_TTS: 'default False' is not a valid 
bool value (only 'y' and 'n' are allowed). Value is treated as 'n'.
NOTE: 
/Users/mac/ia-hardware/xiaozhi-esp32/managed_components/espressif__esp-sr/Kconfi
g.projbuild:211: SR_WN_WN9_NIHAOXIAOXIN_TTS: 'default False' is not a valid bool
value (only 'y' and 'n' are allowed). Value is treated as 'n'.
NOTE: 
/Users/mac/ia-hardware/xiaozhi-esp32/managed_components/espressif__esp-sr/Kconfi
g.projbuild:215: SR_WN_WN9_XIAOMEITONGXUE_TTS: 'default False' is not a valid 
bool value (only 'y' and 'n' are allowed). Value is treated as 'n'.
NOTE: 
/Users/mac/ia-hardware/xiaozhi-esp32/managed_components/espressif__esp-sr/Kconfi
g.projbuild:219: SR_WN_WN9_HILILI_TTS: 'default False' is not a valid bool value
(only 'y' and 'n' are allowed). Value is treated as 'n'.
NOTE: 
/Users/mac/ia-hardware/xiaozhi-esp32/managed_components/espressif__esp-sr/Kconfi
g.projbuild:223: SR_WN_WN9_HITELLY_TTS: 'default False' is not a valid bool 
value (only 'y' and 'n' are allowed). Value is treated as 'n'.
NOTE: 
/Users/mac/ia-hardware/xiaozhi-esp32/managed_components/espressif__esp-sr/Kconfi
g.projbuild:227: SR_WN_WN9_XIAOBINXIAOBIN_TTS: 'default False' is not a valid 
bool value (only 'y' and 'n' are allowed). Value is treated as 'n'.
NOTE: 
/Users/mac/ia-hardware/xiaozhi-esp32/managed_components/espressif__esp-sr/Kconfi
g.projbuild:231: SR_WN_WN9_HAIXIAOWU_TTS: 'default False' is not a valid bool 
value (only 'y' and 'n' are allowed). Value is treated as 'n'.
NOTE: 
/Users/mac/ia-hardware/xiaozhi-esp32/managed_components/espressif__esp-sr/Kconfi
g.projbuild:235: SR_WN_WN9_XIAOYAXIAOYA_TTS2: 'default False' is not a valid 
bool value (only 'y' and 'n' are allowed). Value is treated as 'n'.
NOTE: 
/Users/mac/ia-hardware/xiaozhi-esp32/managed_components/espressif__esp-sr/Kconfi
g.projbuild:239: SR_WN_WN9_LINAIBAN_TTS2: 'default False' is not a valid bool 
value (only 'y' and 'n' are allowed). Value is treated as 'n'.
NOTE: 
/Users/mac/ia-hardware/xiaozhi-esp32/managed_components/espressif__esp-sr/Kconfi
g.projbuild:243: SR_WN_WN9_XIAOSUROU_TTS2: 'default False' is not a valid bool 
value (only 'y' and 'n' are allowed). Value is treated as 'n'.
NOTE: 
/Users/mac/ia-hardware/xiaozhi-esp32/managed_components/espressif__esp-sr/Kconfi
g.projbuild:247: SR_WN_WN9_XIAOYUTONGXUE_TTS2: 'default False' is not a valid 
bool value (only 'y' and 'n' are allowed). Value is treated as 'n'.
NOTE: 
/Users/mac/ia-hardware/xiaozhi-esp32/managed_components/espressif__esp-sr/Kconfi
g.projbuild:251: SR_WN_WN9_XIAOMINGTONGXUE_TTS2: 'default False' is not a valid 
bool value (only 'y' and 'n' are allowed). Value is treated as 'n'.
NOTE: 
/Users/mac/ia-hardware/xiaozhi-esp32/managed_components/espressif__esp-sr/Kconfi
g.projbuild:255: SR_WN_WN9_XIAOKANGTONGXUE_TTS2: 'default False' is not a valid 
bool value (only 'y' and 'n' are allowed). Value is treated as 'n'.
NOTE: 
/Users/mac/ia-hardware/xiaozhi-esp32/managed_components/espressif__esp-sr/Kconfi
g.projbuild:259: SR_WN_WN9_XIAOJIANXIAOJIAN_TTS2: 'default False' is not a valid
bool value (only 'y' and 'n' are allowed). Value is treated as 'n'.
NOTE: 
/Users/mac/ia-hardware/xiaozhi-esp32/managed_components/espressif__esp-sr/Kconfi
g.projbuild:263: SR_WN_WN9_XIAOTEXIAOTE_TTS2: 'default False' is not a valid 
bool value (only 'y' and 'n' are allowed). Value is treated as 'n'.
NOTE: 
/Users/mac/ia-hardware/xiaozhi-esp32/managed_components/espressif__esp-sr/Kconfi
g.projbuild:267: SR_WN_WN9_NIHAOXIAOYI_TTS2: 'default False' is not a valid bool
value (only 'y' and 'n' are allowed). Value is treated as 'n'.
NOTE: 
/Users/mac/ia-hardware/xiaozhi-esp32/managed_components/espressif__esp-sr/Kconfi
g.projbuild:271: SR_WN_WN9_NIHAOBAIYING_TTS2: 'default False' is not a valid 
bool value (only 'y' and 'n' are allowed). Value is treated as 'n'.
NOTE: 
/Users/mac/ia-hardware/xiaozhi-esp32/managed_components/espressif__esp-sr/Kconfi
g.projbuild:275: SR_WN_WN9_NIHAODONGDONG_TTS2: 'default False' is not a valid 
bool value (only 'y' and 'n' are allowed). Value is treated as 'n'.
NOTE: 
/Users/mac/ia-hardware/xiaozhi-esp32/managed_components/espressif__esp-sr/Kconfi
g.projbuild:279: SR_WN_WN9_HIWALLE_TTS2: 'default False' is not a valid bool 
value (only 'y' and 'n' are allowed). Value is treated as 'n'.
NOTE: 
/Users/mac/ia-hardware/xiaozhi-esp32/managed_components/espressif__esp-sr/Kconfi
g.projbuild:283: SR_WN_WN9_XIAOLUXIAOLU_TTS2: 'default False' is not a valid 
bool value (only 'y' and 'n' are allowed). Value is treated as 'n'.
NOTE: 
/Users/mac/ia-hardware/xiaozhi-esp32/managed_components/espressif__esp-sr/Kconfi
g.projbuild:287: SR_WN_WN9_NIHAOXIAOAN_TTS2: 'default False' is not a valid bool
value (only 'y' and 'n' are allowed). Value is treated as 'n'.
NOTE: 
/Users/mac/ia-hardware/xiaozhi-esp32/managed_components/espressif__esp-sr/Kconfi
g.projbuild:291: SR_WN_WN9_NI3HAO3XIAO3MAI4_TTS2: 'default False' is not a valid
bool value (only 'y' and 'n' are allowed). Value is treated as 'n'.
NOTE: 
/Users/mac/ia-hardware/xiaozhi-esp32/managed_components/espressif__esp-sr/Kconfi
g.projbuild:295: SR_WN_WN9_NI3HAO3XIAO3RUI4_TTS3: 'default False' is not a valid
bool value (only 'y' and 'n' are allowed). Value is treated as 'n'.
NOTE: 
/Users/mac/ia-hardware/xiaozhi-esp32/managed_components/espressif__esp-sr/Kconfi
g.projbuild:299: SR_WN_WN9_HAI1XIAO3OU1_TTS3: 'default False' is not a valid 
bool value (only 'y' and 'n' are allowed). Value is treated as 'n'.
NOTE: 
/Users/mac/ia-hardware/xiaozhi-esp32/managed_components/espressif__esp-sr/Kconfi
g.projbuild:303: SR_WN_WN9_XIAO3JIA1XIAO3JIA1_TTS3: 'default False' is not a 
valid bool value (only 'y' and 'n' are allowed). Value is treated as 'n'.
NOTE: 
/Users/mac/ia-hardware/xiaozhi-esp32/managed_components/espressif__esp-sr/Kconfi
g.projbuild:307: SR_WN_WN9_XIAO3FENG1XIAO3FENG1_TTS3: 'default False' is not a 
valid bool value (only 'y' and 'n' are allowed). Value is treated as 'n'.
NOTE: 
/Users/mac/ia-hardware/xiaozhi-esp32/managed_components/espressif__esp-sr/Kconfi
g.projbuild:311: SR_WN_WN9_HAI1XIAO3XIANG4_TTS3: 'default False' is not a valid 
bool value (only 'y' and 'n' are allowed). Value is treated as 'n'.
NOTE: 
/Users/mac/ia-hardware/xiaozhi-esp32/managed_components/espressif__esp-sr/Kconfi
g.projbuild:315: SR_WN_WN9L_NI3HAO3XING1BAO3_TTS3: 'default False' is not a 
valid bool value (only 'y' and 'n' are allowed). Value is treated as 'n'.
NOTE: /Users/mac/esp/esp-idf/components/bt/host/nimble/Kconfig.in:1421: 
BT_NIMBLE_MESH_PROVISIONER: 'default 0' is not a valid bool value (only 'y' and 
'n' are allowed). Value is treated as 'n'.
NOTE: /Users/mac/esp/esp-idf/components/fatfs/Kconfig:230: FATFS_PRINT_LLI: 
'default 0' is not a valid bool value (only 'y' and 'n' are allowed). Value is 
treated as 'n'.
NOTE: /Users/mac/esp/esp-idf/components/fatfs/Kconfig:235: FATFS_PRINT_FLOAT: 
'default 0' is not a valid bool value (only 'y' and 'n' are allowed). Value is 
treated as 'n'.
NOTE: /Users/mac/ia-hardware/xiaozhi-esp32/main/Kconfig.projbuild:775: Trying to
set symbol USE_DEFAULT_MESSAGE_STYLE to n, but it is currently selected by 
choice DISPLAY_STYLE. For setting it to n, set another choice symbol to y 
instead.
[2182/2186] Building C object CMakeFiles/xiaozhi.elf.dir/project_elf_src_esp32s3.c.obj
[2183/2186] Linking CXX executable xiaozhi.elf
[2184/2186] Generating binary image from built executable
esptool v5.3.1
Creating ESP32-S3 image...
Merged 4 ELF sections.
Successfully created ESP32-S3 image.
Generated /Users/mac/ia-hardware/xiaozhi-esp32/build/xiaozhi.bin
[2185/2186] cd /Users/mac/ia-hardware/xiaozhi-esp32/build && /Users/mac/.espressif/python_env/idf6.0_py3.12_env/bin/python /Users/mac/esp/esp-idf/components/partition_table/check_sizes.py --offset 0x8000 partition --type app /Users/mac/ia-hardware/xiaozhi-esp32/build/partition_table/partition-table.bin /Users/mac/ia-hardware/xiaozhi-esp32/build/xiaozhi.bin
xiaozhi.bin binary size 0x2ba180 bytes. Smallest app partition is 0x3f0000 bytes. 0x135e80 bytes (31%) free.

Project build complete. To flash, run:
 idf.py flash
or
 idf.py -p PORT flash
or
 python -m esptool --chip esp32s3 -b 460800 --before default-reset --after hard-reset write-flash --flash-mode dio --flash-size 16MB --flash-freq 80m 0x0 build/bootloader/bootloader.bin 0x8000 build/partition_table/partition-table.bin 0xd000 build/ota_data_initial.bin 0x20000 build/xiaozhi.bin 0x800000 build/generated_assets.bin
or from the "/Users/mac/ia-hardware/xiaozhi-esp32/build" directory
 python -m esptool --chip esp32s3 -b 460800 --before default-reset --after hard-reset write-flash "@flash_args"
